{
"type": "FeatureCollection",
"name": "kathmandu_road",
"crs": { "type": "name", "properties": { "name": "urn:ogc:def:crs:OGC:1.3:CRS84" } },
"features": [
{ "type": "Feature", "properties": { "id": "way/696986540", "name": "कान्ति पथ", "name_en": "Kanti Path", "name_ne": "कान्ति पथ", "highway": "primary", "surface": "asphalt", "smoothness": null, "width": "14", "lanes": null, "oneway": "yes", "bridge": null, "layer": null, "source": null, "adm0_pcode": "NPL", "adm0_name": "Nepal", "adm1_pcode": "NP03", "adm1_name": "Bagmati", "adm2_pcode": "NP0327", "adm2_name": "Kathmandu", "adm3_pcode": "NP0327101", "adm3_name": "Kathmandu", "adm4_pcode": null, "adm4_name": null, "name_latin": "Kanti Path", "path": "C:\\Users\\neetu\\Documents\\orimery road.geojson" }, "geometry": { "type": "MultiLineString", "coordinates": [ [ [ 85.3134609, 27.7001447 ], [ 85.3135033, 27.7005417 ] ] ] } },
{ "type": "Feature", "properties": { "id": "way/696479421", "name": null, "name_en": null, "name_ne": null, "highway": "primary_link", "surface": "asphalt", "smoothness": null, "width": "7", "lanes": null, "oneway": "yes", "bridge": null, "layer": null, "source": null, "adm0_pcode": "NPL", "adm0_name": "Nepal", "adm1_pcode": "NP03", "adm1_name": "Bagmati", "adm2_pcode": "NP0327", "adm2_name": "Kathmandu", "adm3_pcode": "NP0327101", "adm3_name": "Kathmandu", "adm4_pcode": null, "adm4_name": null, "name_latin": null, "path": "C:\\Users\\neetu\\Documents\\orimery road.geojson" }, "geometry": { "type": "MultiLineString", "coordinates": [ [ [ 85.3134057, 27.6996864 ], [ 85.3133681, 27.6997732 ], [ 85.3133246, 27.6998364 ], [ 85.3132696, 27.699892 ], [ 85.3131819, 27.6999746 ] ] ] } },
{ "type": "Feature", "properties": { "id": "way/32132326", "name": "Kanti Lokhpath", "name_en": null, "name_ne": null, "highway": "primary", "surface": null, "smoothness": null, "width": null, "lanes": null, "oneway": null, "bridge": null, "layer": null, "source": null, "adm0_pcode": "NPL", "adm0_name": "Nepal", "adm1_pcode": "NP03", "adm1_name": "Bagmati", "adm2_pcode": "NP0325", "adm2_name": "Lalitpur", "adm3_pcode": "NP0325301", "adm3_name": "Godawari", "adm4_pcode": null, "adm4_name": null, "name_latin": "Kanti Lokhpath", "path": "C:\\Users\\neetu\\Documents\\orimery road.geojson" }, "geometry": { "type": "MultiLineString", "coordinates": [ [ [ 85.3114497, 27.5741384 ], [ 85.3111686, 27.5739022 ], [ 85.3111297, 27.5738586 ], [ 85.3111282, 27.5738103 ], [ 85.3111888, 27.5737414 ], [ 85.3112599, 27.5737081 ], [ 85.3113194, 27.5736798 ], [ 85.3114018, 27.5736646 ], [ 85.3114733, 27.5736452 ], [ 85.3115177, 27.5736269 ], [ 85.3115505, 27.5735986 ], [ 85.3115659, 27.5735631 ], [ 85.3115581, 27.5735028 ], [ 85.3115197, 27.5734405 ], [ 85.3113874, 27.5732963 ], [ 85.3113571, 27.5732395 ], [ 85.3112671, 27.5730709 ], [ 85.3112252, 27.5727344 ], [ 85.3111513, 27.5724034 ] ] ] } },
{ "type": "Feature", "properties": { "id": "way/224842284", "name": "Kanti Lokhpath", "name_en": null, "name_ne": "कान्ति लोकपथ", "highway": "primary", "surface": "asphalt", "smoothness": null, "width": "3", "lanes": null, "oneway": "no", "bridge": null, "layer": null, "source": null, "adm0_pcode": "NPL", "adm0_name": "Nepal", "adm1_pcode": "NP03", "adm1_name": "Bagmati", "adm2_pcode": "NP0325", "adm2_name": "Lalitpur", "adm3_pcode": "NP0325301", "adm3_name": "Godawari", "adm4_pcode": null, "adm4_name": null, "name_latin": "Kanti Lokhpath", "path": "C:\\Users\\neetu\\Documents\\orimery road.geojson" }, "geometry": { "type": "MultiLineString", "coordinates": [ [ [ 85.3239505, 27.6039929 ], [ 85.323898, 27.6044611 ], [ 85.3239147, 27.6046801 ], [ 85.3240664, 27.60507 ], [ 85.3241551, 27.6053251 ], [ 85.3241853, 27.6054063 ], [ 85.3242522, 27.6055309 ], [ 85.3243163, 27.6056351 ], [ 85.3243469, 27.605689 ], [ 85.3243972, 27.6057672 ], [ 85.3244516, 27.6058124 ], [ 85.3245047, 27.6058869 ], [ 85.3245843, 27.6061585 ], [ 85.3246973, 27.6064083 ], [ 85.324799, 27.6065523 ], [ 85.3248078, 27.6065766 ], [ 85.3247992, 27.6065994 ], [ 85.3245617, 27.6067269 ], [ 85.3241878, 27.6068524 ], [ 85.3241535, 27.6068758 ], [ 85.3241201, 27.60692 ], [ 85.3241132, 27.6070128 ], [ 85.324122, 27.6073309 ], [ 85.3240857, 27.6074042 ], [ 85.3240178, 27.6074468 ], [ 85.3233484, 27.6074892 ], [ 85.3229834, 27.607559 ], [ 85.3226306, 27.6076609 ], [ 85.321929, 27.6079507 ], [ 85.3218337, 27.607983 ], [ 85.3217537, 27.6080196 ], [ 85.3216375, 27.6081034 ], [ 85.3215621, 27.6081494 ], [ 85.321463, 27.6084489 ], [ 85.3214046, 27.6086567 ], [ 85.3212425, 27.6091243 ], [ 85.3208789, 27.6098788 ], [ 85.3208299, 27.6100399 ], [ 85.3208141, 27.6100775 ], [ 85.3207019, 27.6105995 ], [ 85.3205181, 27.6113337 ], [ 85.3205136, 27.6113517 ], [ 85.3205062, 27.6113812 ], [ 85.3204613, 27.6115184 ], [ 85.3203598, 27.611789 ], [ 85.3203457, 27.6118265 ], [ 85.3202094, 27.6120986 ], [ 85.320143, 27.6122148 ], [ 85.3198522, 27.6127708 ], [ 85.3198245, 27.6128234 ], [ 85.3194962, 27.6134499 ], [ 85.3194662, 27.6135171 ], [ 85.3193737, 27.6138184 ], [ 85.3193182, 27.614096 ], [ 85.3193098, 27.6141525 ], [ 85.3192603, 27.614487 ], [ 85.3192071, 27.6152235 ], [ 85.3192025, 27.6152878 ], [ 85.3191864, 27.6154422 ], [ 85.3191673, 27.6158963 ], [ 85.31916, 27.6159611 ], [ 85.3191612, 27.6160895 ], [ 85.3191861, 27.6162048 ], [ 85.3192048, 27.6162916 ], [ 85.3192561, 27.6164493 ], [ 85.319294, 27.6165656 ], [ 85.3193376, 27.616639 ], [ 85.3193968, 27.6167177 ], [ 85.3195052, 27.6168571 ], [ 85.3196026, 27.6169645 ], [ 85.3196544, 27.6170311 ], [ 85.3196674, 27.6171117 ], [ 85.3196586, 27.6171936 ], [ 85.3196427, 27.617277 ], [ 85.3195197, 27.6177445 ], [ 85.3194424, 27.6180273 ], [ 85.319361, 27.6183626 ], [ 85.3193182, 27.6186173 ], [ 85.3192784, 27.6188541 ], [ 85.3192658, 27.6189895 ], [ 85.3192591, 27.6190612 ], [ 85.3192858, 27.6194308 ], [ 85.3192924, 27.6196494 ], [ 85.3192612, 27.6197585 ], [ 85.3191621, 27.6200954 ], [ 85.3191547, 27.6201197 ], [ 85.3191046, 27.6202915 ], [ 85.3191009, 27.6203887 ], [ 85.3190984, 27.6204981 ], [ 85.3191059, 27.62057 ], [ 85.3191608, 27.6208481 ], [ 85.3191712, 27.6209228 ], [ 85.3191737, 27.6211041 ], [ 85.3191478, 27.6214536 ], [ 85.3190998, 27.6217381 ], [ 85.3191209, 27.6219862 ], [ 85.3191477, 27.6222832 ], [ 85.3191393, 27.6224273 ], [ 85.3191039, 27.6226337 ], [ 85.3190143, 27.6228384 ], [ 85.319024, 27.623007 ], [ 85.3190638, 27.6232072 ], [ 85.3191673, 27.6236247 ], [ 85.3192463, 27.6241026 ], [ 85.3192635, 27.624277 ], [ 85.3192728, 27.6247429 ], [ 85.3192732, 27.6248833 ], [ 85.319262, 27.6250338 ], [ 85.3192512, 27.6251036 ], [ 85.3192033, 27.6252183 ], [ 85.3191183, 27.6253415 ], [ 85.3190815, 27.6253929 ], [ 85.3190341, 27.6254589 ], [ 85.3189366, 27.6255518 ], [ 85.3188927, 27.625592 ], [ 85.318746, 27.6257178 ], [ 85.3186628, 27.6258438 ], [ 85.3186065, 27.6259341 ], [ 85.3185984, 27.62606 ], [ 85.318585, 27.6263167 ], [ 85.3185689, 27.6265496 ], [ 85.3185015, 27.6271877 ], [ 85.3184646, 27.6274334 ], [ 85.3183892, 27.6277615 ], [ 85.3183115, 27.6282677 ], [ 85.3182873, 27.6284388 ], [ 85.3182524, 27.6285932 ], [ 85.3182363, 27.6288737 ], [ 85.3182229, 27.6290257 ], [ 85.318252, 27.6292547 ], [ 85.3182499, 27.6292972 ], [ 85.3182699, 27.629404 ], [ 85.3182892, 27.629573 ], [ 85.3182945, 27.6296311 ], [ 85.3182863, 27.629732 ], [ 85.3182681, 27.6298451 ], [ 85.3182615, 27.6299277 ], [ 85.3182257, 27.6300529 ], [ 85.3181178, 27.6302558 ], [ 85.3180459, 27.6303755 ], [ 85.3179789, 27.6304801 ], [ 85.317863, 27.630743 ], [ 85.3177796, 27.6309491 ], [ 85.3177146, 27.6311019 ], [ 85.3175495, 27.6314287 ], [ 85.3175405, 27.6314656 ], [ 85.3175646, 27.6315878 ], [ 85.3176014, 27.6317415 ], [ 85.3177049, 27.6320538 ], [ 85.3178145, 27.6324474 ], [ 85.3179022, 27.6327832 ], [ 85.3179963, 27.6330707 ], [ 85.318014, 27.6331235 ], [ 85.3183439, 27.6338307 ], [ 85.318433, 27.6340375 ], [ 85.3185314, 27.6343082 ], [ 85.3186427, 27.6346552 ], [ 85.3186843, 27.634856 ], [ 85.3187278, 27.635091 ], [ 85.3187138, 27.6351625 ], [ 85.3184536, 27.6364362 ], [ 85.3184182, 27.6366859 ], [ 85.3184127, 27.6367242 ], [ 85.3183061, 27.6370765 ], [ 85.3182699, 27.637266 ], [ 85.3182055, 27.6375078 ], [ 85.3181827, 27.6377145 ], [ 85.3181733, 27.6381601 ], [ 85.3181814, 27.6382765 ], [ 85.318176, 27.6385034 ], [ 85.3181746, 27.6387187 ], [ 85.318192, 27.6389466 ], [ 85.3181787, 27.6391533 ], [ 85.3181706, 27.6392531 ], [ 85.3181618, 27.63935 ], [ 85.3181228, 27.6394979 ], [ 85.3181328, 27.6396303 ], [ 85.3181624, 27.6397953 ], [ 85.3182157, 27.6399108 ], [ 85.318324, 27.6400263 ], [ 85.3184176, 27.640122 ], [ 85.3184352, 27.6401494 ], [ 85.3184697, 27.6405221 ], [ 85.3184694, 27.6407279 ], [ 85.3184824, 27.6408357 ], [ 85.3185065, 27.6409674 ], [ 85.3185452, 27.6411122 ], [ 85.3186817, 27.6415758 ], [ 85.3186964, 27.6416672 ], [ 85.3188694, 27.6421899 ], [ 85.318931, 27.6423359 ], [ 85.3189646, 27.6424513 ], [ 85.3189364, 27.6425915 ], [ 85.3189387, 27.6427126 ], [ 85.3189444, 27.6429289 ], [ 85.3189947, 27.6433088 ], [ 85.3190893, 27.6436726 ], [ 85.3191115, 27.6438117 ], [ 85.3191308, 27.643933 ], [ 85.3191826, 27.6441947 ], [ 85.3192532, 27.6445514 ], [ 85.3192791, 27.6446527 ], [ 85.319456, 27.6453444 ], [ 85.3194962, 27.6454756 ], [ 85.3195178, 27.6455463 ], [ 85.3195423, 27.6455961 ], [ 85.3196563, 27.645949 ], [ 85.3198431, 27.6466281 ], [ 85.319905, 27.6468976 ], [ 85.3199269, 27.6472155 ], [ 85.3199387, 27.6474598 ], [ 85.319811, 27.6480404 ], [ 85.3198279, 27.6481873 ], [ 85.31989, 27.6483231 ], [ 85.3201429, 27.6486531 ], [ 85.3203338, 27.6489113 ], [ 85.3203985, 27.6490121 ], [ 85.3206387, 27.6494115 ], [ 85.3207409, 27.6495901 ], [ 85.3207973, 27.6496802 ], [ 85.3208513, 27.6497837 ], [ 85.3209881, 27.650045 ], [ 85.3210142, 27.6500949 ], [ 85.3212414, 27.6503651 ], [ 85.3213671, 27.6504953 ], [ 85.3214975, 27.6507725 ], [ 85.3216373, 27.6511059 ], [ 85.3217034, 27.6512944 ], [ 85.3216971, 27.651392 ], [ 85.3216915, 27.6515716 ], [ 85.3214576, 27.6519465 ], [ 85.3213998, 27.6521089 ], [ 85.3213964, 27.6522673 ], [ 85.3213958, 27.6524093 ], [ 85.321392, 27.6533502 ], [ 85.3214648, 27.653594 ], [ 85.3216332, 27.6539688 ], [ 85.3217942, 27.654446 ], [ 85.3218179, 27.65465 ] ] ] } },
{ "type": "Feature", "properties": { "id": "way/1199351810", "name": "पुताली सादक", "name_en": "Putali Sadak", "name_ne": "पुतली सडक", "highway": "primary", "surface": "asphalt", "smoothness": null, "width": "6", "lanes": "2", "oneway": "yes", "bridge": null, "layer": null, "source": null, "adm0_pcode": "NPL", "adm0_name": "Nepal", "adm1_pcode": "NP03", "adm1_name": "Bagmati", "adm2_pcode": "NP0327", "adm2_name": "Kathmandu", "adm3_pcode": "NP0327101", "adm3_name": "Kathmandu", "adm4_pcode": null, "adm4_name": null, "name_latin": "Putali Sadak", "path": "C:\\Users\\neetu\\Documents\\orimery road.geojson" }, "geometry": { "type": "MultiLineString", "coordinates": [ [ [ 85.322224, 27.7016164 ], [ 85.3222774, 27.7019324 ], [ 85.3223013, 27.7020678 ], [ 85.3223255, 27.7022125 ], [ 85.322333, 27.7022679 ], [ 85.3223589, 27.7024755 ], [ 85.3223828, 27.7026606 ], [ 85.3224136, 27.7028636 ], [ 85.3224431, 27.7030583 ], [ 85.3224504, 27.7031038 ] ] ] } },
{ "type": "Feature", "properties": { "id": "way/422272360", "name": "Kanti Path", "name_en": null, "name_ne": null, "highway": "primary", "surface": "asphalt", "smoothness": null, "width": "8", "lanes": null, "oneway": "yes", "bridge": null, "layer": null, "source": null, "adm0_pcode": "NPL", "adm0_name": "Nepal", "adm1_pcode": "NP03", "adm1_name": "Bagmati", "adm2_pcode": "NP0327", "adm2_name": "Kathmandu", "adm3_pcode": "NP0327101", "adm3_name": "Kathmandu", "adm4_pcode": null, "adm4_name": null, "name_latin": "Kanti Path", "path": "C:\\Users\\neetu\\Documents\\orimery road.geojson" }, "geometry": { "type": "MultiLineString", "coordinates": [ [ [ 85.3133919, 27.6994158 ], [ 85.3134089, 27.6996561 ], [ 85.3134084, 27.6996678 ], [ 85.3134057, 27.6996864 ], [ 85.31343, 27.6999294 ] ] ] } },
{ "type": "Feature", "properties": { "id": "way/649415190", "name": null, "name_en": null, "name_ne": null, "highway": "primary", "surface": null, "smoothness": null, "width": "7", "lanes": "2", "oneway": "yes", "bridge": null, "layer": null, "source": null, "adm0_pcode": "NPL", "adm0_name": "Nepal", "adm1_pcode": "NP03", "adm1_name": "Bagmati", "adm2_pcode": "NP0327", "adm2_name": "Kathmandu", "adm3_pcode": "NP0327101", "adm3_name": "Kathmandu", "adm4_pcode": null, "adm4_name": null, "name_latin": null, "path": "C:\\Users\\neetu\\Documents\\orimery road.geojson" }, "geometry": { "type": "MultiLineString", "coordinates": [ [ [ 85.3002789, 27.6846562 ], [ 85.3011457, 27.6845558 ], [ 85.3013341, 27.6845325 ], [ 85.3014824, 27.6845022 ], [ 85.3016108, 27.6844676 ], [ 85.3017392, 27.684417 ], [ 85.3017894, 27.6843921 ], [ 85.301875, 27.6843497 ], [ 85.301988, 27.6842803 ], [ 85.3021267, 27.6841781 ], [ 85.3022273, 27.6840741 ], [ 85.3023268, 27.6839383 ], [ 85.3023978, 27.6838076 ], [ 85.3024441, 27.6837144 ], [ 85.3024809, 27.6836022 ], [ 85.3024946, 27.6835232 ], [ 85.3025078, 27.6833956 ], [ 85.3024972, 27.6830492 ], [ 85.3024717, 27.6825597 ], [ 85.3024699, 27.6825215 ], [ 85.3024623, 27.6823634 ], [ 85.3024543, 27.6820276 ], [ 85.302438, 27.6817862 ], [ 85.302418, 27.6813815 ], [ 85.3024346, 27.6810174 ] ] ] } },
{ "type": "Feature", "properties": { "id": "way/126550520", "name": null, "name_en": null, "name_ne": null, "highway": "primary", "surface": null, "smoothness": null, "width": "7", "lanes": null, "oneway": null, "bridge": null, "layer": null, "source": null, "adm0_pcode": "NPL", "adm0_name": "Nepal", "adm1_pcode": "NP03", "adm1_name": "Bagmati", "adm2_pcode": "NP0326", "adm2_name": "Bhaktapur", "adm3_pcode": "NP0326302", "adm3_name": "Changunarayan", "adm4_pcode": null, "adm4_name": null, "name_latin": null, "path": "C:\\Users\\neetu\\Documents\\orimery road.geojson" }, "geometry": { "type": "MultiLineString", "coordinates": [ [ [ 85.4375728, 27.6696874 ], [ 85.4376057, 27.6698247 ], [ 85.4377922, 27.6705205 ], [ 85.4378986, 27.6709104 ], [ 85.4379735, 27.6711951 ], [ 85.4380305, 27.6714065 ], [ 85.4380859, 27.6716376 ], [ 85.4381711, 27.6719417 ], [ 85.438229, 27.6721706 ], [ 85.4382856, 27.6723993 ], [ 85.4383129, 27.6726085 ], [ 85.4383236, 27.6728821 ], [ 85.4383276, 27.6731426 ], [ 85.4383363, 27.6734343 ] ] ] } },
{ "type": "Feature", "properties": { "id": "way/169442474", "name": "Jamal Sadak", "name_en": null, "name_ne": null, "highway": "primary_link", "surface": "asphalt", "smoothness": null, "width": "7", "lanes": "2", "oneway": "yes", "bridge": null, "layer": null, "source": null, "adm0_pcode": "NPL", "adm0_name": "Nepal", "adm1_pcode": "NP03", "adm1_name": "Bagmati", "adm2_pcode": "NP0327", "adm2_name": "Kathmandu", "adm3_pcode": "NP0327101", "adm3_name": "Kathmandu", "adm4_pcode": null, "adm4_name": null, "name_latin": "Jamal Sadak", "path": "C:\\Users\\neetu\\Documents\\orimery road.geojson" }, "geometry": { "type": "MultiLineString", "coordinates": [ [ [ 85.3167188, 27.7092633 ], [ 85.3167915, 27.7092659 ], [ 85.3168653, 27.7092612 ], [ 85.3169297, 27.7092472 ], [ 85.3169802, 27.7092181 ], [ 85.3170171, 27.7091836 ], [ 85.3170407, 27.7091433 ], [ 85.3170481, 27.7090929 ], [ 85.3170477, 27.7089737 ] ] ] } },
{ "type": "Feature", "properties": { "id": "way/96907254", "name": null, "name_en": null, "name_ne": null, "highway": "primary", "surface": null, "smoothness": null, "width": "7", "lanes": "2", "oneway": "yes", "bridge": null, "layer": null, "source": null, "adm0_pcode": "NPL", "adm0_name": "Nepal", "adm1_pcode": "NP03", "adm1_name": "Bagmati", "adm2_pcode": "NP0327", "adm2_name": "Kathmandu", "adm3_pcode": "NP0327101", "adm3_name": "Kathmandu", "adm4_pcode": null, "adm4_name": null, "name_latin": null, "path": "C:\\Users\\neetu\\Documents\\orimery road.geojson" }, "geometry": { "type": "MultiLineString", "coordinates": [ [ [ 85.3021303, 27.6812573 ], [ 85.302158, 27.6815298 ], [ 85.3021832, 27.6818491 ], [ 85.3021897, 27.6819526 ], [ 85.3022177, 27.6825331 ], [ 85.30222, 27.6825803 ], [ 85.3022197, 27.6828722 ], [ 85.3022322, 27.6830681 ], [ 85.3022331, 27.6832864 ], [ 85.3022158, 27.683467 ], [ 85.3021813, 27.6836129 ], [ 85.3021354, 27.6837268 ], [ 85.3020967, 27.6837948 ], [ 85.3020444, 27.6838783 ], [ 85.3019456, 27.6839874 ], [ 85.3018288, 27.6840703 ], [ 85.3016933, 27.6841511 ], [ 85.3016522, 27.6841682 ], [ 85.3015728, 27.6842011 ], [ 85.301385, 27.6842712 ], [ 85.3012407, 27.6843064 ], [ 85.3010844, 27.6843316 ], [ 85.3004269, 27.6844125 ] ] ] } },
{ "type": "Feature", "properties": { "id": "way/58423999", "name": null, "name_en": null, "name_ne": null, "highway": "primary", "surface": "asphalt", "smoothness": null, "width": "9", "lanes": null, "oneway": "yes", "bridge": null, "layer": null, "source": null, "adm0_pcode": "NPL", "adm0_name": "Nepal", "adm1_pcode": "NP03", "adm1_name": "Bagmati", "adm2_pcode": "NP0327", "adm2_name": "Kathmandu", "adm3_pcode": "NP0327101", "adm3_name": "Kathmandu", "adm4_pcode": null, "adm4_name": null, "name_latin": null, "path": "C:\\Users\\neetu\\Documents\\orimery road.geojson" }, "geometry": { "type": "MultiLineString", "coordinates": [ [ [ 85.3166044, 27.6999545 ], [ 85.3166089, 27.6998989 ], [ 85.3166346, 27.6998418 ], [ 85.3166841, 27.6997725 ], [ 85.3167387, 27.6997181 ], [ 85.3170199, 27.699567 ], [ 85.3174905, 27.6993367 ], [ 85.3176397, 27.6992806 ], [ 85.3176708, 27.6992666 ], [ 85.3177219, 27.6992568 ], [ 85.3181404, 27.699177 ] ] ] } },
{ "type": "Feature", "properties": { "id": "way/168812459", "name": "Samblaze road", "name_en": null, "name_ne": null, "highway": "primary", "surface": "paved", "smoothness": null, "width": "9", "lanes": null, "oneway": "yes", "bridge": null, "layer": null, "source": null, "adm0_pcode": "NPL", "adm0_name": "Nepal", "adm1_pcode": "NP03", "adm1_name": "Bagmati", "adm2_pcode": "NP0327", "adm2_name": "Kathmandu", "adm3_pcode": "NP0327101", "adm3_name": "Kathmandu", "adm4_pcode": null, "adm4_name": null, "name_latin": "Samblaze road", "path": "C:\\Users\\neetu\\Documents\\orimery road.geojson" }, "geometry": { "type": "MultiLineString", "coordinates": [ [ [ 85.3170199, 27.699567 ], [ 85.3171395, 27.6994737 ], [ 85.3171937, 27.6993951 ], [ 85.3172197, 27.6993208 ], [ 85.3172188, 27.6992304 ], [ 85.317196, 27.6991456 ], [ 85.3171559, 27.6990981 ], [ 85.3170568, 27.6990422 ] ] ] } },
{ "type": "Feature", "properties": { "id": "way/126550519", "name": null, "name_en": null, "name_ne": null, "highway": "primary", "surface": null, "smoothness": null, "width": null, "lanes": null, "oneway": null, "bridge": "yes", "layer": "1", "source": null, "adm0_pcode": "NPL", "adm0_name": "Nepal", "adm1_pcode": "NP03", "adm1_name": "Bagmati", "adm2_pcode": "NP0326", "adm2_name": "Bhaktapur", "adm3_pcode": "NP0326302", "adm3_name": "Changunarayan", "adm4_pcode": null, "adm4_name": null, "name_latin": null, "path": "C:\\Users\\neetu\\Documents\\orimery road.geojson" }, "geometry": { "type": "MultiLineString", "coordinates": [ [ [ 85.4375306, 27.6695396 ], [ 85.4375728, 27.6696874 ] ] ] } },
{ "type": "Feature", "properties": { "id": "way/340975855", "name": "Kanti Lokhpath", "name_en": null, "name_ne": null, "highway": "primary", "surface": null, "smoothness": null, "width": null, "lanes": null, "oneway": null, "bridge": null, "layer": null, "source": null, "adm0_pcode": "NPL", "adm0_name": "Nepal", "adm1_pcode": "NP03", "adm1_name": "Bagmati", "adm2_pcode": "NP0325", "adm2_name": "Lalitpur", "adm3_pcode": "NP0325301", "adm3_name": "Godawari", "adm4_pcode": null, "adm4_name": null, "name_latin": "Kanti Lokhpath", "path": "C:\\Users\\neetu\\Documents\\orimery road.geojson" }, "geometry": { "type": "MultiLineString", "coordinates": [ [ [ 85.3124489, 27.5755201 ], [ 85.3124247, 27.5754918 ], [ 85.3124059, 27.5754591 ], [ 85.3124052, 27.5753994 ], [ 85.3124133, 27.5753338 ], [ 85.3124281, 27.575299 ], [ 85.312483, 27.5750098 ], [ 85.3124904, 27.5748838 ], [ 85.3124964, 27.5747732 ], [ 85.312479, 27.5746211 ], [ 85.3124649, 27.574561 ], [ 85.3124408, 27.5745171 ], [ 85.3123851, 27.5744867 ], [ 85.3123295, 27.5744677 ], [ 85.3122161, 27.5744469 ], [ 85.3121397, 27.5744294 ], [ 85.3120485, 27.5744011 ], [ 85.3118275, 27.574324 ], [ 85.3116951, 27.5742841 ], [ 85.3116277, 27.5742582 ], [ 85.3115831, 27.5742341 ], [ 85.3114497, 27.5741384 ] ] ] } },
{ "type": "Feature", "properties": { "id": "way/169336489", "name": null, "name_en": null, "name_ne": null, "highway": "primary", "surface": "asphalt", "smoothness": null, "width": "14", "lanes": "2", "oneway": "yes", "bridge": null, "layer": null, "source": null, "adm0_pcode": "NPL", "adm0_name": "Nepal", "adm1_pcode": "NP03", "adm1_name": "Bagmati", "adm2_pcode": "NP0327", "adm2_name": "Kathmandu", "adm3_pcode": "NP0327101", "adm3_name": "Kathmandu", "adm4_pcode": null, "adm4_name": null, "name_latin": null, "path": "C:\\Users\\neetu\\Documents\\orimery road.geojson" }, "geometry": { "type": "MultiLineString", "coordinates": [ [ [ 85.3174747, 27.6991759 ], [ 85.3174449, 27.6991678 ], [ 85.3173702, 27.6991476 ], [ 85.317171, 27.6990806 ], [ 85.3170568, 27.6990422 ], [ 85.3169893, 27.6990194 ], [ 85.3167708, 27.6989459 ], [ 85.3166519, 27.6989238 ], [ 85.31659, 27.6989215 ], [ 85.3165103, 27.698937 ], [ 85.3164705, 27.6989604 ], [ 85.3164379, 27.6989881 ], [ 85.316409, 27.6990221 ], [ 85.3163609, 27.6991156 ], [ 85.3163167, 27.6991938 ], [ 85.3162739, 27.6992676 ], [ 85.3162283, 27.6993207 ], [ 85.3161208, 27.6993586 ] ] ] } },
{ "type": "Feature", "properties": { "id": "way/224841897", "name": "बौद्ध मुख्य सडक", "name_en": "Boudha Main Road", "name_ne": "बौद्ध मुख्य सडक", "highway": "primary", "surface": "asphalt", "smoothness": "good", "width": "7", "lanes": null, "oneway": "yes", "bridge": null, "layer": null, "source": null, "adm0_pcode": "NPL", "adm0_name": "Nepal", "adm1_pcode": "NP03", "adm1_name": "Bagmati", "adm2_pcode": "NP0327", "adm2_name": "Kathmandu", "adm3_pcode": "NP0327303", "adm3_name": "Budhanilkhantha", "adm4_pcode": null, "adm4_name": null, "name_latin": "Boudha Main Road", "path": "C:\\Users\\neetu\\Documents\\orimery road.geojson" }, "geometry": { "type": "MultiLineString", "coordinates": [ [ [ 85.3467356, 27.7172307 ], [ 85.3468113, 27.71722 ], [ 85.3469254, 27.7172233 ] ] ] } },
{ "type": "Feature", "properties": { "id": "way/572293629", "name": "Bhaktapur-Nala-Banepa road", "name_en": null, "name_ne": null, "highway": "primary", "surface": null, "smoothness": null, "width": "6", "lanes": null, "oneway": "no", "bridge": null, "layer": null, "source": null, "adm0_pcode": "NPL", "adm0_name": "Nepal", "adm1_pcode": "NP03", "adm1_name": "Bagmati", "adm2_pcode": "NP0326", "adm2_name": "Bhaktapur", "adm3_pcode": "NP0326302", "adm3_name": "Changunarayan", "adm4_pcode": null, "adm4_name": null, "name_latin": "Bhaktapur-Nala-Banepa road", "path": "C:\\Users\\neetu\\Documents\\orimery road.geojson" }, "geometry": { "type": "MultiLineString", "coordinates": [ [ [ 85.4874558, 27.6639154 ], [ 85.4874046, 27.6638338 ], [ 85.4873697, 27.6637494 ], [ 85.4873684, 27.6637019 ], [ 85.4873858, 27.6636556 ], [ 85.4874127, 27.6636319 ], [ 85.4874529, 27.6636259 ], [ 85.4874958, 27.6636449 ], [ 85.487532, 27.663677 ], [ 85.4876661, 27.6638813 ], [ 85.4877144, 27.6639276 ], [ 85.4878069, 27.6639728 ], [ 85.4879022, 27.6639965 ], [ 85.4879732, 27.6639918 ] ] ] } },
{ "type": "Feature", "properties": { "id": "way/126549736", "name": null, "name_en": null, "name_ne": null, "highway": "primary", "surface": null, "smoothness": null, "width": "7", "lanes": null, "oneway": null, "bridge": null, "layer": null, "source": null, "adm0_pcode": "NPL", "adm0_name": "Nepal", "adm1_pcode": "NP03", "adm1_name": "Bagmati", "adm2_pcode": "NP0326", "adm2_name": "Bhaktapur", "adm3_pcode": "NP0326302", "adm3_name": "Changunarayan", "adm4_pcode": null, "adm4_name": null, "name_latin": null, "path": "C:\\Users\\neetu\\Documents\\orimery road.geojson" }, "geometry": { "type": "MultiLineString", "coordinates": [ [ [ 85.4373752, 27.6689449 ], [ 85.4374624, 27.6692406 ], [ 85.4375306, 27.6695396 ] ] ] } },
{ "type": "Feature", "properties": { "id": "way/4840318", "name": null, "name_en": null, "name_ne": null, "highway": "primary", "surface": "asphalt", "smoothness": null, "width": "7", "lanes": null, "oneway": "yes", "bridge": null, "layer": null, "source": null, "adm0_pcode": "NPL", "adm0_name": "Nepal", "adm1_pcode": "NP03", "adm1_name": "Bagmati", "adm2_pcode": "NP0327", "adm2_name": "Kathmandu", "adm3_pcode": "NP0327303", "adm3_name": "Budhanilkhantha", "adm4_pcode": null, "adm4_name": null, "name_latin": null, "path": "C:\\Users\\neetu\\Documents\\orimery road.geojson" }, "geometry": { "type": "MultiLineString", "coordinates": [ [ [ 85.3469254, 27.7172233 ], [ 85.346755, 27.7170729 ], [ 85.346687, 27.7170277 ], [ 85.3466601, 27.7170242 ] ] ] } },
{ "type": "Feature", "properties": { "id": "way/232099518", "name": "पृथ्वी मार्ग", "name_en": "Prithvi Path", "name_ne": "पृथ्वी मार्ग", "highway": "primary", "surface": "paved", "smoothness": null, "width": "4", "lanes": "2", "oneway": "yes", "bridge": null, "layer": null, "source": null, "adm0_pcode": "NPL", "adm0_name": "Nepal", "adm1_pcode": "NP03", "adm1_name": "Bagmati", "adm2_pcode": "NP0327", "adm2_name": "Kathmandu", "adm3_pcode": "NP0327101", "adm3_name": "Kathmandu", "adm4_pcode": null, "adm4_name": null, "name_latin": "Prithvi Path", "path": "C:\\Users\\neetu\\Documents\\orimery road.geojson" }, "geometry": { "type": "MultiLineString", "coordinates": [ [ [ 85.3181223, 27.6991117 ], [ 85.3178387, 27.6991711 ], [ 85.3176998, 27.6991904 ], [ 85.3176489, 27.6991975 ], [ 85.3176147, 27.6991962 ], [ 85.3175779, 27.6991949 ], [ 85.3174747, 27.6991759 ] ] ] } },
{ "type": "Feature", "properties": { "id": "way/307094089", "name": "Bhaktapur-Nala-Banepa Road", "name_en": null, "name_ne": null, "highway": "primary", "surface": null, "smoothness": null, "width": "6", "lanes": null, "oneway": "no", "bridge": null, "layer": null, "source": null, "adm0_pcode": "NPL", "adm0_name": "Nepal", "adm1_pcode": "NP03", "adm1_name": "Bagmati", "adm2_pcode": "NP0324", "adm2_name": "Kavrepalanchok", "adm3_pcode": "NP0324302", "adm3_name": "Banepa", "adm4_pcode": null, "adm4_name": null, "name_latin": "Bhaktapur-Nala-Banepa Road", "path": "C:\\Users\\neetu\\Documents\\orimery road.geojson" }, "geometry": { "type": "MultiLineString", "coordinates": [ [ [ 85.4879732, 27.6639918 ], [ 85.4880483, 27.6639656 ], [ 85.4881744, 27.663886 ], [ 85.4882884, 27.6638219 ], [ 85.4883836, 27.6637863 ], [ 85.488484, 27.6637833 ], [ 85.4889255, 27.6638517 ], [ 85.4890059, 27.6638659 ], [ 85.489089, 27.6638587 ], [ 85.4891601, 27.6638314 ], [ 85.4892126, 27.6637709 ], [ 85.4894045, 27.6632216 ], [ 85.4894471, 27.6631686 ], [ 85.4895007, 27.6631441 ], [ 85.4895571, 27.6631472 ], [ 85.4896314, 27.6631801 ], [ 85.4897167, 27.6632351 ], [ 85.4897556, 27.6632933 ], [ 85.489777, 27.6633658 ], [ 85.4897676, 27.6634264 ], [ 85.4897314, 27.6635 ], [ 85.4895075, 27.6638195 ], [ 85.4894726, 27.663886 ], [ 85.4894659, 27.6639514 ], [ 85.4894873, 27.6640298 ], [ 85.4895236, 27.6640998 ], [ 85.4895748, 27.6641516 ], [ 85.4896349, 27.6641723 ], [ 85.4897545, 27.6641682 ], [ 85.4903223, 27.6640177 ], [ 85.4904637, 27.6639609 ], [ 85.4906534, 27.6638612 ], [ 85.491676, 27.6632304 ], [ 85.4921293, 27.6629714 ], [ 85.4927811, 27.6626293 ], [ 85.4929769, 27.6624916 ], [ 85.4931968, 27.6623086 ], [ 85.4935321, 27.6619547 ], [ 85.4936206, 27.661828 ], [ 85.493713259134054, 27.661748726615652 ] ] ] } },
{ "type": "Feature", "properties": { "id": "way/196281724", "name": null, "name_en": null, "name_ne": null, "highway": "primary", "surface": "asphalt", "smoothness": null, "width": "7", "lanes": "2", "oneway": "yes", "bridge": null, "layer": null, "source": null, "adm0_pcode": "NPL", "adm0_name": "Nepal", "adm1_pcode": "NP03", "adm1_name": "Bagmati", "adm2_pcode": "NP0327", "adm2_name": "Kathmandu", "adm3_pcode": "NP0327101", "adm3_name": "Kathmandu", "adm4_pcode": null, "adm4_name": null, "name_latin": null, "path": "C:\\Users\\neetu\\Documents\\orimery road.geojson" }, "geometry": { "type": "MultiLineString", "coordinates": [ [ [ 85.3262208, 27.7150756 ], [ 85.3261851, 27.7149957 ], [ 85.3261341, 27.7149399 ], [ 85.3260979, 27.7149055 ], [ 85.3260685, 27.7148629 ], [ 85.3260161, 27.7147345 ], [ 85.325948, 27.7145087 ], [ 85.3259227, 27.7144319 ], [ 85.325885, 27.7143495 ], [ 85.3258296, 27.7142588 ], [ 85.3257593, 27.7141723 ], [ 85.3257153, 27.7141413 ], [ 85.3256345, 27.7141028 ], [ 85.3255955, 27.7140951 ], [ 85.3255232, 27.7140876 ], [ 85.3253991, 27.7140809 ], [ 85.3251779, 27.7141053 ], [ 85.3251068, 27.7141172 ], [ 85.3250646, 27.7141332 ], [ 85.3250398, 27.7141516 ], [ 85.32501, 27.7142037 ] ] ] } },
{ "type": "Feature", "properties": { "id": "way/169336484", "name": "पृथ्वी मार्ग", "name_en": "Prithvi Path", "name_ne": "पृथ्वी मार्ग", "highway": "primary", "surface": "asphalt", "smoothness": null, "width": "9", "lanes": null, "oneway": "yes", "bridge": null, "layer": null, "source": null, "adm0_pcode": "NPL", "adm0_name": "Nepal", "adm1_pcode": "NP03", "adm1_name": "Bagmati", "adm2_pcode": "NP0327", "adm2_name": "Kathmandu", "adm3_pcode": "NP0327101", "adm3_name": "Kathmandu", "adm4_pcode": null, "adm4_name": null, "name_latin": "Prithvi Path", "path": "C:\\Users\\neetu\\Documents\\orimery road.geojson" }, "geometry": { "type": "MultiLineString", "coordinates": [ [ [ 85.3181404, 27.699177 ], [ 85.3197807, 27.6988499 ] ] ] } },
{ "type": "Feature", "properties": { "id": "way/225426573", "name": "पृथ्वी पथ", "name_en": "Prithvi Path", "name_ne": "पृथ्वी पथ", "highway": "primary", "surface": "paved", "smoothness": null, "width": "4", "lanes": "2", "oneway": "yes", "bridge": null, "layer": null, "source": null, "adm0_pcode": "NPL", "adm0_name": "Nepal", "adm1_pcode": "NP03", "adm1_name": "Bagmati", "adm2_pcode": "NP0327", "adm2_name": "Kathmandu", "adm3_pcode": "NP0327101", "adm3_name": "Kathmandu", "adm4_pcode": null, "adm4_name": null, "name_latin": "Prithvi Path", "path": "C:\\Users\\neetu\\Documents\\orimery road.geojson" }, "geometry": { "type": "MultiLineString", "coordinates": [ [ [ 85.3197688, 27.6987845 ], [ 85.3181223, 27.6991117 ] ] ] } },
{ "type": "Feature", "properties": { "id": "way/225426579", "name": "पृथ्वी मार्ग", "name_en": "Prithvi Path", "name_ne": "पृथ्वी मार्ग", "highway": "primary", "surface": "asphalt", "smoothness": null, "width": "9", "lanes": null, "oneway": "yes", "bridge": "yes", "layer": "1", "source": null, "adm0_pcode": "NPL", "adm0_name": "Nepal", "adm1_pcode": "NP03", "adm1_name": "Bagmati", "adm2_pcode": "NP0327", "adm2_name": "Kathmandu", "adm3_pcode": "NP0327101", "adm3_name": "Kathmandu", "adm4_pcode": null, "adm4_name": null, "name_latin": "Prithvi Path", "path": "C:\\Users\\neetu\\Documents\\orimery road.geojson" }, "geometry": { "type": "MultiLineString", "coordinates": [ [ [ 85.3197807, 27.6988499 ], [ 85.3200114, 27.6988066 ] ] ] } },
{ "type": "Feature", "properties": { "id": "way/225426574", "name": "पृथ्वी पथ", "name_en": "Prithvi Path", "name_ne": "पृथ्वी पथ", "highway": "primary", "surface": "paved", "smoothness": null, "width": "4", "lanes": "2", "oneway": "yes", "bridge": "yes", "layer": "1", "source": null, "adm0_pcode": "NPL", "adm0_name": "Nepal", "adm1_pcode": "NP03", "adm1_name": "Bagmati", "adm2_pcode": "NP0327", "adm2_name": "Kathmandu", "adm3_pcode": "NP0327101", "adm3_name": "Kathmandu", "adm4_pcode": null, "adm4_name": null, "name_latin": "Prithvi Path", "path": "C:\\Users\\neetu\\Documents\\orimery road.geojson" }, "geometry": { "type": "MultiLineString", "coordinates": [ [ [ 85.3200018, 27.6987436 ], [ 85.3197688, 27.6987845 ] ] ] } },
{ "type": "Feature", "properties": { "id": "way/670112954", "name": null, "name_en": null, "name_ne": null, "highway": "primary", "surface": null, "smoothness": null, "width": "7", "lanes": "2", "oneway": "yes", "bridge": "yes", "layer": "1", "source": null, "adm0_pcode": "NPL", "adm0_name": "Nepal", "adm1_pcode": "NP03", "adm1_name": "Bagmati", "adm2_pcode": "NP0327", "adm2_name": "Kathmandu", "adm3_pcode": "NP0327101", "adm3_name": "Kathmandu", "adm4_pcode": null, "adm4_name": null, "name_latin": null, "path": "C:\\Users\\neetu\\Documents\\orimery road.geojson" }, "geometry": { "type": "MultiLineString", "coordinates": [ [ [ 85.3001188, 27.6844249 ], [ 85.2988355, 27.6845923 ] ] ] } },
{ "type": "Feature", "properties": { "id": "way/1429946098", "name": "पृथ्वी मार्ग", "name_en": "Prithvi Path", "name_ne": "पृथ्वी मार्ग", "highway": "primary", "surface": "asphalt", "smoothness": null, "width": "9", "lanes": null, "oneway": "yes", "bridge": null, "layer": null, "source": null, "adm0_pcode": "NPL", "adm0_name": "Nepal", "adm1_pcode": "NP03", "adm1_name": "Bagmati", "adm2_pcode": "NP0327", "adm2_name": "Kathmandu", "adm3_pcode": "NP0327101", "adm3_name": "Kathmandu", "adm4_pcode": null, "adm4_name": null, "name_latin": "Prithvi Path", "path": "C:\\Users\\neetu\\Documents\\orimery road.geojson" }, "geometry": { "type": "MultiLineString", "coordinates": [ [ [ 85.3200114, 27.6988066 ], [ 85.3213067, 27.6985575 ] ] ] } },
{ "type": "Feature", "properties": { "id": "way/344347487", "name": "पृथ्वी मार्ग", "name_en": "Prithvi Path", "name_ne": "पृथ्वी मार्ग", "highway": "primary", "surface": "paved", "smoothness": null, "width": "4", "lanes": "2", "oneway": "yes", "bridge": null, "layer": null, "source": null, "adm0_pcode": "NPL", "adm0_name": "Nepal", "adm1_pcode": "NP03", "adm1_name": "Bagmati", "adm2_pcode": "NP0327", "adm2_name": "Kathmandu", "adm3_pcode": "NP0327101", "adm3_name": "Kathmandu", "adm4_pcode": null, "adm4_name": null, "name_latin": "Prithvi Path", "path": "C:\\Users\\neetu\\Documents\\orimery road.geojson" }, "geometry": { "type": "MultiLineString", "coordinates": [ [ [ 85.3213359, 27.6984731 ], [ 85.3212947, 27.6984817 ], [ 85.3200018, 27.6987436 ] ] ] } },
{ "type": "Feature", "properties": { "id": "way/1091877749", "name": null, "name_en": null, "name_ne": null, "highway": "primary", "surface": null, "smoothness": null, "width": "7", "lanes": "2", "oneway": "yes", "bridge": "yes", "layer": "1", "source": null, "adm0_pcode": "NPL", "adm0_name": "Nepal", "adm1_pcode": "NP03", "adm1_name": "Bagmati", "adm2_pcode": "NP0327", "adm2_name": "Kathmandu", "adm3_pcode": "NP0327101", "adm3_name": "Kathmandu", "adm4_pcode": null, "adm4_name": null, "name_latin": null, "path": "C:\\Users\\neetu\\Documents\\orimery road.geojson" }, "geometry": { "type": "MultiLineString", "coordinates": [ [ [ 85.2988636, 27.684822 ], [ 85.3001563, 27.684669 ] ] ] } },
{ "type": "Feature", "properties": { "id": "way/1032703597", "name": "Sama Marg", "name_en": null, "name_ne": null, "highway": "primary_link", "surface": null, "smoothness": null, "width": "7", "lanes": null, "oneway": "yes", "bridge": null, "layer": null, "source": null, "adm0_pcode": "NPL", "adm0_name": "Nepal", "adm1_pcode": "NP03", "adm1_name": "Bagmati", "adm2_pcode": "NP0327", "adm2_name": "Kathmandu", "adm3_pcode": "NP0327101", "adm3_name": "Kathmandu", "adm4_pcode": null, "adm4_name": null, "name_latin": "Sama Marg", "path": "C:\\Users\\neetu\\Documents\\orimery road.geojson" }, "geometry": { "type": "MultiLineString", "coordinates": [ [ [ 85.3267299, 27.7149026 ], [ 85.3266458, 27.7149184 ], [ 85.3265197, 27.7149421 ], [ 85.3264243, 27.7149543 ], [ 85.3263415, 27.7149554 ], [ 85.3262891, 27.714949 ], [ 85.3262629, 27.7149435 ], [ 85.3262369, 27.7149357 ], [ 85.326212, 27.7149252 ], [ 85.3261882, 27.7149126 ], [ 85.3261442, 27.714882 ], [ 85.3260879, 27.7148289 ], [ 85.3260575, 27.7147931 ], [ 85.3260239, 27.7147466 ], [ 85.3260161, 27.7147345 ] ] ] } },
{ "type": "Feature", "properties": { "id": "way/1091877744", "name": null, "name_en": null, "name_ne": null, "highway": "primary", "surface": null, "smoothness": null, "width": "7", "lanes": null, "oneway": "yes", "bridge": null, "layer": null, "source": null, "adm0_pcode": "NPL", "adm0_name": "Nepal", "adm1_pcode": "NP03", "adm1_name": "Bagmati", "adm2_pcode": "NP0327", "adm2_name": "Kathmandu", "adm3_pcode": "NP0327101", "adm3_name": "Kathmandu", "adm4_pcode": null, "adm4_name": null, "name_latin": null, "path": "C:\\Users\\neetu\\Documents\\orimery road.geojson" }, "geometry": { "type": "MultiLineString", "coordinates": [ [ [ 85.3004269, 27.6844125 ], [ 85.3001188, 27.6844249 ] ] ] } },
{ "type": "Feature", "properties": { "id": "way/340975854", "name": "Kanti Lohkpath", "name_en": null, "name_ne": "कान्ति लोकपथ", "highway": "primary", "surface": null, "smoothness": null, "width": null, "lanes": null, "oneway": null, "bridge": "yes", "layer": "1", "source": null, "adm0_pcode": "NPL", "adm0_name": "Nepal", "adm1_pcode": "NP03", "adm1_name": "Bagmati", "adm2_pcode": "NP0325", "adm2_name": "Lalitpur", "adm3_pcode": "NP0325301", "adm3_name": "Godawari", "adm4_pcode": null, "adm4_name": null, "name_latin": "Kanti Lohkpath", "path": "C:\\Users\\neetu\\Documents\\orimery road.geojson" }, "geometry": { "type": "MultiLineString", "coordinates": [ [ [ 85.3129714, 27.5756515 ], [ 85.3124489, 27.5755201 ] ] ] } },
{ "type": "Feature", "properties": { "id": "way/196281733", "name": "सामा मार्ग", "name_en": "Sama Marg", "name_ne": "सामा मार्ग", "highway": "primary", "surface": null, "smoothness": null, "width": "14", "lanes": null, "oneway": null, "bridge": null, "layer": null, "source": null, "adm0_pcode": "NPL", "adm0_name": "Nepal", "adm1_pcode": "NP03", "adm1_name": "Bagmati", "adm2_pcode": "NP0327", "adm2_name": "Kathmandu", "adm3_pcode": "NP0327101", "adm3_name": "Kathmandu", "adm4_pcode": null, "adm4_name": null, "name_latin": "Sama Marg", "path": "C:\\Users\\neetu\\Documents\\orimery road.geojson" }, "geometry": { "type": "MultiLineString", "coordinates": [ [ [ 85.3262208, 27.7150756 ], [ 85.3263608, 27.7150183 ], [ 85.3267299, 27.7149026 ], [ 85.3268972, 27.7148604 ], [ 85.3270757, 27.7148354 ] ] ] } },
{ "type": "Feature", "properties": { "id": "way/422271063", "name": "Kanti Path", "name_en": null, "name_ne": null, "highway": "primary", "surface": "asphalt", "smoothness": null, "width": "12", "lanes": "4", "oneway": "yes", "bridge": null, "layer": null, "source": null, "adm0_pcode": "NPL", "adm0_name": "Nepal", "adm1_pcode": "NP03", "adm1_name": "Bagmati", "adm2_pcode": "NP0327", "adm2_name": "Kathmandu", "adm3_pcode": "NP0327101", "adm3_name": "Kathmandu", "adm4_pcode": null, "adm4_name": null, "name_latin": "Kanti Path", "path": "C:\\Users\\neetu\\Documents\\orimery road.geojson" }, "geometry": { "type": "MultiLineString", "coordinates": [ [ [ 85.3134553, 27.6977473 ], [ 85.313335, 27.6980524 ] ] ] } },
{ "type": "Feature", "properties": { "id": "way/422271065", "name": "Kanti Path", "name_en": null, "name_ne": null, "highway": "primary", "surface": "asphalt", "smoothness": null, "width": "12", "lanes": "4", "oneway": "yes", "bridge": null, "layer": null, "source": null, "adm0_pcode": "NPL", "adm0_name": "Nepal", "adm1_pcode": "NP03", "adm1_name": "Bagmati", "adm2_pcode": "NP0327", "adm2_name": "Kathmandu", "adm3_pcode": "NP0327101", "adm3_name": "Kathmandu", "adm4_pcode": null, "adm4_name": null, "name_latin": "Kanti Path", "path": "C:\\Users\\neetu\\Documents\\orimery road.geojson" }, "geometry": { "type": "MultiLineString", "coordinates": [ [ [ 85.313335, 27.6980524 ], [ 85.3133165, 27.6981131 ], [ 85.313312, 27.698164 ], [ 85.3133328, 27.6985202 ] ] ] } },
{ "type": "Feature", "properties": { "id": "way/172385223", "name": "समा मार्ग", "name_en": "Sama Marg", "name_ne": "समा मार्ग", "highway": "primary", "surface": null, "smoothness": null, "width": "9", "lanes": null, "oneway": null, "bridge": null, "layer": null, "source": null, "adm0_pcode": "NPL", "adm0_name": "Nepal", "adm1_pcode": "NP03", "adm1_name": "Bagmati", "adm2_pcode": "NP0327", "adm2_name": "Kathmandu", "adm3_pcode": "NP0327101", "adm3_name": "Kathmandu", "adm4_pcode": null, "adm4_name": null, "name_latin": "Sama Marg", "path": "C:\\Users\\neetu\\Documents\\orimery road.geojson" }, "geometry": { "type": "MultiLineString", "coordinates": [ [ [ 85.3270757, 27.7148354 ], [ 85.3272445, 27.7148236 ], [ 85.3280599, 27.7146657 ], [ 85.3285628, 27.714579 ], [ 85.3290214, 27.714522 ], [ 85.3292697, 27.7144792 ], [ 85.3294225, 27.7144439 ] ] ] } },
{ "type": "Feature", "properties": { "id": "way/194900751", "name": "Satdobato-Godawari Road", "name_en": null, "name_ne": null, "highway": "primary", "surface": null, "smoothness": null, "width": null, "lanes": null, "oneway": null, "bridge": "yes", "layer": "1", "source": null, "adm0_pcode": "NPL", "adm0_name": "Nepal", "adm1_pcode": "NP03", "adm1_name": "Bagmati", "adm2_pcode": "NP0325", "adm2_name": "Lalitpur", "adm3_pcode": "NP0325101", "adm3_name": "Lalitpur", "adm4_pcode": null, "adm4_name": null, "name_latin": "Satdobato-Godawari Road", "path": "C:\\Users\\neetu\\Documents\\orimery road.geojson" }, "geometry": { "type": "MultiLineString", "coordinates": [ [ [ 85.3362072, 27.6476923 ], [ 85.335736, 27.6479439 ] ] ] } },
{ "type": "Feature", "properties": { "id": "way/345668481", "name": null, "name_en": null, "name_ne": null, "highway": "primary", "surface": null, "smoothness": null, "width": null, "lanes": null, "oneway": null, "bridge": null, "layer": null, "source": null, "adm0_pcode": "NPL", "adm0_name": "Nepal", "adm1_pcode": "NP03", "adm1_name": "Bagmati", "adm2_pcode": "NP0325", "adm2_name": "Lalitpur", "adm3_pcode": "NP0325401", "adm3_name": "Bagmati", "adm4_pcode": null, "adm4_name": null, "name_latin": null, "path": "C:\\Users\\neetu\\Documents\\orimery road.geojson" }, "geometry": { "type": "MultiLineString", "coordinates": [ [ [ 85.2738116, 27.4973944 ], [ 85.2739147, 27.4972596 ], [ 85.2740727, 27.4972105 ], [ 85.2741179, 27.4971151 ], [ 85.2741863, 27.4970437 ], [ 85.2742627, 27.4969949 ], [ 85.2743819, 27.4969213 ] ] ] } },
{ "type": "Feature", "properties": { "id": "way/231885504", "name": "Kanti Path", "name_en": null, "name_ne": null, "highway": "primary", "surface": "asphalt", "smoothness": null, "width": "7", "lanes": "1", "oneway": "yes", "bridge": null, "layer": "-1", "source": null, "adm0_pcode": "NPL", "adm0_name": "Nepal", "adm1_pcode": "NP03", "adm1_name": "Bagmati", "adm2_pcode": "NP0327", "adm2_name": "Kathmandu", "adm3_pcode": "NP0327101", "adm3_name": "Kathmandu", "adm4_pcode": null, "adm4_name": null, "name_latin": "Kanti Path", "path": "C:\\Users\\neetu\\Documents\\orimery road.geojson" }, "geometry": { "type": "MultiLineString", "coordinates": [ [ [ 85.3145896, 27.7089408 ], [ 85.314596, 27.7088414 ], [ 85.3146307, 27.7087856 ], [ 85.3146719, 27.7087474 ], [ 85.3147305, 27.7087271 ], [ 85.3148712, 27.7087085 ] ] ] } },
{ "type": "Feature", "properties": { "id": "way/194900750", "name": "Satdobato-Godawari Road", "name_en": null, "name_ne": null, "highway": "primary", "surface": null, "smoothness": null, "width": null, "lanes": null, "oneway": null, "bridge": null, "layer": null, "source": null, "adm0_pcode": "NPL", "adm0_name": "Nepal", "adm1_pcode": "NP03", "adm1_name": "Bagmati", "adm2_pcode": "NP0325", "adm2_name": "Lalitpur", "adm3_pcode": "NP0325101", "adm3_name": "Lalitpur", "adm4_pcode": null, "adm4_name": null, "name_latin": "Satdobato-Godawari Road", "path": "C:\\Users\\neetu\\Documents\\orimery road.geojson" }, "geometry": { "type": "MultiLineString", "coordinates": [ [ [ 85.335736, 27.6479439 ], [ 85.3356561, 27.6479855 ], [ 85.3355102, 27.6480615 ] ] ] } },
{ "type": "Feature", "properties": { "id": "way/232351911", "name": "याला सडक", "name_en": "Yala Sadak", "name_ne": "याला सडक", "highway": "primary", "surface": null, "smoothness": null, "width": "14", "lanes": null, "oneway": null, "bridge": null, "layer": null, "source": null, "adm0_pcode": "NPL", "adm0_name": "Nepal", "adm1_pcode": "NP03", "adm1_name": "Bagmati", "adm2_pcode": "NP0325", "adm2_name": "Lalitpur", "adm3_pcode": "NP0325101", "adm3_name": "Lalitpur", "adm4_pcode": null, "adm4_name": null, "name_latin": "Yala Sadak", "path": "C:\\Users\\neetu\\Documents\\orimery road.geojson" }, "geometry": { "type": "MultiLineString", "coordinates": [ [ [ 85.3210123, 27.6703138 ], [ 85.3203935, 27.6706368 ], [ 85.3198808, 27.670898 ], [ 85.319773, 27.6709518 ], [ 85.3193909, 27.6711424 ], [ 85.319102, 27.6712908 ], [ 85.3190001, 27.671341 ], [ 85.3187379, 27.6714608 ], [ 85.3184993, 27.6715601 ], [ 85.3182441, 27.6716423 ], [ 85.3180137, 27.6717164 ], [ 85.3174248, 27.6718765 ], [ 85.3170796, 27.6719538 ], [ 85.3167392, 27.6719987 ], [ 85.3166476, 27.672009 ], [ 85.3163292, 27.672053 ], [ 85.3160575, 27.6720961 ], [ 85.3160304, 27.6721025 ], [ 85.3152884, 27.672243 ], [ 85.3146019, 27.6724174 ], [ 85.3141718, 27.6725385 ], [ 85.314045, 27.6725747 ] ] ] } },
{ "type": "Feature", "properties": { "id": "way/578366639", "name": "Pasang Lhamu Highway", "name_en": null, "name_ne": null, "highway": "primary", "surface": "paved", "smoothness": null, "width": null, "lanes": "2", "oneway": null, "bridge": null, "layer": null, "source": null, "adm0_pcode": "NPL", "adm0_name": "Nepal", "adm1_pcode": "NP03", "adm1_name": "Bagmati", "adm2_pcode": "NP0327", "adm2_name": "Kathmandu", "adm3_pcode": "NP0327301", "adm3_name": "Tarakeshwor", "adm4_pcode": null, "adm4_name": null, "name_latin": "Pasang Lhamu Highway", "path": "C:\\Users\\neetu\\Documents\\orimery road.geojson" }, "geometry": { "type": "MultiLineString", "coordinates": [ [ [ 85.2768954, 27.7905594 ], [ 85.2769418, 27.7906474 ], [ 85.2773056, 27.7911212 ], [ 85.2775745, 27.7913913 ], [ 85.2777646, 27.7915414 ], [ 85.2778474, 27.7916488 ], [ 85.2779249, 27.7918772 ], [ 85.2779769, 27.79196 ], [ 85.2781169, 27.7920914 ], [ 85.2783003, 27.7922995 ], [ 85.2783219, 27.7923443 ], [ 85.2783097, 27.7925281 ], [ 85.2783348, 27.7926292 ], [ 85.2784141, 27.7928788 ], [ 85.2784914, 27.7931241 ], [ 85.27849652739836, 27.793181594106208 ] ] ] } },
{ "type": "Feature", "properties": { "id": "way/215506635", "name": "लाजिम्पाट सडक", "name_en": "Lazimpat Sadak", "name_ne": "लाजिम्पाट सडक", "highway": "primary", "surface": "asphalt", "smoothness": "intermediate", "width": "14", "lanes": "4", "oneway": null, "bridge": null, "layer": null, "source": null, "adm0_pcode": "NPL", "adm0_name": "Nepal", "adm1_pcode": "NP03", "adm1_name": "Bagmati", "adm2_pcode": "NP0327", "adm2_name": "Kathmandu", "adm3_pcode": "NP0327101", "adm3_name": "Kathmandu", "adm4_pcode": null, "adm4_name": null, "name_latin": "Lazimpat Sadak", "path": "C:\\Users\\neetu\\Documents\\orimery road.geojson" }, "geometry": { "type": "MultiLineString", "coordinates": [ [ [ 85.3288812, 27.7330365 ], [ 85.3287883, 27.7329596 ], [ 85.3286924, 27.73288 ], [ 85.3284347, 27.7326784 ], [ 85.3282336, 27.7325284 ], [ 85.3271787, 27.7316512 ], [ 85.3270488, 27.7315526 ], [ 85.32697, 27.7314782 ], [ 85.32683, 27.7313456 ], [ 85.3262153, 27.730843 ], [ 85.326151, 27.7307896 ], [ 85.3260027, 27.7306665 ], [ 85.3258387, 27.7305185 ], [ 85.3258074, 27.7304914 ], [ 85.3254257, 27.7301843 ], [ 85.3253173, 27.7300918 ], [ 85.3250307, 27.7298635 ], [ 85.3249355, 27.7297819 ], [ 85.3248974, 27.7297383 ], [ 85.3248666, 27.7296837 ], [ 85.324849, 27.7296313 ], [ 85.3248498, 27.7295585 ], [ 85.3248599, 27.7294649 ], [ 85.3248706, 27.7293598 ], [ 85.3249007, 27.7289943 ], [ 85.324922, 27.7287085 ], [ 85.3249273, 27.7285865 ], [ 85.3249295, 27.7284997 ], [ 85.3249102, 27.7284294 ], [ 85.3248838, 27.7283858 ], [ 85.3248484, 27.7283423 ], [ 85.324787, 27.7282946 ], [ 85.3246869, 27.7282466 ], [ 85.3245924, 27.72822 ], [ 85.324146, 27.7281447 ], [ 85.3241146, 27.7281359 ], [ 85.3240517, 27.7280924 ], [ 85.3240027, 27.7280259 ], [ 85.323916, 27.7278729 ], [ 85.3238006, 27.7276548 ], [ 85.3231111, 27.7262481 ], [ 85.3229262, 27.7258586 ], [ 85.3228596, 27.7257457 ], [ 85.3227676, 27.7255739 ], [ 85.3226353, 27.7252058 ], [ 85.3223905, 27.7246711 ], [ 85.3220728, 27.7240658 ], [ 85.3215324, 27.7233318 ], [ 85.3214419, 27.7232103 ], [ 85.3210897, 27.7227468 ], [ 85.3209237, 27.7225227 ] ] ] } },
{ "type": "Feature", "properties": { "id": "way/4840092", "name": "जमल मार्ग", "name_en": "Jamal Way", "name_ne": "जमल मार्ग", "highway": "primary", "surface": "asphalt", "smoothness": "good", "width": "14", "lanes": "2", "oneway": "yes", "bridge": null, "layer": null, "source": null, "adm0_pcode": "NPL", "adm0_name": "Nepal", "adm1_pcode": "NP03", "adm1_name": "Bagmati", "adm2_pcode": "NP0327", "adm2_name": "Kathmandu", "adm3_pcode": "NP0327101", "adm3_name": "Kathmandu", "adm4_pcode": null, "adm4_name": null, "name_latin": "Jamal Way", "path": "C:\\Users\\neetu\\Documents\\orimery road.geojson" }, "geometry": { "type": "MultiLineString", "coordinates": [ [ [ 85.3148712, 27.7087085 ], [ 85.315278, 27.708785 ] ] ] } },
{ "type": "Feature", "properties": { "id": "way/231178983", "name": "Satdobato-Godawari Road", "name_en": null, "name_ne": null, "highway": "primary", "surface": null, "smoothness": null, "width": "11", "lanes": null, "oneway": null, "bridge": null, "layer": null, "source": null, "adm0_pcode": "NPL", "adm0_name": "Nepal", "adm1_pcode": "NP03", "adm1_name": "Bagmati", "adm2_pcode": "NP0325", "adm2_name": "Lalitpur", "adm3_pcode": "NP0325101", "adm3_name": "Lalitpur", "adm4_pcode": null, "adm4_name": null, "name_latin": "Satdobato-Godawari Road", "path": "C:\\Users\\neetu\\Documents\\orimery road.geojson" }, "geometry": { "type": "MultiLineString", "coordinates": [ [ [ 85.3355102, 27.6480615 ], [ 85.3351643, 27.6482945 ], [ 85.334867, 27.6485167 ] ] ] } },
{ "type": "Feature", "properties": { "id": "way/169336486", "name": "पुतली सडक", "name_en": "Putali Sadak", "name_ne": "पुतली सडक", "highway": "primary", "surface": "paved", "smoothness": null, "width": "6", "lanes": "2", "oneway": "yes", "bridge": null, "layer": null, "source": null, "adm0_pcode": "NPL", "adm0_name": "Nepal", "adm1_pcode": "NP03", "adm1_name": "Bagmati", "adm2_pcode": "NP0327", "adm2_name": "Kathmandu", "adm3_pcode": "NP0327101", "adm3_name": "Kathmandu", "adm4_pcode": null, "adm4_name": null, "name_latin": "Putali Sadak", "path": "C:\\Users\\neetu\\Documents\\orimery road.geojson" }, "geometry": { "type": "MultiLineString", "coordinates": [ [ [ 85.3228701, 27.7056472 ], [ 85.3228242, 27.7050209 ], [ 85.3227577, 27.7046483 ], [ 85.322746, 27.704572 ], [ 85.3226621, 27.7039984 ], [ 85.3226086, 27.7036921 ], [ 85.3225162, 27.7030873 ], [ 85.322485, 27.7028198 ], [ 85.3224275, 27.702414 ], [ 85.3223928, 27.7021696 ], [ 85.3223816, 27.7020907 ], [ 85.3223697, 27.7020064 ], [ 85.3223516, 27.7018789 ], [ 85.3223011, 27.7016058 ] ] ] } },
{ "type": "Feature", "properties": { "id": "way/25512467", "name": "Pasang Lhamu Highway", "name_en": null, "name_ne": null, "highway": "primary", "surface": "paved", "smoothness": null, "width": null, "lanes": "2", "oneway": null, "bridge": null, "layer": null, "source": null, "adm0_pcode": "NPL", "adm0_name": "Nepal", "adm1_pcode": "NP03", "adm1_name": "Bagmati", "adm2_pcode": "NP0327", "adm2_name": "Kathmandu", "adm3_pcode": "NP0327301", "adm3_name": "Tarakeshwor", "adm4_pcode": null, "adm4_name": null, "name_latin": "Pasang Lhamu Highway", "path": "C:\\Users\\neetu\\Documents\\orimery road.geojson" }, "geometry": { "type": "MultiLineString", "coordinates": [ [ [ 85.2779466, 27.7766037 ], [ 85.278048, 27.7766119 ], [ 85.278154, 27.7767762 ], [ 85.2781678, 27.7769502 ], [ 85.2781398, 27.7771614 ], [ 85.2781117, 27.777296 ], [ 85.2780783, 27.7774561 ], [ 85.277977, 27.777942 ], [ 85.2779899, 27.7780258 ], [ 85.2779923, 27.7780904 ], [ 85.2779901, 27.7781219 ], [ 85.2779848, 27.7781513 ], [ 85.277976, 27.7781775 ], [ 85.277963, 27.7781994 ], [ 85.2779455, 27.7782157 ], [ 85.2779227, 27.7782253 ], [ 85.2778754, 27.7782337 ], [ 85.2778335, 27.7782352 ], [ 85.2777947, 27.7782301 ], [ 85.2777364, 27.7782106 ], [ 85.2775907, 27.7781367 ], [ 85.277532, 27.7781122 ], [ 85.2774721, 27.7780961 ], [ 85.2774425, 27.7780928 ], [ 85.2774138, 27.7780934 ], [ 85.2773861, 27.7780987 ], [ 85.2773598, 27.7781092 ], [ 85.2773353, 27.7781257 ], [ 85.2772945, 27.7781632 ], [ 85.2772646, 27.7781983 ], [ 85.2772435, 27.7782322 ], [ 85.277229, 27.7782658 ], [ 85.2772072, 27.7783564 ], [ 85.2771894, 27.7783975 ], [ 85.2771614, 27.7784371 ], [ 85.2771439, 27.7784549 ], [ 85.2771025, 27.7784838 ], [ 85.2770788, 27.7784937 ], [ 85.2770533, 27.7784998 ], [ 85.2770261, 27.7785015 ], [ 85.2768779, 27.7784764 ], [ 85.2768204, 27.7784715 ], [ 85.2767931, 27.7784721 ], [ 85.2767432, 27.7784809 ], [ 85.276721, 27.77849 ], [ 85.276701, 27.7785028 ], [ 85.2766836, 27.7785196 ], [ 85.2766693, 27.7785411 ], [ 85.2766582, 27.7785672 ], [ 85.2766444, 27.7786302 ], [ 85.2766384, 27.77874 ], [ 85.2766407, 27.7789135 ], [ 85.2766376, 27.7789423 ], [ 85.27663, 27.7789712 ], [ 85.2766179, 27.778999 ], [ 85.2766016, 27.779025 ], [ 85.2765813, 27.779048 ], [ 85.2765572, 27.7790672 ], [ 85.2765294, 27.7790815 ], [ 85.2764982, 27.77909 ], [ 85.2764638, 27.7790917 ], [ 85.2764263, 27.7790857 ], [ 85.2763859, 27.7790709 ], [ 85.2763429, 27.7790464 ], [ 85.2761764, 27.7789283 ], [ 85.2760988, 27.7788773 ], [ 85.276023, 27.7788386 ], [ 85.2759854, 27.7788255 ], [ 85.2759475, 27.7788174 ], [ 85.2759094, 27.7788148 ], [ 85.2758709, 27.7788186 ], [ 85.2756066, 27.7788692 ], [ 85.2754559, 27.7788913 ], [ 85.2754004, 27.7789098 ], [ 85.2753725, 27.7789227 ], [ 85.2753201, 27.7789553 ], [ 85.2752771, 27.7789968 ], [ 85.275261, 27.7790208 ], [ 85.2752495, 27.7790468 ], [ 85.2752432, 27.7790749 ], [ 85.2752378, 27.7791374 ], [ 85.2752363, 27.7792066 ], [ 85.2752461, 27.7793154 ], [ 85.275264, 27.7793866 ], [ 85.2752771, 27.7794205 ], [ 85.2752933, 27.7794528 ], [ 85.2753558, 27.7795451 ], [ 85.2754166, 27.7796486 ], [ 85.2754675, 27.7797564 ], [ 85.2754928, 27.7798262 ], [ 85.2755439, 27.7800538 ], [ 85.2756242, 27.7803803 ], [ 85.2756247, 27.7803972 ], [ 85.2756194, 27.7804307 ], [ 85.2755979, 27.7804767 ], [ 85.2755761, 27.780502 ], [ 85.27555, 27.7805208 ], [ 85.2754365, 27.7805662 ], [ 85.2753389, 27.7806102 ], [ 85.2752806, 27.7806414 ], [ 85.2752388, 27.7806707 ], [ 85.2751039, 27.7808461 ], [ 85.2750765, 27.7808862 ], [ 85.2750541, 27.7809288 ], [ 85.2750425, 27.7809423 ], [ 85.2750082, 27.7809716 ], [ 85.2748769, 27.7810669 ], [ 85.2748597, 27.7810821 ], [ 85.2747918, 27.7811568 ], [ 85.2747581, 27.7811828 ], [ 85.2747396, 27.7811929 ], [ 85.2746995, 27.7812049 ], [ 85.2746779, 27.7812056 ], [ 85.2746553, 27.7812022 ], [ 85.2745888, 27.7811749 ], [ 85.2745394, 27.7811492 ], [ 85.2745111, 27.7811292 ], [ 85.2744823, 27.7811029 ], [ 85.2743728, 27.7809824 ], [ 85.2743368, 27.7809523 ], [ 85.2743019, 27.7809306 ], [ 85.2742676, 27.7809167 ], [ 85.2742333, 27.7809101 ], [ 85.2741979, 27.7809101 ], [ 85.2741589, 27.7809165 ], [ 85.274118, 27.7809294 ], [ 85.2740775, 27.780949 ], [ 85.2740398, 27.7809754 ], [ 85.2740071, 27.7810087 ], [ 85.2739634, 27.7810775 ], [ 85.2738897, 27.7812086 ], [ 85.273839, 27.7813046 ], [ 85.2738022, 27.7813828 ], [ 85.2737753, 27.7814163 ], [ 85.2737336, 27.7814409 ], [ 85.2736966, 27.7814524 ], [ 85.2736516, 27.7814599 ], [ 85.2735261, 27.78147 ], [ 85.2734834, 27.7814779 ], [ 85.2734466, 27.7814916 ], [ 85.2734308, 27.7815012 ], [ 85.273405, 27.7815278 ], [ 85.2733641, 27.7816168 ], [ 85.2733355, 27.7817045 ], [ 85.273327, 27.7817625 ], [ 85.273328, 27.7817892 ], [ 85.2733335, 27.7818134 ], [ 85.273344, 27.7818343 ], [ 85.2733603, 27.7818514 ], [ 85.2733825, 27.7818677 ], [ 85.2736473, 27.7820509 ], [ 85.2737197, 27.78211 ], [ 85.2737498, 27.7821468 ], [ 85.2737746, 27.7821917 ], [ 85.2737921, 27.7822423 ], [ 85.2738008, 27.7822965 ], [ 85.2737987, 27.7823521 ], [ 85.2737931, 27.7823796 ], [ 85.2737713, 27.7824358 ], [ 85.2737141, 27.7825447 ], [ 85.2736049, 27.782738 ], [ 85.2735668, 27.7828172 ], [ 85.2735398, 27.7828916 ], [ 85.273531, 27.7829284 ], [ 85.2735313, 27.7829627 ], [ 85.2735363, 27.7829784 ], [ 85.2735453, 27.7829927 ], [ 85.2735589, 27.7830055 ], [ 85.2735776, 27.7830165 ], [ 85.2737318, 27.7830925 ], [ 85.2738319, 27.7831492 ], [ 85.2738699, 27.7831755 ], [ 85.2739025, 27.7832087 ], [ 85.2739349, 27.7832549 ], [ 85.2739796, 27.7833374 ], [ 85.274015, 27.7834204 ], [ 85.2740469, 27.7835099 ], [ 85.2740831, 27.7835754 ], [ 85.2741451, 27.7836593 ], [ 85.2742879, 27.7838184 ], [ 85.2743241, 27.7838668 ], [ 85.2743461, 27.7839065 ], [ 85.2743712, 27.7839617 ], [ 85.2743986, 27.7840109 ], [ 85.2744311, 27.7840598 ], [ 85.274466, 27.7841045 ], [ 85.2744758, 27.784123 ], [ 85.2744959, 27.7841906 ], [ 85.2745007, 27.7842623 ], [ 85.2744949, 27.7843036 ], [ 85.2744892, 27.7843203 ], [ 85.2744571, 27.7843711 ], [ 85.2744412, 27.784419 ], [ 85.2744392, 27.7844585 ], [ 85.2744415, 27.784481 ], [ 85.2744543, 27.7845323 ], [ 85.274496, 27.7846275 ], [ 85.2745949, 27.7848112 ], [ 85.2746813, 27.7849579 ], [ 85.2747177, 27.7849967 ], [ 85.2747648, 27.7850279 ], [ 85.2748209, 27.7850502 ], [ 85.2749854, 27.785088 ], [ 85.2752468, 27.785157 ], [ 85.2756751, 27.7852786 ], [ 85.2757449, 27.7853013 ], [ 85.2758117, 27.7853284 ], [ 85.2759405, 27.7854003 ], [ 85.2760851, 27.7854664 ], [ 85.2762865, 27.7855462 ], [ 85.2764383, 27.7855974 ], [ 85.2764954, 27.7856195 ], [ 85.2765501, 27.7856496 ], [ 85.2765736, 27.7856682 ], [ 85.2765928, 27.7856895 ], [ 85.2766065, 27.7857135 ], [ 85.2766137, 27.7857406 ], [ 85.2766129, 27.785771 ], [ 85.2766031, 27.7858048 ], [ 85.2765423, 27.7859611 ], [ 85.2765208, 27.7860389 ], [ 85.2765143, 27.7860866 ], [ 85.2765149, 27.7861563 ], [ 85.2765121, 27.7861831 ], [ 85.276499, 27.786242 ], [ 85.276456, 27.7863618 ], [ 85.2763841, 27.7865127 ], [ 85.2763685, 27.786573 ], [ 85.2763682, 27.7866177 ], [ 85.2763798, 27.7866652 ], [ 85.2764522, 27.786809 ], [ 85.2764794, 27.7868764 ], [ 85.2764896, 27.7869102 ], [ 85.2764995, 27.7869752 ], [ 85.2764977, 27.7870052 ], [ 85.2764905, 27.7870329 ], [ 85.276477, 27.7870577 ], [ 85.2764384, 27.7871025 ], [ 85.276351, 27.7871882 ], [ 85.2763159, 27.7872326 ], [ 85.2763035, 27.7872559 ], [ 85.2762957, 27.7872802 ], [ 85.2762934, 27.7873059 ], [ 85.2763622, 27.7876409 ], [ 85.2763664, 27.7877719 ], [ 85.2763717, 27.7878312 ], [ 85.276385, 27.7878874 ], [ 85.2763958, 27.7879128 ], [ 85.276429, 27.7879596 ], [ 85.2764812, 27.7880202 ], [ 85.2767254, 27.788288 ], [ 85.2767727, 27.7883457 ], [ 85.276821, 27.7884109 ], [ 85.276851, 27.788458 ], [ 85.2768761, 27.7885061 ], [ 85.2768933, 27.7885534 ], [ 85.2769033, 27.7885981 ], [ 85.2769114, 27.7886187 ], [ 85.2769705, 27.7887221 ], [ 85.2769883, 27.7887732 ], [ 85.2769928, 27.7888029 ], [ 85.2769934, 27.7888359 ], [ 85.2769893, 27.7888729 ], [ 85.2769381, 27.7891331 ], [ 85.2769169, 27.7892241 ], [ 85.2768773, 27.7893704 ], [ 85.2768606, 27.7894854 ], [ 85.2768585, 27.7895508 ], [ 85.2768627, 27.7896205 ], [ 85.2768747, 27.7896936 ], [ 85.2768961, 27.7897695 ], [ 85.2769284, 27.7898474 ], [ 85.2769482, 27.7899281 ], [ 85.2769469, 27.7899967 ], [ 85.2769185, 27.7900796 ], [ 85.276855, 27.7902201 ], [ 85.2768485, 27.79028 ], [ 85.2768574, 27.790346 ], [ 85.2768954, 27.7905594 ] ] ] } },
{ "type": "Feature", "properties": { "id": "way/171599263", "name": null, "name_en": null, "name_ne": null, "highway": "primary", "surface": "asphalt", "smoothness": null, "width": "1.75 m", "lanes": "2", "oneway": "yes", "bridge": null, "layer": null, "source": null, "adm0_pcode": "NPL", "adm0_name": "Nepal", "adm1_pcode": "NP03", "adm1_name": "Bagmati", "adm2_pcode": "NP0327", "adm2_name": "Kathmandu", "adm3_pcode": "NP0327101", "adm3_name": "Kathmandu", "adm4_pcode": null, "adm4_name": null, "name_latin": null, "path": "C:\\Users\\neetu\\Documents\\orimery road.geojson" }, "geometry": { "type": "MultiLineString", "coordinates": [ [ [ 85.3161208, 27.6993586 ], [ 85.3154107, 27.6994912 ] ] ] } },
{ "type": "Feature", "properties": { "id": "way/172387564", "name": "कान्ति पथ", "name_en": "Kanti Path", "name_ne": "कान्ति पथ", "highway": "primary", "surface": "asphalt", "smoothness": "good", "width": "7", "lanes": "2", "oneway": "yes", "bridge": null, "layer": "-1", "source": null, "adm0_pcode": "NPL", "adm0_name": "Nepal", "adm1_pcode": "NP03", "adm1_name": "Bagmati", "adm2_pcode": "NP0327", "adm2_name": "Kathmandu", "adm3_pcode": "NP0327101", "adm3_name": "Kathmandu", "adm4_pcode": null, "adm4_name": null, "name_latin": "Kanti Path", "path": "C:\\Users\\neetu\\Documents\\orimery road.geojson" }, "geometry": { "type": "MultiLineString", "coordinates": [ [ [ 85.3143863, 27.7085323 ], [ 85.3144821, 27.7085885 ], [ 85.314551, 27.7086174 ], [ 85.3147003, 27.7086748 ], [ 85.3148712, 27.7087085 ] ] ] } },
{ "type": "Feature", "properties": { "id": "way/672195636", "name": null, "name_en": null, "name_ne": null, "highway": "primary_link", "surface": "asphalt", "smoothness": "good", "width": "9", "lanes": null, "oneway": "yes", "bridge": null, "layer": null, "source": null, "adm0_pcode": "NPL", "adm0_name": "Nepal", "adm1_pcode": "NP03", "adm1_name": "Bagmati", "adm2_pcode": "NP0327", "adm2_name": "Kathmandu", "adm3_pcode": "NP0327101", "adm3_name": "Kathmandu", "adm4_pcode": null, "adm4_name": null, "name_latin": null, "path": "C:\\Users\\neetu\\Documents\\orimery road.geojson" }, "geometry": { "type": "MultiLineString", "coordinates": [ [ [ 85.3181378, 27.7132602 ], [ 85.3180069, 27.7131752 ], [ 85.3179292, 27.713106 ], [ 85.3178641, 27.7130269 ] ] ] } },
{ "type": "Feature", "properties": { "id": "way/196269536", "name": null, "name_en": null, "name_ne": null, "highway": "primary", "surface": "asphalt", "smoothness": "excellent", "width": "11", "lanes": "2", "oneway": "yes", "bridge": null, "layer": null, "source": null, "adm0_pcode": "NPL", "adm0_name": "Nepal", "adm1_pcode": "NP03", "adm1_name": "Bagmati", "adm2_pcode": "NP0327", "adm2_name": "Kathmandu", "adm3_pcode": "NP0327101", "adm3_name": "Kathmandu", "adm4_pcode": null, "adm4_name": null, "name_latin": null, "path": "C:\\Users\\neetu\\Documents\\orimery road.geojson" }, "geometry": { "type": "MultiLineString", "coordinates": [ [ [ 85.3154107, 27.6994912 ], [ 85.3152812, 27.6994952 ], [ 85.3152233, 27.6994793 ], [ 85.3151576, 27.699431 ], [ 85.3150808, 27.699385 ], [ 85.3149885, 27.6993642 ], [ 85.3149095, 27.6993712 ], [ 85.3148321, 27.699402 ], [ 85.3147479, 27.6994703 ], [ 85.314702, 27.6995331 ], [ 85.3146607, 27.6995812 ] ] ] } },
{ "type": "Feature", "properties": { "id": "way/672194957", "name": "कान्ति पथ", "name_en": "Kanti Path", "name_ne": "कान्ति पथ", "highway": "primary", "surface": "asphalt", "smoothness": "good", "width": "7", "lanes": "1", "oneway": "yes", "bridge": null, "layer": null, "source": null, "adm0_pcode": "NPL", "adm0_name": "Nepal", "adm1_pcode": "NP03", "adm1_name": "Bagmati", "adm2_pcode": "NP0327", "adm2_name": "Kathmandu", "adm3_pcode": "NP0327101", "adm3_name": "Kathmandu", "adm4_pcode": null, "adm4_name": null, "name_latin": "Kanti Path", "path": "C:\\Users\\neetu\\Documents\\orimery road.geojson" }, "geometry": { "type": "MultiLineString", "coordinates": [ [ [ 85.3143863, 27.7085323 ], [ 85.3144892, 27.7086845 ], [ 85.3145339, 27.708772 ], [ 85.3145663, 27.7088554 ], [ 85.3145896, 27.7089408 ] ] ] } },
{ "type": "Feature", "properties": { "id": "way/753805281", "name": "दरबार मार्ग", "name_en": "Durbar Marg", "name_ne": "दरबार मार्ग", "highway": "primary", "surface": "asphalt", "smoothness": "good", "width": "9", "lanes": "4", "oneway": "yes", "bridge": null, "layer": null, "source": null, "adm0_pcode": "NPL", "adm0_name": "Nepal", "adm1_pcode": "NP03", "adm1_name": "Bagmati", "adm2_pcode": "NP0327", "adm2_name": "Kathmandu", "adm3_pcode": "NP0327101", "adm3_name": "Kathmandu", "adm4_pcode": null, "adm4_name": null, "name_latin": "Durbar Marg", "path": "C:\\Users\\neetu\\Documents\\orimery road.geojson" }, "geometry": { "type": "MultiLineString", "coordinates": [ [ [ 85.3178924, 27.7132118 ], [ 85.3178641, 27.7130269 ], [ 85.3178495, 27.7129628 ] ] ] } },
{ "type": "Feature", "properties": { "id": "way/344347496", "name": "पुताली सादक", "name_en": "Putali Sadak", "name_ne": "पुतली सडक", "highway": "primary", "surface": "asphalt", "smoothness": null, "width": "6", "lanes": "2", "oneway": "yes", "bridge": null, "layer": null, "source": null, "adm0_pcode": "NPL", "adm0_name": "Nepal", "adm1_pcode": "NP03", "adm1_name": "Bagmati", "adm2_pcode": "NP0327", "adm2_name": "Kathmandu", "adm3_pcode": "NP0327101", "adm3_name": "Kathmandu", "adm4_pcode": null, "adm4_name": null, "name_latin": "Putali Sadak", "path": "C:\\Users\\neetu\\Documents\\orimery road.geojson" }, "geometry": { "type": "MultiLineString", "coordinates": [ [ [ 85.3224504, 27.7031038 ], [ 85.3227876, 27.7053528 ], [ 85.3228286, 27.7056262 ] ] ] } },
{ "type": "Feature", "properties": { "id": "way/120031049", "name": null, "name_en": null, "name_ne": null, "highway": "primary", "surface": "asphalt", "smoothness": null, "width": "14", "lanes": null, "oneway": "no", "bridge": null, "layer": null, "source": null, "adm0_pcode": "NPL", "adm0_name": "Nepal", "adm1_pcode": "NP03", "adm1_name": "Bagmati", "adm2_pcode": "NP0327", "adm2_name": "Kathmandu", "adm3_pcode": "NP0327101", "adm3_name": "Kathmandu", "adm4_pcode": null, "adm4_name": null, "name_latin": null, "path": "C:\\Users\\neetu\\Documents\\orimery road.geojson" }, "geometry": { "type": "MultiLineString", "coordinates": [ [ [ 85.3166044, 27.6999545 ], [ 85.3165459, 27.6998651 ], [ 85.3164918, 27.6997459 ], [ 85.3164426, 27.6996875 ], [ 85.3164152, 27.699646 ], [ 85.3163937, 27.6995712 ], [ 85.3163615, 27.6995154 ], [ 85.3163306, 27.6994667 ], [ 85.316273, 27.6994251 ], [ 85.3161208, 27.6993586 ] ] ] } },
{ "type": "Feature", "properties": { "id": "way/753805283", "name": "दरबार मार्ग", "name_en": "Durbar Marg", "name_ne": "दरबार मार्ग", "highway": "primary", "surface": "asphalt", "smoothness": "good", "width": "9", "lanes": "4", "oneway": "yes", "bridge": null, "layer": null, "source": null, "adm0_pcode": "NPL", "adm0_name": "Nepal", "adm1_pcode": "NP03", "adm1_name": "Bagmati", "adm2_pcode": "NP0327", "adm2_name": "Kathmandu", "adm3_pcode": "NP0327101", "adm3_name": "Kathmandu", "adm4_pcode": null, "adm4_name": null, "name_latin": "Durbar Marg", "path": "C:\\Users\\neetu\\Documents\\orimery road.geojson" }, "geometry": { "type": "MultiLineString", "coordinates": [ [ [ 85.3177535, 27.7129786 ], [ 85.3177622, 27.713033 ], [ 85.3177914, 27.7132165 ] ] ] } },
{ "type": "Feature", "properties": { "id": "way/231309040", "name": null, "name_en": null, "name_ne": null, "highway": "primary", "surface": "asphalt", "smoothness": null, "width": "9", "lanes": "2", "oneway": "yes", "bridge": null, "layer": null, "source": null, "adm0_pcode": "NPL", "adm0_name": "Nepal", "adm1_pcode": "NP03", "adm1_name": "Bagmati", "adm2_pcode": "NP0327", "adm2_name": "Kathmandu", "adm3_pcode": "NP0327101", "adm3_name": "Kathmandu", "adm4_pcode": null, "adm4_name": null, "name_latin": null, "path": "C:\\Users\\neetu\\Documents\\orimery road.geojson" }, "geometry": { "type": "MultiLineString", "coordinates": [ [ [ 85.3173596, 27.690153 ], [ 85.3174861, 27.6902819 ], [ 85.3175084, 27.690317 ], [ 85.3175299, 27.690359 ], [ 85.3175508, 27.6904276 ], [ 85.317575, 27.6905501 ], [ 85.3175761, 27.6905781 ] ] ] } },
{ "type": "Feature", "properties": { "id": "way/172385224", "name": null, "name_en": null, "name_ne": null, "highway": "primary", "surface": null, "smoothness": null, "width": "7", "lanes": null, "oneway": "yes", "bridge": null, "layer": null, "source": null, "adm0_pcode": "NPL", "adm0_name": "Nepal", "adm1_pcode": "NP03", "adm1_name": "Bagmati", "adm2_pcode": "NP0327", "adm2_name": "Kathmandu", "adm3_pcode": "NP0327101", "adm3_name": "Kathmandu", "adm4_pcode": null, "adm4_name": null, "name_latin": null, "path": "C:\\Users\\neetu\\Documents\\orimery road.geojson" }, "geometry": { "type": "MultiLineString", "coordinates": [ [ [ 85.3245739, 27.7131647 ], [ 85.3245961, 27.7132447 ], [ 85.3246375, 27.713311 ], [ 85.3247514, 27.7134418 ], [ 85.3248515, 27.7135818 ], [ 85.3249365, 27.7137562 ], [ 85.3249559, 27.7137949 ], [ 85.3249735, 27.71383 ], [ 85.3250007, 27.7139639 ], [ 85.3250041, 27.714129 ], [ 85.32501, 27.7142037 ], [ 85.3250166, 27.7143999 ], [ 85.3250512, 27.7147401 ], [ 85.3250732, 27.7148496 ], [ 85.3251174, 27.7149833 ], [ 85.3252345, 27.7152003 ], [ 85.3252507, 27.7152304 ], [ 85.3252792, 27.7152798 ], [ 85.3253849, 27.715409 ] ] ] } },
{ "type": "Feature", "properties": { "id": "way/224840652", "name": "Kanti Lokhpath", "name_en": null, "name_ne": "कान्ति लोकपथ", "highway": "primary", "surface": null, "smoothness": null, "width": null, "lanes": null, "oneway": null, "bridge": null, "layer": null, "source": null, "adm0_pcode": "NPL", "adm0_name": "Nepal", "adm1_pcode": "NP03", "adm1_name": "Bagmati", "adm2_pcode": "NP0325", "adm2_name": "Lalitpur", "adm3_pcode": "NP0325301", "adm3_name": "Godawari", "adm4_pcode": null, "adm4_name": null, "name_latin": "Kanti Lokhpath", "path": "C:\\Users\\neetu\\Documents\\orimery road.geojson" }, "geometry": { "type": "MultiLineString", "coordinates": [ [ [ 85.3231922, 27.5958242 ], [ 85.3233049, 27.5960298 ], [ 85.3233084, 27.5961368 ], [ 85.3233154, 27.5963416 ], [ 85.3233272, 27.5966883 ], [ 85.3233513, 27.5967977 ], [ 85.3233969, 27.5968927 ], [ 85.323643, 27.5972457 ], [ 85.3236692, 27.5972897 ], [ 85.323751, 27.5974145 ], [ 85.3238006, 27.597525 ], [ 85.3239106, 27.5978317 ], [ 85.3239562, 27.5981026 ], [ 85.3239736, 27.5983142 ], [ 85.3239785, 27.5983817 ], [ 85.3239883, 27.5985174 ], [ 85.3240058, 27.5987242 ], [ 85.3240031, 27.598893 ], [ 85.3239521, 27.5990974 ], [ 85.3238931, 27.5992472 ], [ 85.3238891, 27.599353 ], [ 85.3239186, 27.5994587 ], [ 85.3239991, 27.5996322 ], [ 85.3240487, 27.599864 ], [ 85.3240539, 27.6007537 ], [ 85.3240338, 27.6009296 ], [ 85.3239687, 27.6012535 ], [ 85.3239293, 27.6013769 ], [ 85.3237604, 27.6015659 ], [ 85.3237255, 27.6015944 ], [ 85.3236812, 27.6016384 ], [ 85.3236262, 27.6017014 ], [ 85.3235297, 27.6018547 ], [ 85.3233029, 27.6022001 ], [ 85.3231569, 27.6023004 ] ] ] } },
{ "type": "Feature", "properties": { "id": "way/672195635", "name": null, "name_en": null, "name_ne": null, "highway": "primary_link", "surface": "asphalt", "smoothness": "good", "width": "9", "lanes": null, "oneway": "yes", "bridge": null, "layer": null, "source": null, "adm0_pcode": "NPL", "adm0_name": "Nepal", "adm1_pcode": "NP03", "adm1_name": "Bagmati", "adm2_pcode": "NP0327", "adm2_name": "Kathmandu", "adm3_pcode": "NP0327101", "adm3_name": "Kathmandu", "adm4_pcode": null, "adm4_name": null, "name_latin": null, "path": "C:\\Users\\neetu\\Documents\\orimery road.geojson" }, "geometry": { "type": "MultiLineString", "coordinates": [ [ [ 85.3177622, 27.713033 ], [ 85.3177599, 27.7130953 ], [ 85.317715, 27.7131539 ], [ 85.3176529, 27.7132043 ], [ 85.3175133, 27.7132603 ] ] ] } },
{ "type": "Feature", "properties": { "id": "way/340962613", "name": "Kanti Highway", "name_en": null, "name_ne": null, "highway": "primary", "surface": null, "smoothness": null, "width": null, "lanes": null, "oneway": null, "bridge": null, "layer": null, "source": null, "adm0_pcode": "NPL", "adm0_name": "Nepal", "adm1_pcode": "NP03", "adm1_name": "Bagmati", "adm2_pcode": "NP0325", "adm2_name": "Lalitpur", "adm3_pcode": "NP0325401", "adm3_name": "Bagmati", "adm4_pcode": null, "adm4_name": null, "name_latin": "Kanti Highway", "path": "C:\\Users\\neetu\\Documents\\orimery road.geojson" }, "geometry": { "type": "MultiLineString", "coordinates": [ [ [ 85.2936012, 27.5290905 ], [ 85.2937595, 27.5289892 ], [ 85.2939148, 27.5289192 ], [ 85.2939668, 27.5288256 ], [ 85.2939874, 27.5287203 ], [ 85.2939425, 27.5286445 ], [ 85.2939254, 27.5285966 ], [ 85.2938641, 27.5285236 ], [ 85.2938803, 27.5283439 ], [ 85.2938675, 27.5282177 ], [ 85.2938313, 27.5279994 ], [ 85.2938201, 27.5277993 ], [ 85.2938834, 27.5277448 ], [ 85.2939052, 27.5276754 ], [ 85.2938928, 27.5276002 ], [ 85.2938709, 27.5275461 ], [ 85.293818, 27.527485 ], [ 85.2937508, 27.5274406 ], [ 85.2936733, 27.5274197 ], [ 85.2935767, 27.5274123 ], [ 85.2934772, 27.5274165 ], [ 85.293345, 27.5273623 ], [ 85.2932197, 27.5272654 ], [ 85.2930887, 27.527159 ], [ 85.293047, 27.5270818 ], [ 85.2930395, 27.527011 ], [ 85.2931451, 27.52686 ], [ 85.293259, 27.5267446 ], [ 85.2932555, 27.5266556 ], [ 85.2932322, 27.526535 ], [ 85.2932113, 27.526423 ], [ 85.2932185, 27.5263217 ], [ 85.2932933, 27.5261347 ], [ 85.2933584, 27.5259511 ], [ 85.293383, 27.5258641 ], [ 85.293383, 27.5257924 ], [ 85.2933915, 27.5256782 ], [ 85.2934381, 27.5255782 ], [ 85.293486, 27.5254651 ], [ 85.2935483, 27.5253769 ], [ 85.2937925, 27.5251857 ], [ 85.2939813, 27.5250259 ], [ 85.2941552, 27.5248974 ], [ 85.2941872, 27.524803 ], [ 85.2941382, 27.5245769 ], [ 85.2940867, 27.5244247 ], [ 85.2940789, 27.5243062 ], [ 85.2942116, 27.524008 ], [ 85.2942784, 27.5238307 ], [ 85.2943245, 27.5236864 ], [ 85.2944176, 27.523505 ], [ 85.294452, 27.5234396 ], [ 85.2944329, 27.523358 ], [ 85.2943356, 27.5232743 ], [ 85.2942082, 27.523192 ], [ 85.2940818, 27.523183 ], [ 85.294018, 27.5231711 ], [ 85.2939842, 27.5231293 ], [ 85.2939616, 27.5230863 ], [ 85.2939751, 27.5230232 ], [ 85.2940215, 27.5229007 ], [ 85.2940744, 27.5227079 ], [ 85.2940717, 27.5225145 ], [ 85.2940585, 27.5223861 ], [ 85.2940531, 27.5222694 ], [ 85.2939732, 27.5221616 ], [ 85.2939093, 27.5221016 ], [ 85.2938623, 27.5220697 ], [ 85.2938103, 27.5220701 ], [ 85.2936318, 27.5222328 ], [ 85.2935448, 27.5223219 ], [ 85.2934448, 27.5223869 ], [ 85.2933364, 27.5225328 ], [ 85.2932739, 27.5226035 ], [ 85.2932265, 27.5226348 ], [ 85.2931353, 27.5226622 ], [ 85.2930446, 27.5226666 ], [ 85.2929235, 27.5226809 ], [ 85.2928325, 27.5227046 ], [ 85.2927418, 27.5227296 ], [ 85.2926424, 27.5228309 ], [ 85.292541, 27.5229549 ], [ 85.292434, 27.5231276 ], [ 85.2923543, 27.5232341 ], [ 85.2922825, 27.5232884 ], [ 85.2922305, 27.5233146 ], [ 85.2921827, 27.5233809 ], [ 85.2921873, 27.5234559 ], [ 85.2921937, 27.5235386 ], [ 85.2922367, 27.5236138 ], [ 85.2922967, 27.5237038 ], [ 85.2923372, 27.523793 ], [ 85.2923139, 27.5238452 ], [ 85.2922948, 27.5238616 ], [ 85.2922134, 27.5239528 ], [ 85.2921222, 27.5240754 ], [ 85.2919875, 27.5242473 ], [ 85.2918587, 27.5244098 ], [ 85.2917781, 27.5245323 ], [ 85.2916555, 27.524579 ], [ 85.291539, 27.5245851 ], [ 85.2913809, 27.5245301 ], [ 85.2912423, 27.5244595 ], [ 85.2908966, 27.5243029 ], [ 85.2906938, 27.5242064 ], [ 85.290622, 27.5242007 ], [ 85.2905693, 27.5242181 ], [ 85.2904527, 27.5243073 ], [ 85.2903078, 27.5244335 ], [ 85.2900895, 27.5245606 ], [ 85.2899612, 27.524753 ], [ 85.2898948, 27.5249352 ], [ 85.289783, 27.52515 ], [ 85.2896804, 27.5253673 ], [ 85.2896007, 27.5254836 ], [ 85.2895946, 27.5255651 ], [ 85.2895504, 27.5256668 ], [ 85.289564, 27.5257413 ], [ 85.2895441, 27.5257829 ], [ 85.2895179, 27.5258047 ], [ 85.2894193, 27.5257901 ], [ 85.2891966, 27.5257179 ], [ 85.2889259, 27.5257181 ], [ 85.2887609, 27.525676 ], [ 85.2886101, 27.5256571 ], [ 85.2885096, 27.5256478 ], [ 85.2884422, 27.5256565 ], [ 85.2883268, 27.5256963 ], [ 85.2881888, 27.5258388 ], [ 85.2879457, 27.5259842 ], [ 85.2878157, 27.5260718 ], [ 85.287663, 27.5260986 ], [ 85.2874749, 27.526149 ], [ 85.2873131, 27.5262085 ], [ 85.2871818, 27.5262545 ], [ 85.2870649, 27.5262782 ], [ 85.2869575, 27.5263056 ], [ 85.2868754, 27.5263442 ], [ 85.286852, 27.5263795 ], [ 85.286852, 27.5264447 ], [ 85.2868759, 27.5265344 ], [ 85.2868962, 27.5266991 ], [ 85.2868741, 27.5267861 ], [ 85.2868219, 27.5268647 ], [ 85.2867699, 27.5268818 ], [ 85.2867135, 27.5268829 ], [ 85.2866436, 27.5268742 ], [ 85.2865786, 27.5268731 ], [ 85.2865222, 27.5268818 ], [ 85.2864787, 27.5269154 ], [ 85.2863604, 27.5270438 ], [ 85.286304, 27.5270916 ], [ 85.2861998, 27.5271221 ], [ 85.2861311, 27.5271242 ], [ 85.2860221, 27.527112 ], [ 85.2859681, 27.527071 ], [ 85.2859509, 27.5270003 ], [ 85.2859583, 27.526922 ], [ 85.2859779, 27.5267872 ], [ 85.2859754, 27.5266143 ], [ 85.2859448, 27.5264947 ], [ 85.2859183, 27.5263515 ], [ 85.28587, 27.5261349 ], [ 85.2857965, 27.5260087 ], [ 85.2856959, 27.5259 ], [ 85.2856469, 27.5258511 ], [ 85.2856198, 27.5257894 ], [ 85.2856579, 27.5257058 ], [ 85.2857567, 27.5256289 ], [ 85.2858746, 27.525615 ], [ 85.2859838, 27.5256273 ], [ 85.2860767, 27.525625 ], [ 85.2862092, 27.5255351 ], [ 85.2863514, 27.5253844 ], [ 85.2865027, 27.5250748 ], [ 85.2867558, 27.5245885 ], [ 85.2868785, 27.5244526 ], [ 85.2869806, 27.5243095 ], [ 85.2869825, 27.5241282 ], [ 85.286958, 27.523956 ], [ 85.2870137, 27.5238191 ], [ 85.2871282, 27.5237253 ], [ 85.2872704, 27.5236441 ], [ 85.2873969, 27.5235854 ], [ 85.2875121, 27.5235225 ], [ 85.2875616, 27.523324 ], [ 85.2876199, 27.5230886 ], [ 85.2876587, 27.5229673 ], [ 85.287631, 27.5228797 ], [ 85.2876605, 27.5227874 ], [ 85.2877066, 27.5227185 ], [ 85.2877211, 27.5226475 ], [ 85.287709, 27.522566 ], [ 85.2876839, 27.5224006 ], [ 85.2876917, 27.5223261 ], [ 85.2877471, 27.5222569 ], [ 85.2878286, 27.5222123 ], [ 85.2879153, 27.5221647 ], [ 85.2879893, 27.5221821 ], [ 85.2880523, 27.5221877 ], [ 85.2881161, 27.52216 ], [ 85.2886437, 27.5217871 ], [ 85.289107, 27.5214404 ], [ 85.2891776, 27.5213098 ], [ 85.2892252, 27.5211867 ], [ 85.2893839, 27.5210038 ], [ 85.2895583, 27.5208508 ], [ 85.2897383, 27.520461 ], [ 85.2899387, 27.5202519 ], [ 85.2900167, 27.5201796 ], [ 85.2900716, 27.5201014 ], [ 85.2900948, 27.5200566 ], [ 85.2900982, 27.5200028 ], [ 85.2900022, 27.5199246 ], [ 85.2898002, 27.519764 ], [ 85.2896908, 27.5197244 ], [ 85.2895794, 27.5196749 ], [ 85.2894255, 27.5194738 ], [ 85.2892732, 27.5192805 ], [ 85.289214, 27.519134 ], [ 85.289215, 27.5189859 ], [ 85.2891568, 27.5189049 ], [ 85.2890367, 27.5188705 ], [ 85.2887948, 27.5188542 ], [ 85.28868, 27.5188295 ], [ 85.2885966, 27.5187774 ], [ 85.2885274, 27.5187173 ], [ 85.2885012, 27.5186286 ], [ 85.2884425, 27.5183579 ], [ 85.2883969, 27.5180121 ], [ 85.2883471, 27.5179654 ], [ 85.2882725, 27.5179469 ], [ 85.2882008, 27.5179571 ], [ 85.2880246, 27.5180284 ], [ 85.2878856, 27.5181578 ], [ 85.2878668, 27.518216 ], [ 85.2878061, 27.5182468 ], [ 85.2877535, 27.5182406 ], [ 85.2877177, 27.5182129 ], [ 85.2876795, 27.5181391 ], [ 85.2876712, 27.5180454 ], [ 85.2876345, 27.5179346 ], [ 85.2875808, 27.5178858 ], [ 85.2875183, 27.5178854 ], [ 85.2874212, 27.5179285 ], [ 85.2873553, 27.5179408 ], [ 85.2872903, 27.5179111 ], [ 85.287201, 27.5178716 ], [ 85.2871462, 27.5177984 ], [ 85.2870513, 27.517665 ], [ 85.2870762, 27.5175886 ], [ 85.2871182, 27.5175047 ], [ 85.2871472, 27.5174195 ], [ 85.2871386, 27.5173334 ], [ 85.2870798, 27.5172486 ], [ 85.2870311, 27.5171473 ], [ 85.2870744, 27.5170551 ], [ 85.2871455, 27.5170381 ], [ 85.2871688, 27.5170147 ], [ 85.2871839, 27.5170071 ], [ 85.2872522, 27.5169781 ], [ 85.287316, 27.5169228 ], [ 85.2873839, 27.5168558 ], [ 85.2874601, 27.5167833 ], [ 85.2875686, 27.5166583 ], [ 85.2876132, 27.5165302 ], [ 85.2876252, 27.516326 ], [ 85.2876386, 27.5162173 ], [ 85.2876856, 27.5161184 ], [ 85.2877157, 27.5159324 ], [ 85.2877335, 27.5157867 ], [ 85.2877679, 27.5156142 ], [ 85.2878709, 27.5155054 ], [ 85.2879683, 27.5154649 ], [ 85.2880679, 27.5153743 ], [ 85.2881685, 27.5153098 ], [ 85.2881917, 27.5152673 ], [ 85.2882373, 27.5152206 ], [ 85.2882815, 27.5151215 ], [ 85.2882747, 27.5149089 ], [ 85.2883374, 27.5148667 ], [ 85.288406, 27.51479 ], [ 85.2884729, 27.5147311 ], [ 85.2886175, 27.5147162 ], [ 85.2887434, 27.5146598 ], [ 85.2888798, 27.5146186 ], [ 85.2889227, 27.5146393 ], [ 85.2890192, 27.5146511 ], [ 85.2891342, 27.5147008 ], [ 85.2892256, 27.5147826 ], [ 85.2893588, 27.5148825 ], [ 85.2895642, 27.5149084 ], [ 85.289636, 27.5149563 ], [ 85.2897211, 27.5150131 ], [ 85.289852, 27.5150407 ], [ 85.2900271, 27.5149668 ], [ 85.2902951, 27.5148609 ], [ 85.2905039, 27.5147823 ], [ 85.2906322, 27.51475 ], [ 85.2907588, 27.514727 ], [ 85.2908975, 27.5147003 ], [ 85.2910829, 27.5146902 ], [ 85.291199, 27.514597 ], [ 85.2912284, 27.5144029 ], [ 85.2912668, 27.5142703 ], [ 85.2913327, 27.5141626 ], [ 85.2913772, 27.5140612 ], [ 85.291331, 27.5139396 ], [ 85.2913431, 27.513852 ], [ 85.2913929, 27.5137621 ], [ 85.2915924, 27.5136845 ], [ 85.2916934, 27.5135675 ], [ 85.2918094, 27.5134012 ], [ 85.2918305, 27.5132009 ], [ 85.2917042, 27.5130374 ], [ 85.291643, 27.5128432 ], [ 85.291754, 27.5126714 ], [ 85.2919449, 27.512505 ], [ 85.2922546, 27.5122498 ], [ 85.292393, 27.5121767 ], [ 85.2925162, 27.5121193 ], [ 85.2927369, 27.5119613 ], [ 85.2930408, 27.511799 ], [ 85.2931631, 27.5117844 ], [ 85.2933214, 27.5117637 ], [ 85.2934127, 27.5118494 ], [ 85.2935399, 27.5119729 ], [ 85.2935867, 27.5121157 ], [ 85.2936774, 27.5122025 ], [ 85.2937967, 27.5122406 ], [ 85.293918, 27.5122746 ], [ 85.2939979, 27.5122799 ], [ 85.29408, 27.5122805 ], [ 85.2941138, 27.5122142 ], [ 85.294173, 27.5121267 ], [ 85.2941762, 27.5119591 ], [ 85.2942552, 27.5117643 ], [ 85.2942936, 27.511675 ], [ 85.29436, 27.5116376 ], [ 85.2944591, 27.5115989 ], [ 85.294539, 27.5115462 ], [ 85.2946482, 27.5113565 ], [ 85.2947983, 27.5111533 ], [ 85.2950818, 27.5109599 ], [ 85.2951671, 27.5108468 ], [ 85.2952367, 27.5106824 ], [ 85.2952875, 27.5104481 ], [ 85.2952917, 27.5102128 ], [ 85.2953677, 27.5100984 ], [ 85.2955618, 27.5099874 ], [ 85.2957228, 27.5099399 ], [ 85.2958349, 27.5099335 ], [ 85.2959829, 27.5099518 ], [ 85.2960828, 27.5099441 ], [ 85.2962525, 27.5098937 ], [ 85.2964124, 27.5098259 ], [ 85.2966854, 27.5098326 ], [ 85.2969125, 27.5098008 ], [ 85.2972743, 27.5096138 ], [ 85.2974167, 27.5094832 ], [ 85.297534, 27.5093904 ], [ 85.2976196, 27.509311 ], [ 85.2977023, 27.5091823 ], [ 85.2976473, 27.5090788 ], [ 85.2975802, 27.5090581 ], [ 85.2975096, 27.5090056 ], [ 85.2974992, 27.5088387 ], [ 85.2974553, 27.5087576 ], [ 85.2973739, 27.5086518 ], [ 85.297342, 27.508503 ], [ 85.2976216, 27.5082933 ], [ 85.2977652, 27.5081898 ], [ 85.2979047, 27.5081314 ], [ 85.2980635, 27.5080669 ], [ 85.2982581, 27.5079493 ], [ 85.2985287, 27.5077667 ], [ 85.298568, 27.5076348 ], [ 85.2985365, 27.5074819 ], [ 85.2985662, 27.5073356 ], [ 85.2987528, 27.507235 ], [ 85.2989648, 27.5071715 ], [ 85.2990933, 27.5069474 ], [ 85.2991263, 27.5068013 ], [ 85.2991386, 27.5066858 ], [ 85.2992334, 27.5065111 ], [ 85.2993232, 27.5063011 ], [ 85.2993794, 27.5060877 ], [ 85.2992919, 27.5060139 ], [ 85.2992002, 27.5059556 ], [ 85.2990719, 27.5057528 ], [ 85.2988299, 27.5054934 ], [ 85.2987493, 27.5053467 ], [ 85.2987651, 27.5052224 ], [ 85.2988889, 27.5051433 ], [ 85.2990966, 27.5050672 ], [ 85.2993324, 27.5049912 ], [ 85.2994763, 27.5048967 ], [ 85.2995824, 27.5047847 ], [ 85.2996867, 27.5046115 ], [ 85.299789, 27.504427 ], [ 85.2998278, 27.5042848 ], [ 85.2998311, 27.5041944 ], [ 85.2998082, 27.504129 ], [ 85.2997323, 27.5039632 ], [ 85.2996451, 27.5037971 ], [ 85.2995719, 27.5036167 ], [ 85.2995946, 27.5034308 ], [ 85.2997514, 27.5032568 ], [ 85.2999334, 27.503142 ], [ 85.3001588, 27.5030983 ], [ 85.3004722, 27.5030924 ], [ 85.3005357, 27.5030657 ], [ 85.3006322, 27.5029317 ], [ 85.3007355, 27.5027459 ], [ 85.300762, 27.5026858 ], [ 85.3007736, 27.5026054 ], [ 85.3005371, 27.5023515 ], [ 85.3003594, 27.502197 ], [ 85.3002786, 27.5021387 ], [ 85.3002706, 27.5020416 ], [ 85.3002932, 27.5019016 ], [ 85.300313, 27.5018306 ], [ 85.3002621, 27.5017606 ], [ 85.3001767, 27.5016774 ], [ 85.3000216, 27.5016574 ], [ 85.2999331, 27.5016292 ], [ 85.2997185, 27.5016292 ], [ 85.2996147, 27.5016794 ], [ 85.2995077, 27.5017447 ], [ 85.2994209, 27.5018417 ], [ 85.299323, 27.5018899 ], [ 85.2990628, 27.5019308 ], [ 85.2988471, 27.5021031 ], [ 85.2986651, 27.5021508 ], [ 85.2985764, 27.5022363 ], [ 85.2983946, 27.5022953 ], [ 85.2983702, 27.502318 ], [ 85.2982479, 27.5023936 ], [ 85.2976949, 27.5025252 ], [ 85.2973122, 27.5025576 ], [ 85.2971359, 27.5026998 ], [ 85.2969989, 27.5028751 ], [ 85.2969231, 27.5030168 ], [ 85.2967799, 27.5032528 ], [ 85.2966873, 27.5033854 ], [ 85.2966204, 27.5034695 ], [ 85.2964527, 27.5036182 ], [ 85.296292, 27.5036877 ], [ 85.296167, 27.5037436 ], [ 85.2960609, 27.5038809 ], [ 85.2960324, 27.5039606 ], [ 85.2959064, 27.5040536 ], [ 85.2957325, 27.5042071 ], [ 85.2956063, 27.5044425 ], [ 85.295218, 27.5046894 ], [ 85.295039, 27.5048428 ], [ 85.29495, 27.5050597 ], [ 85.2947018, 27.5052584 ], [ 85.2942868, 27.5054571 ], [ 85.2940692, 27.5054413 ], [ 85.2939248, 27.5054261 ], [ 85.2937548, 27.5054722 ], [ 85.2935287, 27.5054995 ], [ 85.2934065, 27.5055452 ], [ 85.2932252, 27.5056323 ], [ 85.2929757, 27.5057069 ], [ 85.2927082, 27.5057848 ], [ 85.2926025, 27.5057782 ], [ 85.2923917, 27.5059603 ], [ 85.2921445, 27.5060213 ], [ 85.2919224, 27.506057 ], [ 85.2917785, 27.5060916 ], [ 85.2916713, 27.5060862 ], [ 85.2915165, 27.5059937 ], [ 85.291297, 27.5057714 ], [ 85.291176, 27.5055892 ], [ 85.2911018, 27.505534 ], [ 85.2909834, 27.5055116 ], [ 85.2908952, 27.5054612 ], [ 85.2907995, 27.5054261 ], [ 85.2907771, 27.5053371 ], [ 85.2907207, 27.5052421 ], [ 85.2906617, 27.5051645 ], [ 85.29065, 27.505088 ], [ 85.2907396, 27.5049634 ], [ 85.2908051, 27.5048335 ], [ 85.2907882, 27.5047466 ], [ 85.2907724, 27.5046901 ], [ 85.2907644, 27.504632 ], [ 85.2908313, 27.5045524 ], [ 85.2908848, 27.5044857 ], [ 85.2909167, 27.5044481 ], [ 85.2907912, 27.5043029 ], [ 85.2907216, 27.5041647 ], [ 85.2907358, 27.5041225 ], [ 85.2907345, 27.5040378 ], [ 85.2908254, 27.5038441 ], [ 85.2907737, 27.5037955 ], [ 85.2907321, 27.5037145 ], [ 85.2906933, 27.5036242 ], [ 85.2906975, 27.5035342 ], [ 85.290649, 27.5033917 ], [ 85.2906044, 27.5032918 ], [ 85.2905684, 27.503232 ], [ 85.2904955, 27.5031774 ], [ 85.2904421, 27.5031112 ], [ 85.290407, 27.5029415 ], [ 85.2903242, 27.5027127 ], [ 85.2903198, 27.5026184 ], [ 85.2903143, 27.5023661 ], [ 85.2904775, 27.5022105 ], [ 85.2906795, 27.5020661 ], [ 85.2907957, 27.5019447 ], [ 85.2906972, 27.5017752 ], [ 85.2905673, 27.5017165 ], [ 85.2904702, 27.5016292 ], [ 85.2903647, 27.5015203 ], [ 85.2902261, 27.5015507 ], [ 85.2900593, 27.5014961 ], [ 85.2899531, 27.5014316 ], [ 85.2898457, 27.5013836 ], [ 85.2897704, 27.5012271 ], [ 85.2895317, 27.501099 ], [ 85.2893278, 27.5010607 ], [ 85.2891634, 27.501002 ], [ 85.2889882, 27.5008802 ], [ 85.2887877, 27.5007706 ], [ 85.2885094, 27.5007631 ], [ 85.2882354, 27.5006986 ], [ 85.2877896, 27.5007046 ], [ 85.2877494, 27.5007347 ], [ 85.2877132, 27.5008313 ], [ 85.2875664, 27.5010123 ], [ 85.2874776, 27.5011635 ], [ 85.2873782, 27.5013495 ], [ 85.2872835, 27.5015034 ], [ 85.2871524, 27.5015922 ], [ 85.287087, 27.5016819 ], [ 85.2870822, 27.5017532 ], [ 85.2870828, 27.5018601 ], [ 85.2870779, 27.5019091 ], [ 85.2870529, 27.501966 ], [ 85.2869672, 27.5020769 ], [ 85.2868514, 27.5022107 ], [ 85.2867544, 27.5023766 ], [ 85.2866661, 27.5024135 ], [ 85.2866224, 27.5024484 ], [ 85.2865934, 27.5024959 ], [ 85.2865297, 27.5026262 ], [ 85.2864907, 27.5028293 ], [ 85.2865122, 27.5029831 ], [ 85.2865081, 27.5030882 ], [ 85.2864819, 27.5031626 ], [ 85.2864367, 27.5032249 ], [ 85.2863489, 27.5032447 ], [ 85.2861987, 27.5032195 ], [ 85.2861014, 27.5031483 ], [ 85.2859982, 27.5030605 ], [ 85.2858357, 27.5029526 ], [ 85.2857156, 27.5028584 ], [ 85.2856095, 27.5027378 ], [ 85.2854867, 27.502588 ], [ 85.2854604, 27.5024709 ], [ 85.2855692, 27.5023028 ], [ 85.2855645, 27.5021431 ], [ 85.2855472, 27.5020448 ], [ 85.2855028, 27.5018862 ], [ 85.2853277, 27.5017422 ], [ 85.2853001, 27.5016245 ], [ 85.2852478, 27.5015287 ], [ 85.2851202, 27.5014932 ], [ 85.2850301, 27.501409 ], [ 85.2849327, 27.501325 ], [ 85.2847271, 27.501144 ], [ 85.2846779, 27.5008674 ], [ 85.2847426, 27.5006399 ], [ 85.2847752, 27.5005008 ], [ 85.2848094, 27.5003612 ], [ 85.2847884, 27.5002485 ], [ 85.2847141, 27.5001446 ], [ 85.2845598, 27.5001253 ], [ 85.2844999, 27.5001346 ], [ 85.2844376, 27.5001436 ], [ 85.2843453, 27.5001938 ], [ 85.2842693, 27.500244 ], [ 85.284145, 27.500252 ], [ 85.2839408, 27.5001967 ], [ 85.2837983, 27.5001272 ], [ 85.2836827, 27.4999816 ], [ 85.2836568, 27.4998256 ], [ 85.2834214, 27.4995261 ], [ 85.2833547, 27.499423 ], [ 85.2832489, 27.4993694 ], [ 85.2830824, 27.4993888 ], [ 85.28283, 27.4995198 ], [ 85.2826885, 27.4996567 ], [ 85.2826375, 27.4997982 ], [ 85.2826236, 27.4999147 ], [ 85.2825586, 27.5001258 ], [ 85.282518, 27.5003563 ], [ 85.2824767, 27.5006122 ], [ 85.2824608, 27.5006873 ], [ 85.2823991, 27.5007363 ], [ 85.2821478, 27.5009026 ], [ 85.2821084, 27.5010326 ], [ 85.2820779, 27.5011652 ], [ 85.282052, 27.5012905 ], [ 85.2820154, 27.5013901 ], [ 85.2820051, 27.5015458 ], [ 85.281987, 27.501665 ], [ 85.2819134, 27.5017855 ], [ 85.2818116, 27.5018811 ], [ 85.2818068, 27.5019907 ], [ 85.2817985, 27.5021009 ], [ 85.2816927, 27.5022609 ], [ 85.2815876, 27.5023596 ], [ 85.2814987, 27.5024096 ], [ 85.281402, 27.5024522 ], [ 85.2813017, 27.5024339 ], [ 85.2811598, 27.5024057 ], [ 85.2809737, 27.5023769 ], [ 85.2808276, 27.5023557 ], [ 85.2806838, 27.5022844 ], [ 85.2804286, 27.5021758 ], [ 85.2803179, 27.5020681 ], [ 85.2802462, 27.5019248 ], [ 85.2800647, 27.5018835 ], [ 85.2799694, 27.5018805 ], [ 85.2798771, 27.5018568 ], [ 85.2797974, 27.501814 ], [ 85.279728, 27.5017475 ], [ 85.2796684, 27.5016372 ], [ 85.2796123, 27.501513 ], [ 85.2795715, 27.5013932 ], [ 85.2795375, 27.5013309 ], [ 85.2795016, 27.5012475 ], [ 85.2794796, 27.5011205 ], [ 85.2794701, 27.5010274 ], [ 85.279448, 27.5009435 ], [ 85.2793969, 27.5008874 ], [ 85.2792561, 27.5008132 ], [ 85.2790943, 27.5007367 ], [ 85.2789848, 27.5006588 ], [ 85.278883, 27.5006281 ], [ 85.2787574, 27.5006132 ], [ 85.2786374, 27.5005954 ], [ 85.2785347, 27.5005372 ], [ 85.2784307, 27.5004553 ], [ 85.2783415, 27.5003417 ], [ 85.2782728, 27.5001042 ], [ 85.2782091, 27.4999609 ], [ 85.2782115, 27.4998383 ], [ 85.2783188, 27.4996951 ], [ 85.2783569, 27.4995705 ], [ 85.2783314, 27.4994861 ], [ 85.2782869, 27.4994635 ], [ 85.278239, 27.4994634 ], [ 85.2781562, 27.4994934 ], [ 85.2780999, 27.4995927 ], [ 85.2780127, 27.4998641 ], [ 85.278063, 27.5001767 ], [ 85.2779759, 27.5004244 ], [ 85.2778375, 27.5006237 ], [ 85.2777636, 27.5006673 ], [ 85.2776616, 27.5006701 ], [ 85.2775264, 27.5006225 ], [ 85.2774055, 27.5006156 ], [ 85.2772039, 27.5007301 ], [ 85.2771227, 27.5008114 ], [ 85.2770197, 27.5009067 ], [ 85.2768263, 27.501139 ], [ 85.276754, 27.5012752 ], [ 85.2767526, 27.5013925 ], [ 85.2766913, 27.5014737 ], [ 85.2765512, 27.5015525 ], [ 85.2764121, 27.5015952 ], [ 85.2762875, 27.5016484 ], [ 85.2761276, 27.5018015 ], [ 85.2760309, 27.5020162 ], [ 85.2759895, 27.5021554 ], [ 85.2759251, 27.5023179 ], [ 85.2758707, 27.5024267 ], [ 85.2757722, 27.5024884 ], [ 85.2756966, 27.5025125 ], [ 85.275617, 27.5025057 ], [ 85.2755874, 27.5024937 ], [ 85.2755109, 27.5024622 ], [ 85.2754631, 27.5023988 ], [ 85.2754222, 27.5023285 ], [ 85.2753979, 27.5022298 ], [ 85.275369, 27.5021688 ], [ 85.2753534, 27.5021079 ], [ 85.2753248, 27.502065 ], [ 85.2752203, 27.5019805 ], [ 85.2752269, 27.50187 ], [ 85.275324, 27.501812 ], [ 85.2753192, 27.501743 ], [ 85.2753101, 27.5016926 ], [ 85.2751932, 27.5016453 ], [ 85.2751, 27.5015249 ], [ 85.2750076, 27.5014239 ], [ 85.2750041, 27.5013244 ], [ 85.2749539, 27.5012169 ], [ 85.274931, 27.5011625 ], [ 85.2748292, 27.501088 ], [ 85.2747877, 27.5009721 ], [ 85.2748369, 27.5008559 ], [ 85.2749629, 27.5007596 ], [ 85.2749991, 27.5006216 ], [ 85.2750899, 27.5005421 ], [ 85.2751796, 27.500474 ], [ 85.2752007, 27.5004145 ], [ 85.2752201, 27.5003792 ], [ 85.2751223, 27.5003003 ], [ 85.2750163, 27.5002367 ], [ 85.2749735, 27.5002132 ], [ 85.2748849, 27.5001639 ], [ 85.2747954, 27.5001427 ], [ 85.2747186, 27.5001097 ], [ 85.2746661, 27.5000869 ], [ 85.2746375, 27.5000564 ], [ 85.2745799, 27.5000294 ], [ 85.2744897, 27.4999631 ], [ 85.2744245, 27.4999034 ], [ 85.2743698, 27.4997774 ], [ 85.2744072, 27.4996749 ], [ 85.2745699, 27.4994562 ], [ 85.2747743, 27.4993719 ], [ 85.2749043, 27.4992994 ], [ 85.2749871, 27.4992754 ], [ 85.2750285, 27.499242 ], [ 85.275036, 27.4991961 ], [ 85.2750416, 27.4991434 ], [ 85.2749622, 27.4990248 ], [ 85.2748645, 27.4988876 ], [ 85.274833, 27.4987917 ], [ 85.274931, 27.4987562 ], [ 85.2750342, 27.4986464 ], [ 85.2752387, 27.4985499 ], [ 85.2753059, 27.498461 ], [ 85.2753072, 27.4983725 ], [ 85.2752999, 27.4982875 ], [ 85.2752238, 27.498171 ], [ 85.2751462, 27.4980929 ], [ 85.2750821, 27.4980703 ], [ 85.2750318, 27.4980709 ], [ 85.2749461, 27.4980823 ], [ 85.2748416, 27.4980545 ], [ 85.2747096, 27.4979872 ], [ 85.2745918, 27.4979474 ], [ 85.2744993, 27.4979083 ], [ 85.2744189, 27.4978229 ], [ 85.2743796, 27.497769 ], [ 85.2742868, 27.4977113 ], [ 85.2741418, 27.4976893 ], [ 85.2738775, 27.4975851 ], [ 85.2738116, 27.4973944 ] ] ] } },
{ "type": "Feature", "properties": { "id": "way/432536757", "name": "समा मार्ग", "name_en": "Sama Marga", "name_ne": "समा मार्ग", "highway": "primary", "surface": "asphalt", "smoothness": "intermediate", "width": "9", "lanes": null, "oneway": "yes", "bridge": null, "layer": null, "source": null, "adm0_pcode": "NPL", "adm0_name": "Nepal", "adm1_pcode": "NP03", "adm1_name": "Bagmati", "adm2_pcode": "NP0327", "adm2_name": "Kathmandu", "adm3_pcode": "NP0327101", "adm3_name": "Kathmandu", "adm4_pcode": null, "adm4_name": null, "name_latin": "Sama Marga", "path": "C:\\Users\\neetu\\Documents\\orimery road.geojson" }, "geometry": { "type": "MultiLineString", "coordinates": [ [ [ 85.3253849, 27.715409 ], [ 85.3254783, 27.7154033 ], [ 85.3258028, 27.7152553 ], [ 85.3261599, 27.7151088 ], [ 85.3262208, 27.7150756 ] ] ] } },
{ "type": "Feature", "properties": { "id": "way/1091877764", "name": null, "name_en": null, "name_ne": null, "highway": "primary", "surface": null, "smoothness": null, "width": "7", "lanes": "2", "oneway": "yes", "bridge": null, "layer": null, "source": null, "adm0_pcode": "NPL", "adm0_name": "Nepal", "adm1_pcode": "NP03", "adm1_name": "Bagmati", "adm2_pcode": "NP0327", "adm2_name": "Kathmandu", "adm3_pcode": "NP0327101", "adm3_name": "Kathmandu", "adm4_pcode": null, "adm4_name": null, "name_latin": null, "path": "C:\\Users\\neetu\\Documents\\orimery road.geojson" }, "geometry": { "type": "MultiLineString", "coordinates": [ [ [ 85.2962849, 27.6851331 ], [ 85.2971823, 27.6850261 ], [ 85.2973246, 27.6850071 ], [ 85.2975129, 27.6849859 ], [ 85.297524, 27.6849846 ] ] ] } },
{ "type": "Feature", "properties": { "id": "way/28579443", "name": "दरबार मार्ग", "name_en": "Durbar Marg", "name_ne": "दरबार मार्ग", "highway": "primary", "surface": "asphalt", "smoothness": null, "width": "9", "lanes": "2", "oneway": "yes", "bridge": null, "layer": null, "source": null, "adm0_pcode": "NPL", "adm0_name": "Nepal", "adm1_pcode": "NP03", "adm1_name": "Bagmati", "adm2_pcode": "NP0327", "adm2_name": "Kathmandu", "adm3_pcode": "NP0327101", "adm3_name": "Kathmandu", "adm4_pcode": null, "adm4_name": null, "name_latin": "Durbar Marg", "path": "C:\\Users\\neetu\\Documents\\orimery road.geojson" }, "geometry": { "type": "MultiLineString", "coordinates": [ [ [ 85.3170477, 27.7089737 ], [ 85.317025, 27.7089132 ], [ 85.3167795, 27.708002 ] ] ] } },
{ "type": "Feature", "properties": { "id": "way/751465454", "name": null, "name_en": null, "name_ne": null, "highway": "primary", "surface": "asphalt", "smoothness": null, "width": "6", "lanes": "2", "oneway": "yes", "bridge": null, "layer": null, "source": null, "adm0_pcode": "NPL", "adm0_name": "Nepal", "adm1_pcode": "NP03", "adm1_name": "Bagmati", "adm2_pcode": "NP0325", "adm2_name": "Lalitpur", "adm3_pcode": "NP0325101", "adm3_name": "Lalitpur", "adm4_pcode": null, "adm4_name": null, "name_latin": null, "path": "C:\\Users\\neetu\\Documents\\orimery road.geojson" }, "geometry": { "type": "MultiLineString", "coordinates": [ [ [ 85.3180793, 27.6613577 ], [ 85.3175473, 27.6617636 ], [ 85.3173813, 27.6618963 ], [ 85.316944, 27.6622457 ], [ 85.3163525, 27.6626809 ], [ 85.3159399, 27.6630166 ], [ 85.315412, 27.6634568 ], [ 85.3147084, 27.664042 ], [ 85.3142447, 27.664438 ], [ 85.3140271, 27.6646162 ], [ 85.31383, 27.6647643 ], [ 85.3136519, 27.6648855 ], [ 85.3134425, 27.6649934 ], [ 85.3132512, 27.6650766 ] ] ] } },
{ "type": "Feature", "properties": { "id": "way/165226102", "name": "नारायणहिटी मार्ग", "name_en": "Narayanhiti Path", "name_ne": "नारायणहिटी मार्ग", "highway": "primary", "surface": "asphalt", "smoothness": null, "width": "9", "lanes": "2", "oneway": null, "bridge": null, "layer": null, "source": null, "adm0_pcode": "NPL", "adm0_name": "Nepal", "adm1_pcode": "NP03", "adm1_name": "Bagmati", "adm2_pcode": "NP0327", "adm2_name": "Kathmandu", "adm3_pcode": "NP0327101", "adm3_name": "Kathmandu", "adm4_pcode": null, "adm4_name": null, "name_latin": "Narayanhiti Path", "path": "C:\\Users\\neetu\\Documents\\orimery road.geojson" }, "geometry": { "type": "MultiLineString", "coordinates": [ [ [ 85.3178924, 27.7132118 ], [ 85.3180704, 27.7132437 ], [ 85.3181378, 27.7132602 ], [ 85.3181715, 27.7132685 ], [ 85.3182485, 27.7132873 ], [ 85.3191295, 27.7135095 ], [ 85.3193699, 27.7135807 ], [ 85.3195333, 27.7136168 ], [ 85.3198095, 27.7136494 ] ] ] } },
{ "type": "Feature", "properties": { "id": "way/136524573", "name": "जावलाखेल एकान्तकुना सडक", "name_en": "Jawalakhel Yekantakuna Sadak", "name_ne": "जावलाखेल एकान्तकुना सडक", "highway": "primary", "surface": null, "smoothness": null, "width": "9", "lanes": null, "oneway": "no", "bridge": null, "layer": null, "source": null, "adm0_pcode": "NPL", "adm0_name": "Nepal", "adm1_pcode": "NP03", "adm1_name": "Bagmati", "adm2_pcode": "NP0325", "adm2_name": "Lalitpur", "adm3_pcode": "NP0325101", "adm3_name": "Lalitpur", "adm4_pcode": null, "adm4_name": null, "name_latin": "Jawalakhel Yekantakuna Sadak", "path": "C:\\Users\\neetu\\Documents\\orimery road.geojson" }, "geometry": { "type": "MultiLineString", "coordinates": [ [ [ 85.3131875, 27.6726808 ], [ 85.3130999, 27.6725789 ], [ 85.3129685, 27.672426 ], [ 85.3127265, 27.6721251 ], [ 85.3126633, 27.6720275 ], [ 85.3125307, 27.6718085 ], [ 85.3123822, 27.6715281 ], [ 85.3122386, 27.6712735 ], [ 85.3120112, 27.670953 ], [ 85.3119789, 27.6709073 ], [ 85.3117725, 27.6706871 ], [ 85.3113981, 27.6703424 ], [ 85.3112654, 27.6702467 ], [ 85.3110832, 27.6701352 ], [ 85.3108323, 27.6699775 ], [ 85.3106975, 27.6698753 ], [ 85.3105059, 27.6697245 ], [ 85.3103377, 27.6695829 ], [ 85.3102971, 27.6695245 ], [ 85.3101732, 27.6693734 ], [ 85.3101328, 27.6693177 ], [ 85.3097956, 27.6688969 ], [ 85.3097497, 27.6688397 ], [ 85.3095918, 27.6685788 ], [ 85.3093966, 27.6682882 ], [ 85.3092645, 27.6680797 ], [ 85.3091124, 27.6678481 ], [ 85.3089413, 27.6675987 ], [ 85.308662, 27.6671822 ], [ 85.3084598, 27.6669318 ], [ 85.3084218, 27.6668931 ], [ 85.3083646, 27.6668332 ], [ 85.3083215, 27.666788 ], [ 85.3082681, 27.6667267 ], [ 85.3082083, 27.6666576 ] ] ] } },
{ "type": "Feature", "properties": { "id": "way/777629764", "name": null, "name_en": null, "name_ne": null, "highway": "primary", "surface": null, "smoothness": null, "width": "7", "lanes": "2", "oneway": "yes", "bridge": "yes", "layer": "1", "source": null, "adm0_pcode": "NPL", "adm0_name": "Nepal", "adm1_pcode": "NP03", "adm1_name": "Bagmati", "adm2_pcode": "NP0327", "adm2_name": "Kathmandu", "adm3_pcode": "NP0327101", "adm3_name": "Kathmandu", "adm4_pcode": null, "adm4_name": null, "name_latin": null, "path": "C:\\Users\\neetu\\Documents\\orimery road.geojson" }, "geometry": { "type": "MultiLineString", "coordinates": [ [ [ 85.2980347, 27.6846982 ], [ 85.2974906, 27.6847587 ] ] ] } },
{ "type": "Feature", "properties": { "id": "way/188446400", "name": null, "name_en": null, "name_ne": null, "highway": "primary", "surface": null, "smoothness": null, "width": null, "lanes": null, "oneway": null, "bridge": "yes", "layer": "1", "source": null, "adm0_pcode": "NPL", "adm0_name": "Nepal", "adm1_pcode": "NP03", "adm1_name": "Bagmati", "adm2_pcode": "NP0326", "adm2_name": "Bhaktapur", "adm3_pcode": "NP0326304", "adm3_name": "Suryabinayak", "adm4_pcode": null, "adm4_name": null, "name_latin": null, "path": "C:\\Users\\neetu\\Documents\\orimery road.geojson" }, "geometry": { "type": "MultiLineString", "coordinates": [ [ [ 85.437321, 27.6687482 ], [ 85.4373752, 27.6689449 ] ] ] } },
{ "type": "Feature", "properties": { "id": "way/1133073172", "name": null, "name_en": null, "name_ne": null, "highway": "primary", "surface": null, "smoothness": null, "width": "7", "lanes": "2", "oneway": "yes", "bridge": "yes", "layer": "1", "source": null, "adm0_pcode": "NPL", "adm0_name": "Nepal", "adm1_pcode": "NP03", "adm1_name": "Bagmati", "adm2_pcode": "NP0327", "adm2_name": "Kathmandu", "adm3_pcode": "NP0327101", "adm3_name": "Kathmandu", "adm4_pcode": null, "adm4_name": null, "name_latin": null, "path": "C:\\Users\\neetu\\Documents\\orimery road.geojson" }, "geometry": { "type": "MultiLineString", "coordinates": [ [ [ 85.297524, 27.6849846 ], [ 85.2980541, 27.6849201 ] ] ] } },
{ "type": "Feature", "properties": { "id": "way/171215507", "name": "दरबार मार्ग", "name_en": "Durbar Marg", "name_ne": "दरबार मार्ग", "highway": "primary", "surface": "asphalt", "smoothness": null, "width": "9", "lanes": "2", "oneway": "yes", "bridge": null, "layer": null, "source": null, "adm0_pcode": "NPL", "adm0_name": "Nepal", "adm1_pcode": "NP03", "adm1_name": "Bagmati", "adm2_pcode": "NP0327", "adm2_name": "Kathmandu", "adm3_pcode": "NP0327101", "adm3_name": "Kathmandu", "adm4_pcode": null, "adm4_name": null, "name_latin": "Durbar Marg", "path": "C:\\Users\\neetu\\Documents\\orimery road.geojson" }, "geometry": { "type": "MultiLineString", "coordinates": [ [ [ 85.3167795, 27.708002 ], [ 85.3166472, 27.7075765 ], [ 85.3164356, 27.7067357 ], [ 85.3162171, 27.7061501 ] ] ] } },
{ "type": "Feature", "properties": { "id": "way/1053862210", "name": "नारायण गोपाल सडक", "name_en": "Narayan Gopal Road", "name_ne": "नारायण गोपाल सडक", "highway": "primary", "surface": "asphalt", "smoothness": "excellent", "width": "7", "lanes": "4", "oneway": null, "bridge": null, "layer": null, "source": null, "adm0_pcode": "NPL", "adm0_name": "Nepal", "adm1_pcode": "NP03", "adm1_name": "Bagmati", "adm2_pcode": "NP0327", "adm2_name": "Kathmandu", "adm3_pcode": "NP0327101", "adm3_name": "Kathmandu", "adm4_pcode": null, "adm4_name": null, "name_latin": "Narayan Gopal Road", "path": "C:\\Users\\neetu\\Documents\\orimery road.geojson" }, "geometry": { "type": "MultiLineString", "coordinates": [ [ [ 85.316108, 27.7171057 ], [ 85.3160135, 27.7167752 ] ] ] } },
{ "type": "Feature", "properties": { "id": "way/546736547", "name": "लेखनाथ सडक", "name_en": "Lekhnath Sadak", "name_ne": "लेखनाथ सडक", "highway": "primary", "surface": "asphalt", "smoothness": "excellent", "width": "7", "lanes": null, "oneway": "yes", "bridge": null, "layer": null, "source": null, "adm0_pcode": "NPL", "adm0_name": "Nepal", "adm1_pcode": "NP03", "adm1_name": "Bagmati", "adm2_pcode": "NP0327", "adm2_name": "Kathmandu", "adm3_pcode": "NP0327101", "adm3_name": "Kathmandu", "adm4_pcode": null, "adm4_name": null, "name_latin": "Lekhnath Sadak", "path": "C:\\Users\\neetu\\Documents\\orimery road.geojson" }, "geometry": { "type": "MultiLineString", "coordinates": [ [ [ 85.3157626, 27.7170386 ], [ 85.316108, 27.7171057 ] ] ] } },
{ "type": "Feature", "properties": { "id": "way/216300984", "name": "नारायण गोपाल सडक", "name_en": "Narayan Gopal Road", "name_ne": "नारायण गोपाल सडक", "highway": "primary", "surface": "asphalt", "smoothness": "excellent", "width": "14", "lanes": "2", "oneway": null, "bridge": null, "layer": null, "source": null, "adm0_pcode": "NPL", "adm0_name": "Nepal", "adm1_pcode": "NP03", "adm1_name": "Bagmati", "adm2_pcode": "NP0327", "adm2_name": "Kathmandu", "adm3_pcode": "NP0327101", "adm3_name": "Kathmandu", "adm4_pcode": null, "adm4_name": null, "name_latin": "Narayan Gopal Road", "path": "C:\\Users\\neetu\\Documents\\orimery road.geojson" }, "geometry": { "type": "MultiLineString", "coordinates": [ [ [ 85.3171214, 27.7181206 ], [ 85.3169325, 27.7179355 ], [ 85.3165584, 27.7175701 ], [ 85.316108, 27.7171057 ] ] ] } },
{ "type": "Feature", "properties": { "id": "way/1091877747", "name": null, "name_en": null, "name_ne": null, "highway": "primary", "surface": null, "smoothness": null, "width": "7", "lanes": null, "oneway": "yes", "bridge": null, "layer": null, "source": null, "adm0_pcode": "NPL", "adm0_name": "Nepal", "adm1_pcode": "NP03", "adm1_name": "Bagmati", "adm2_pcode": "NP0327", "adm2_name": "Kathmandu", "adm3_pcode": "NP0327101", "adm3_name": "Kathmandu", "adm4_pcode": null, "adm4_name": null, "name_latin": null, "path": "C:\\Users\\neetu\\Documents\\orimery road.geojson" }, "geometry": { "type": "MultiLineString", "coordinates": [ [ [ 85.3001563, 27.684669 ], [ 85.3002789, 27.6846562 ] ] ] } },
{ "type": "Feature", "properties": { "id": "way/171215516", "name": "लेखनाथ सडक", "name_en": "Lekhnath Sadak", "name_ne": "लेखनाथ सडक", "highway": "primary", "surface": "asphalt", "smoothness": "good", "width": "14", "lanes": null, "oneway": null, "bridge": null, "layer": null, "source": null, "adm0_pcode": "NPL", "adm0_name": "Nepal", "adm1_pcode": "NP03", "adm1_name": "Bagmati", "adm2_pcode": "NP0327", "adm2_name": "Kathmandu", "adm3_pcode": "NP0327101", "adm3_name": "Kathmandu", "adm4_pcode": null, "adm4_name": null, "name_latin": "Lekhnath Sadak", "path": "C:\\Users\\neetu\\Documents\\orimery road.geojson" }, "geometry": { "type": "MultiLineString", "coordinates": [ [ [ 85.3131812, 27.7177837 ], [ 85.3136604, 27.7176542 ], [ 85.313763, 27.7176224 ], [ 85.3147563, 27.7173248 ] ] ] } },
{ "type": "Feature", "properties": { "id": "way/517542117", "name": "विश्वविद्याल पथ", "name_en": "University Path", "name_ne": "विश्वविद्याल पथ", "highway": "primary", "surface": "asphalt", "smoothness": null, "width": "14", "lanes": null, "oneway": null, "bridge": null, "layer": null, "source": null, "adm0_pcode": "NPL", "adm0_name": "Nepal", "adm1_pcode": "NP03", "adm1_name": "Bagmati", "adm2_pcode": "NP0327", "adm2_name": "Kathmandu", "adm3_pcode": "NP0327101", "adm3_name": "Kathmandu", "adm4_pcode": null, "adm4_name": null, "name_latin": "University Path", "path": "C:\\Users\\neetu\\Documents\\orimery road.geojson" }, "geometry": { "type": "MultiLineString", "coordinates": [ [ [ 85.2985194, 27.6923274 ], [ 85.298741, 27.691795 ], [ 85.2989392, 27.6913517 ], [ 85.2991686, 27.6908528 ], [ 85.2993078, 27.6905602 ], [ 85.2994255, 27.6901835 ], [ 85.2994518, 27.6900792 ], [ 85.299459, 27.6899479 ], [ 85.2994389, 27.6897021 ], [ 85.2994141, 27.6896416 ], [ 85.2993256, 27.6894123 ], [ 85.2988553, 27.688708 ], [ 85.2985452, 27.6883399 ], [ 85.2983655, 27.6881951 ], [ 85.2982342, 27.6880465 ], [ 85.2981595, 27.6878418 ], [ 85.2981148, 27.6876356 ], [ 85.2980977, 27.687506 ], [ 85.2981072, 27.6873551 ], [ 85.2981368, 27.686731 ], [ 85.2981955, 27.6858595 ], [ 85.2982265, 27.684995 ], [ 85.2982284, 27.6849488 ], [ 85.2982305, 27.6848954 ] ] ] } },
{ "type": "Feature", "properties": { "id": "way/232095624", "name": "थिरबम सडक", "name_en": "Thirbam Sadak", "name_ne": "थिरबम सडक", "highway": "primary", "surface": "asphalt", "smoothness": null, "width": "9", "lanes": "4", "oneway": null, "bridge": null, "layer": null, "source": null, "adm0_pcode": "NPL", "adm0_name": "Nepal", "adm1_pcode": "NP03", "adm1_name": "Bagmati", "adm2_pcode": "NP0327", "adm2_name": "Kathmandu", "adm3_pcode": "NP0327101", "adm3_name": "Kathmandu", "adm4_pcode": null, "adm4_name": null, "name_latin": "Thirbam Sadak", "path": "C:\\Users\\neetu\\Documents\\orimery road.geojson" }, "geometry": { "type": "MultiLineString", "coordinates": [ [ [ 85.3310571, 27.7191456 ], [ 85.3310473, 27.7191159 ], [ 85.3310138, 27.719014 ], [ 85.3309754, 27.7188976 ], [ 85.3308475, 27.7185437 ], [ 85.3307141, 27.7181458 ], [ 85.3306631, 27.7179905 ], [ 85.3306198, 27.7178753 ], [ 85.3305235, 27.7175696 ], [ 85.3304588, 27.7173542 ] ] ] } },
{ "type": "Feature", "properties": { "id": "way/231178981", "name": "Satdobato-Godawari Road", "name_en": null, "name_ne": null, "highway": "primary", "surface": null, "smoothness": null, "width": "11", "lanes": null, "oneway": null, "bridge": null, "layer": null, "source": null, "adm0_pcode": "NPL", "adm0_name": "Nepal", "adm1_pcode": "NP03", "adm1_name": "Bagmati", "adm2_pcode": "NP0325", "adm2_name": "Lalitpur", "adm3_pcode": "NP0325101", "adm3_name": "Lalitpur", "adm4_pcode": null, "adm4_name": null, "name_latin": "Satdobato-Godawari Road", "path": "C:\\Users\\neetu\\Documents\\orimery road.geojson" }, "geometry": { "type": "MultiLineString", "coordinates": [ [ [ 85.334867, 27.6485167 ], [ 85.3345897, 27.6487542 ], [ 85.3344366, 27.6488854 ], [ 85.3340581, 27.6491949 ], [ 85.3338587, 27.6493616 ], [ 85.3335404, 27.6496226 ], [ 85.3333694, 27.649727 ], [ 85.3325231, 27.650077 ], [ 85.3325224, 27.6500773 ], [ 85.3323849, 27.650131 ], [ 85.3322974, 27.6501654 ], [ 85.3319678, 27.6503058 ], [ 85.3319145, 27.6503282 ], [ 85.3310503, 27.6506902 ], [ 85.3307445, 27.6508189 ], [ 85.330708, 27.6508343 ], [ 85.3303782, 27.6509871 ] ] ] } },
{ "type": "Feature", "properties": { "id": "way/176144614", "name": "जमल सडक", "name_en": "Jamal Sadak", "name_ne": "जमल सडक", "highway": "primary", "surface": "asphalt", "smoothness": "good", "width": "14", "lanes": "2", "oneway": "yes", "bridge": null, "layer": null, "source": null, "adm0_pcode": "NPL", "adm0_name": "Nepal", "adm1_pcode": "NP03", "adm1_name": "Bagmati", "adm2_pcode": "NP0327", "adm2_name": "Kathmandu", "adm3_pcode": "NP0327101", "adm3_name": "Kathmandu", "adm4_pcode": null, "adm4_name": null, "name_latin": "Jamal Sadak", "path": "C:\\Users\\neetu\\Documents\\orimery road.geojson" }, "geometry": { "type": "MultiLineString", "coordinates": [ [ [ 85.315278, 27.708785 ], [ 85.315846, 27.7089505 ], [ 85.3165146, 27.7091889 ], [ 85.3167188, 27.7092633 ] ] ] } },
{ "type": "Feature", "properties": { "id": "way/172387581", "name": "कान्ति पथ", "name_en": "Kanti Path", "name_ne": "कान्ति पथ", "highway": "primary", "surface": "asphalt", "smoothness": "intermediate", "width": "14", "lanes": "4", "oneway": "yes", "bridge": null, "layer": null, "source": null, "adm0_pcode": "NPL", "adm0_name": "Nepal", "adm1_pcode": "NP03", "adm1_name": "Bagmati", "adm2_pcode": "NP0327", "adm2_name": "Kathmandu", "adm3_pcode": "NP0327101", "adm3_name": "Kathmandu", "adm4_pcode": null, "adm4_name": null, "name_latin": "Kanti Path", "path": "C:\\Users\\neetu\\Documents\\orimery road.geojson" }, "geometry": { "type": "MultiLineString", "coordinates": [ [ [ 85.3140673, 27.705719 ], [ 85.3141713, 27.7066088 ], [ 85.3141903, 27.7067234 ] ] ] } },
{ "type": "Feature", "properties": { "id": "way/693606874", "name": "कान्ति पथ", "name_en": "Kanti Path", "name_ne": "कान्ति पथ", "highway": "primary", "surface": "asphalt", "smoothness": "good", "width": "14", "lanes": "4", "oneway": "yes", "bridge": null, "layer": null, "source": null, "adm0_pcode": "NPL", "adm0_name": "Nepal", "adm1_pcode": "NP03", "adm1_name": "Bagmati", "adm2_pcode": "NP0327", "adm2_name": "Kathmandu", "adm3_pcode": "NP0327101", "adm3_name": "Kathmandu", "adm4_pcode": null, "adm4_name": null, "name_latin": "Kanti Path", "path": "C:\\Users\\neetu\\Documents\\orimery road.geojson" }, "geometry": { "type": "MultiLineString", "coordinates": [ [ [ 85.3141903, 27.7067234 ], [ 85.3142236, 27.7070592 ] ] ] } },
{ "type": "Feature", "properties": { "id": "way/220025932", "name": null, "name_en": null, "name_ne": null, "highway": "primary", "surface": null, "smoothness": null, "width": "7", "lanes": null, "oneway": null, "bridge": null, "layer": null, "source": null, "adm0_pcode": "NPL", "adm0_name": "Nepal", "adm1_pcode": "NP03", "adm1_name": "Bagmati", "adm2_pcode": "NP0326", "adm2_name": "Bhaktapur", "adm3_pcode": "NP0326302", "adm3_name": "Changunarayan", "adm4_pcode": null, "adm4_name": null, "name_latin": null, "path": "C:\\Users\\neetu\\Documents\\orimery road.geojson" }, "geometry": { "type": "MultiLineString", "coordinates": [ [ [ 85.4368917, 27.6773757 ], [ 85.4367343, 27.6773174 ], [ 85.4364677, 27.6772153 ], [ 85.436125, 27.6770846 ], [ 85.4359856, 27.6770251 ], [ 85.4358212, 27.676955 ], [ 85.4354326, 27.6767923 ], [ 85.4350754, 27.6766214 ], [ 85.4341518, 27.6762013 ], [ 85.433867, 27.6760746 ], [ 85.4338269, 27.6760659 ], [ 85.4337894, 27.6760674 ], [ 85.4337457, 27.6761202 ] ] ] } },
{ "type": "Feature", "properties": { "id": "way/693606879", "name": "रत्नपार्क पथ", "name_en": "Ratna Park Path", "name_ne": "रत्नपार्क पथ", "highway": "primary", "surface": "asphalt", "smoothness": null, "width": "14", "lanes": null, "oneway": "yes", "bridge": null, "layer": null, "source": null, "adm0_pcode": "NPL", "adm0_name": "Nepal", "adm1_pcode": "NP03", "adm1_name": "Bagmati", "adm2_pcode": "NP0327", "adm2_name": "Kathmandu", "adm3_pcode": "NP0327101", "adm3_name": "Kathmandu", "adm4_pcode": null, "adm4_name": null, "name_latin": "Ratna Park Path", "path": "C:\\Users\\neetu\\Documents\\orimery road.geojson" }, "geometry": { "type": "MultiLineString", "coordinates": [ [ [ 85.3141903, 27.7067234 ], [ 85.3142361, 27.7067843 ], [ 85.3142943, 27.7068363 ], [ 85.3143628, 27.7068774 ], [ 85.3144389, 27.7069059 ], [ 85.3145035, 27.7069121 ], [ 85.3146006, 27.7069074 ] ] ] } },
{ "type": "Feature", "properties": { "id": "way/176144636", "name": "लेखनाथ सडक", "name_en": "Lekhnath Sadak", "name_ne": "लेखनाथ सडक", "highway": "primary", "surface": "asphalt", "smoothness": "intermediate", "width": "14", "lanes": "2", "oneway": null, "bridge": null, "layer": null, "source": null, "adm0_pcode": "NPL", "adm0_name": "Nepal", "adm1_pcode": "NP03", "adm1_name": "Bagmati", "adm2_pcode": "NP0327", "adm2_name": "Kathmandu", "adm3_pcode": "NP0327101", "adm3_name": "Kathmandu", "adm4_pcode": null, "adm4_name": null, "name_latin": "Lekhnath Sadak", "path": "C:\\Users\\neetu\\Documents\\orimery road.geojson" }, "geometry": { "type": "MultiLineString", "coordinates": [ [ [ 85.3120749, 27.7181314 ], [ 85.3126232, 27.7179626 ], [ 85.3129028, 27.7178664 ], [ 85.3131812, 27.7177837 ] ] ] } },
{ "type": "Feature", "properties": { "id": "way/4840104", "name": "रत्न पार्क मार्ग", "name_en": "Ratna Park Path", "name_ne": "रत्न पार्क मार्ग", "highway": "primary", "surface": null, "smoothness": null, "width": "14", "lanes": null, "oneway": "yes", "bridge": null, "layer": null, "source": null, "adm0_pcode": "NPL", "adm0_name": "Nepal", "adm1_pcode": "NP03", "adm1_name": "Bagmati", "adm2_pcode": "NP0327", "adm2_name": "Kathmandu", "adm3_pcode": "NP0327101", "adm3_name": "Kathmandu", "adm4_pcode": null, "adm4_name": null, "name_latin": "Ratna Park Path", "path": "C:\\Users\\neetu\\Documents\\orimery road.geojson" }, "geometry": { "type": "MultiLineString", "coordinates": [ [ [ 85.3146006, 27.7069074 ], [ 85.3145007, 27.7069558 ], [ 85.314448, 27.7069795 ], [ 85.314367, 27.7070115 ], [ 85.3142966, 27.7070379 ], [ 85.3142236, 27.7070592 ] ] ] } },
{ "type": "Feature", "properties": { "id": "way/231882051", "name": null, "name_en": null, "name_ne": null, "highway": "primary", "surface": null, "smoothness": null, "width": "7", "lanes": null, "oneway": null, "bridge": null, "layer": null, "source": null, "adm0_pcode": "NPL", "adm0_name": "Nepal", "adm1_pcode": "NP03", "adm1_name": "Bagmati", "adm2_pcode": "NP0326", "adm2_name": "Bhaktapur", "adm3_pcode": "NP0326302", "adm3_name": "Changunarayan", "adm4_pcode": null, "adm4_name": null, "name_latin": null, "path": "C:\\Users\\neetu\\Documents\\orimery road.geojson" }, "geometry": { "type": "MultiLineString", "coordinates": [ [ [ 85.4337457, 27.6761202 ], [ 85.4336727, 27.6761824 ], [ 85.4335776, 27.6762357 ], [ 85.4334985, 27.6762737 ], [ 85.4334409, 27.6762972 ], [ 85.4333916, 27.6763083 ], [ 85.4333582, 27.6763159 ], [ 85.4332474, 27.6763203 ], [ 85.4331049, 27.6763112 ], [ 85.4326931, 27.6762828 ] ] ] } },
{ "type": "Feature", "properties": { "id": "way/670112951", "name": null, "name_en": null, "name_ne": null, "highway": "primary", "surface": null, "smoothness": null, "width": "7", "lanes": "2", "oneway": "yes", "bridge": null, "layer": null, "source": null, "adm0_pcode": "NPL", "adm0_name": "Nepal", "adm1_pcode": "NP03", "adm1_name": "Bagmati", "adm2_pcode": "NP0325", "adm2_name": "Lalitpur", "adm3_pcode": "NP0325101", "adm3_name": "Lalitpur", "adm4_pcode": null, "adm4_name": null, "name_latin": null, "path": "C:\\Users\\neetu\\Documents\\orimery road.geojson" }, "geometry": { "type": "MultiLineString", "coordinates": [ [ [ 85.3415516, 27.6725934 ], [ 85.3414054, 27.6724457 ], [ 85.341121, 27.6721445 ], [ 85.3407659, 27.6717839 ], [ 85.3405434, 27.6715752 ], [ 85.3405028, 27.6715393 ], [ 85.3403968, 27.6714456 ], [ 85.3402575, 27.6713358 ], [ 85.3401101, 27.6712221 ], [ 85.3399314, 27.6710975 ], [ 85.3398386, 27.6710362 ], [ 85.3396548, 27.6709147 ], [ 85.3394966, 27.6708241 ], [ 85.3391465, 27.67063 ], [ 85.338987, 27.6705521 ], [ 85.3383796, 27.6702211 ], [ 85.3363661, 27.6691451 ], [ 85.3359504, 27.6689229 ], [ 85.3352588, 27.6685586 ], [ 85.3346705, 27.668235 ], [ 85.3335564, 27.6676383 ], [ 85.3332233, 27.6674532 ], [ 85.3330902, 27.6673687 ], [ 85.3328977, 27.6672176 ], [ 85.3327632, 27.6671067 ], [ 85.3326537, 27.6670068 ], [ 85.3324881, 27.6668443 ], [ 85.3323494, 27.6666884 ], [ 85.3323178, 27.6666522 ], [ 85.3322453, 27.666569 ] ] ] } },
{ "type": "Feature", "properties": { "id": "way/176144630", "name": "लेखनाथ सडक", "name_en": "Lekhnath Sadak", "name_ne": "लेखनाथ सडक", "highway": "primary", "surface": null, "smoothness": null, "width": "9", "lanes": null, "oneway": null, "bridge": null, "layer": null, "source": null, "adm0_pcode": "NPL", "adm0_name": "Nepal", "adm1_pcode": "NP03", "adm1_name": "Bagmati", "adm2_pcode": "NP0327", "adm2_name": "Kathmandu", "adm3_pcode": "NP0327101", "adm3_name": "Kathmandu", "adm4_pcode": null, "adm4_name": null, "name_latin": "Lekhnath Sadak", "path": "C:\\Users\\neetu\\Documents\\orimery road.geojson" }, "geometry": { "type": "MultiLineString", "coordinates": [ [ [ 85.3044854, 27.7273399 ], [ 85.3042065, 27.7281789 ], [ 85.303871, 27.7292478 ], [ 85.3038158, 27.7294058 ], [ 85.3037445, 27.729627 ], [ 85.3033921, 27.730748 ], [ 85.3032621, 27.731173 ], [ 85.3030949, 27.7317194 ], [ 85.3028377, 27.7325652 ], [ 85.3027587, 27.7330237 ], [ 85.3027076, 27.7332161 ], [ 85.3026873, 27.7332815 ], [ 85.3025368, 27.7335756 ], [ 85.3022976, 27.7340662 ], [ 85.3022415, 27.7341475 ], [ 85.3021889, 27.7341831 ], [ 85.3021511, 27.7342087 ], [ 85.302044, 27.7342626 ], [ 85.3019919, 27.734322 ], [ 85.3019717, 27.7343618 ], [ 85.3019078, 27.7344434 ], [ 85.301892, 27.7346042 ], [ 85.3018669, 27.7347913 ], [ 85.3018402, 27.7351216 ], [ 85.3018392, 27.7353604 ], [ 85.3018513, 27.7355279 ], [ 85.3018499, 27.7356224 ], [ 85.3018622, 27.7356934 ], [ 85.3018593, 27.7357871 ], [ 85.301838, 27.7359918 ], [ 85.301821, 27.7361668 ], [ 85.3018137, 27.7363343 ], [ 85.3018093, 27.7364908 ], [ 85.3017912, 27.7366662 ] ] ] } },
{ "type": "Feature", "properties": { "id": "way/903634822", "name": "Kanti Highway", "name_en": null, "name_ne": null, "highway": "primary", "surface": null, "smoothness": null, "width": null, "lanes": null, "oneway": null, "bridge": null, "layer": null, "source": null, "adm0_pcode": "NPL", "adm0_name": "Nepal", "adm1_pcode": "NP03", "adm1_name": "Bagmati", "adm2_pcode": "NP0325", "adm2_name": "Lalitpur", "adm3_pcode": "NP0325401", "adm3_name": "Bagmati", "adm4_pcode": null, "adm4_name": null, "name_latin": "Kanti Highway", "path": "C:\\Users\\neetu\\Documents\\orimery road.geojson" }, "geometry": { "type": "MultiLineString", "coordinates": [ [ [ 85.2743819, 27.4969213 ], [ 85.2745034, 27.4969119 ], [ 85.2746746, 27.4969065 ], [ 85.2748409, 27.4968732 ], [ 85.2749857, 27.496828 ], [ 85.2751438, 27.4966714 ], [ 85.2752209, 27.4965403 ], [ 85.2753022, 27.4963978 ], [ 85.2753198, 27.4963332 ], [ 85.2753224, 27.4962395 ], [ 85.2753504, 27.4961717 ], [ 85.2753383, 27.496098 ], [ 85.2753548, 27.4960168 ], [ 85.2753463, 27.4959457 ], [ 85.2753569, 27.4958992 ], [ 85.2753787, 27.495805 ], [ 85.2754216, 27.4957407 ], [ 85.2755034, 27.4956978 ], [ 85.2756149, 27.4956696 ], [ 85.2757358, 27.4956988 ], [ 85.2758612, 27.4957438 ], [ 85.2760496, 27.4958276 ], [ 85.2761941, 27.4958722 ], [ 85.2762598, 27.4958691 ], [ 85.2763913, 27.4957993 ], [ 85.276524, 27.4957425 ], [ 85.276764, 27.4956788 ], [ 85.2768794, 27.4956384 ], [ 85.2770256, 27.4955452 ], [ 85.2771689, 27.4954564 ], [ 85.2772869, 27.4954154 ], [ 85.2774153, 27.4954074 ], [ 85.2775383, 27.4953744 ], [ 85.2777273, 27.495271 ], [ 85.2778318, 27.4951717 ], [ 85.2779583, 27.4950314 ], [ 85.278105, 27.4949173 ], [ 85.2781661, 27.4948698 ], [ 85.2782888, 27.4947485 ], [ 85.2783423, 27.4946765 ], [ 85.2783439, 27.4946153 ], [ 85.2783197, 27.4945748 ], [ 85.2782501, 27.4945136 ], [ 85.27814, 27.4944368 ], [ 85.278123, 27.49437 ], [ 85.2781354, 27.4942997 ], [ 85.2781662, 27.4942008 ], [ 85.278207, 27.4941276 ], [ 85.2782378, 27.4940753 ], [ 85.2781827, 27.4939866 ], [ 85.2780703, 27.4937825 ], [ 85.2780273, 27.493731 ], [ 85.2779433, 27.4936916 ], [ 85.2777317, 27.4936356 ], [ 85.2774775, 27.4936184 ], [ 85.2773875, 27.4935805 ], [ 85.2772951, 27.4935375 ], [ 85.2769943, 27.493414 ], [ 85.2767112, 27.4932999 ], [ 85.2766348, 27.4932251 ], [ 85.2765492, 27.4931604 ], [ 85.2764817, 27.4931372 ], [ 85.276385, 27.4930271 ], [ 85.2764437, 27.4928746 ], [ 85.2765076, 27.4927083 ], [ 85.2766458, 27.4925556 ], [ 85.276756, 27.492462 ], [ 85.2768117, 27.4923567 ], [ 85.2768367, 27.4922714 ], [ 85.2768341, 27.4921767 ], [ 85.276823, 27.4920957 ], [ 85.2767452, 27.4919861 ], [ 85.2766674, 27.4918672 ], [ 85.2766004, 27.4918054 ], [ 85.2765172, 27.4917672 ], [ 85.276407, 27.4917395 ], [ 85.2762351, 27.4917239 ], [ 85.2757153, 27.4914956 ], [ 85.2756041, 27.4913825 ], [ 85.2755579, 27.4913385 ], [ 85.2754617, 27.4912454 ], [ 85.2753259, 27.4911735 ], [ 85.2752731, 27.4910626 ], [ 85.2752342, 27.4910136 ], [ 85.2752014, 27.4909581 ], [ 85.2751835, 27.4908786 ], [ 85.2752068, 27.4907698 ], [ 85.2752861, 27.4905776 ], [ 85.2753505, 27.4904348 ], [ 85.2753961, 27.4903706 ], [ 85.2754681, 27.4903152 ], [ 85.2755141, 27.4902635 ], [ 85.2755588, 27.4901943 ], [ 85.2755627, 27.4901343 ], [ 85.2755492, 27.4900679 ], [ 85.2754924, 27.4900744 ], [ 85.2754577, 27.4900985 ], [ 85.2754059, 27.4900889 ], [ 85.2753479, 27.4901306 ], [ 85.275285, 27.4901926 ], [ 85.2751788, 27.4903064 ], [ 85.2750611, 27.4904098 ], [ 85.2749696, 27.4905149 ], [ 85.2749058, 27.4906137 ], [ 85.2748394, 27.4906744 ], [ 85.2747687, 27.4907337 ], [ 85.2745699, 27.4908229 ], [ 85.2743789, 27.4908706 ], [ 85.2741757, 27.4909821 ], [ 85.2741489, 27.4910463 ], [ 85.2740878, 27.4911366 ], [ 85.2740184, 27.491231 ], [ 85.2740131, 27.4913712 ], [ 85.2740161, 27.4914732 ], [ 85.2739922, 27.4915102 ], [ 85.2739534, 27.4915367 ], [ 85.2738982, 27.4915685 ], [ 85.2738265, 27.4915632 ], [ 85.2734594, 27.491487 ], [ 85.2730705, 27.4912829 ], [ 85.272984, 27.4912069 ], [ 85.2729, 27.4911179 ], [ 85.2728181, 27.4910457 ], [ 85.2726534, 27.4909742 ], [ 85.2724421, 27.4909193 ], [ 85.2721454, 27.4907771 ], [ 85.2719933, 27.4907398 ], [ 85.2718569, 27.4907058 ], [ 85.2716585, 27.4906051 ], [ 85.2716134, 27.4904684 ], [ 85.2715548, 27.4902512 ], [ 85.2715007, 27.4901277 ], [ 85.2713749, 27.4900153 ], [ 85.2711798, 27.4898377 ], [ 85.2710573, 27.4897503 ], [ 85.2709428, 27.4896009 ], [ 85.2709125, 27.4895212 ], [ 85.2708805, 27.4894811 ], [ 85.2708492, 27.4894555 ], [ 85.2707651, 27.4894442 ], [ 85.2706349, 27.4894523 ], [ 85.2704662, 27.4894997 ], [ 85.2704206, 27.4895569 ], [ 85.270408, 27.4896192 ], [ 85.2703911, 27.4896972 ], [ 85.2703589, 27.4897591 ], [ 85.2703159, 27.4897928 ], [ 85.2702437, 27.4898324 ], [ 85.2701873, 27.4898852 ], [ 85.2701282, 27.4899732 ], [ 85.2700661, 27.4900456 ], [ 85.2700183, 27.490097 ], [ 85.2699459, 27.4901588 ], [ 85.2698855, 27.4901701 ], [ 85.2698138, 27.4901476 ], [ 85.2697298, 27.4900807 ], [ 85.2696762, 27.4900427 ], [ 85.269624, 27.4899899 ], [ 85.2695355, 27.4899185 ], [ 85.2693824, 27.4898562 ], [ 85.2692458, 27.4898186 ], [ 85.2691814, 27.4897876 ], [ 85.2691525, 27.4897463 ], [ 85.2691424, 27.4896716 ], [ 85.2691814, 27.4896044 ], [ 85.2693286, 27.4894823 ], [ 85.269361, 27.4894097 ], [ 85.2693839, 27.4893316 ], [ 85.2693719, 27.4891676 ], [ 85.2693119, 27.4890399 ], [ 85.2692406, 27.4888922 ], [ 85.2691704, 27.4888365 ], [ 85.269129, 27.4887804 ], [ 85.2691002, 27.488728 ], [ 85.2690067, 27.4885494 ], [ 85.2687965, 27.488293 ], [ 85.2687442, 27.4881649 ], [ 85.2686423, 27.488015 ], [ 85.2686048, 27.4879436 ], [ 85.2685806, 27.4878413 ], [ 85.2685645, 27.4877652 ], [ 85.2685243, 27.4876914 ], [ 85.2683848, 27.4875558 ], [ 85.2683235, 27.4874747 ], [ 85.2683097, 27.4874035 ], [ 85.2683018, 27.4872337 ], [ 85.2682561, 27.4871537 ], [ 85.2681246, 27.4870561 ], [ 85.2679934, 27.4869947 ], [ 85.2677357, 27.4869728 ], [ 85.2675466, 27.4869224 ], [ 85.2674219, 27.4868705 ], [ 85.2673075, 27.4867592 ], [ 85.2671028, 27.4864875 ], [ 85.2670544, 27.4864493 ], [ 85.2669874, 27.486416 ], [ 85.2668801, 27.486397 ], [ 85.2665716, 27.4864137 ], [ 85.2664643, 27.4864232 ], [ 85.2663812, 27.486397 ], [ 85.2661666, 27.4862352 ], [ 85.2660701, 27.4861805 ], [ 85.2658857, 27.486146 ], [ 85.2652869, 27.4861876 ], [ 85.2651287, 27.4861639 ], [ 85.2650616, 27.4861162 ], [ 85.2650481, 27.4860425 ], [ 85.2650937, 27.4859354 ], [ 85.2652654, 27.4857236 ], [ 85.2653485, 27.4855975 ], [ 85.2654451, 27.4852929 ], [ 85.2654451, 27.4852168 ], [ 85.2653648, 27.485117 ], [ 85.2652171, 27.4850336 ], [ 85.2651072, 27.4849931 ], [ 85.2650071, 27.4849834 ], [ 85.2647451, 27.4849907 ], [ 85.2646512, 27.4849788 ], [ 85.2645627, 27.4849527 ], [ 85.264273, 27.4848432 ], [ 85.2641067, 27.4848194 ], [ 85.2639321, 27.4848169 ], [ 85.2637929, 27.4848194 ], [ 85.2636534, 27.4848099 ], [ 85.2632413, 27.4847061 ], [ 85.2631559, 27.4847038 ], [ 85.2630153, 27.4847376 ], [ 85.2629706, 27.4847352 ], [ 85.2628916, 27.4846838 ], [ 85.2628085, 27.4846552 ], [ 85.2626878, 27.4846552 ], [ 85.2624726, 27.4847014 ], [ 85.262415, 27.4847059 ], [ 85.2623412, 27.4846501 ], [ 85.2622621, 27.4845256 ], [ 85.2619423, 27.4842223 ], [ 85.2618268, 27.4841722 ], [ 85.2616525, 27.4841365 ], [ 85.2614754, 27.4841484 ], [ 85.2613467, 27.4841817 ], [ 85.2611187, 27.4843673 ], [ 85.2610445, 27.4843937 ], [ 85.2609806, 27.4843883 ], [ 85.2608505, 27.4843245 ], [ 85.2606359, 27.484196 ], [ 85.2605125, 27.4841079 ], [ 85.2604133, 27.4840128 ], [ 85.2602135, 27.4836844 ], [ 85.260011, 27.4834821 ], [ 85.2599815, 27.4833989 ], [ 85.2599546, 27.4832918 ], [ 85.2599278, 27.4832085 ], [ 85.259842, 27.4831324 ], [ 85.2597401, 27.4831014 ], [ 85.2595349, 27.4830943 ], [ 85.2594222, 27.4830931 ], [ 85.2593672, 27.4830562 ], [ 85.2593377, 27.4829729 ], [ 85.259272, 27.4828622 ], [ 85.2592185, 27.4828198 ], [ 85.2589461, 27.4827659 ], [ 85.2588335, 27.4827302 ], [ 85.2587369, 27.4826683 ], [ 85.2585411, 27.4824851 ], [ 85.258415, 27.482409 ], [ 85.258289, 27.4823733 ], [ 85.2579993, 27.4823673 ], [ 85.2576507, 27.4824095 ], [ 85.257344, 27.4824039 ], [ 85.2572855, 27.4824097 ], [ 85.2572187, 27.4824326 ], [ 85.2571355, 27.4824679 ], [ 85.2569774, 27.482537 ], [ 85.2568496, 27.4825494 ], [ 85.2567434, 27.4825456 ], [ 85.2564873, 27.4825389 ], [ 85.2563164, 27.4824888 ], [ 85.2562103, 27.4824245 ], [ 85.2561541, 27.4823742 ], [ 85.2561235, 27.4823208 ], [ 85.2561003, 27.4822562 ], [ 85.2561231, 27.4818127 ], [ 85.2561233, 27.4816848 ], [ 85.2560956, 27.4815872 ], [ 85.2560485, 27.481487 ], [ 85.2560064, 27.4813548 ], [ 85.2559828, 27.4812874 ], [ 85.2559565, 27.4811816 ], [ 85.2559198, 27.481084 ], [ 85.2558144, 27.4808697 ], [ 85.2557823, 27.4807998 ], [ 85.2557685, 27.4805817 ], [ 85.2557812, 27.480483 ], [ 85.2558068, 27.4803731 ], [ 85.2558354, 27.4803079 ], [ 85.2558665, 27.4802107 ], [ 85.2558365, 27.4801072 ], [ 85.2557663, 27.4800257 ], [ 85.2556876, 27.4799612 ], [ 85.2555995, 27.4799074 ], [ 85.2554488, 27.4798327 ], [ 85.2553681, 27.4797629 ], [ 85.2552863, 27.4797025 ], [ 85.2552276, 27.4796747 ], [ 85.2551852, 27.4796483 ], [ 85.255096, 27.4795888 ], [ 85.2550733, 27.4795367 ], [ 85.2550489, 27.4794441 ], [ 85.2550703, 27.4791989 ], [ 85.2550867, 27.4791208 ], [ 85.2550691, 27.479067 ], [ 85.2550378, 27.4790131 ], [ 85.2549313, 27.4788578 ], [ 85.2548768, 27.4787727 ], [ 85.2548323, 27.4787075 ], [ 85.2547931, 27.4786467 ], [ 85.2547461, 27.478586 ], [ 85.2546072, 27.4784905 ], [ 85.254433, 27.4784141 ], [ 85.2542753, 27.4783257 ], [ 85.2542225, 27.4782693 ], [ 85.2541698, 27.4782075 ], [ 85.2540832, 27.4780537 ], [ 85.2537773, 27.4775996 ], [ 85.2537283, 27.4775041 ], [ 85.2537068, 27.4774243 ], [ 85.2537205, 27.4773096 ], [ 85.2536861, 27.4771659 ], [ 85.2536285, 27.4771287 ], [ 85.2535586, 27.4771117 ], [ 85.2534882, 27.4771236 ], [ 85.2534263, 27.4771621 ], [ 85.253168, 27.477385 ], [ 85.2531171, 27.4774201 ], [ 85.2530431, 27.4774056 ], [ 85.2530381, 27.4773806 ], [ 85.2530308, 27.4773445 ], [ 85.253108, 27.4772507 ], [ 85.2532371, 27.4771162 ], [ 85.2533487, 27.4769624 ], [ 85.2534478, 27.476827 ], [ 85.2535475, 27.4767055 ], [ 85.2536501, 27.4766185 ], [ 85.2537362, 27.4766012 ], [ 85.2540145, 27.4766657 ], [ 85.2541687, 27.4767314 ], [ 85.2542157, 27.4767991 ], [ 85.254244, 27.4769016 ], [ 85.254249, 27.4770179 ], [ 85.2542196, 27.4771169 ], [ 85.2541818, 27.4772319 ], [ 85.2541601, 27.4773269 ], [ 85.2541554, 27.4773905 ], [ 85.2541798, 27.4774299 ], [ 85.2542245, 27.4774786 ], [ 85.2543603, 27.4775689 ], [ 85.2544533, 27.4776328 ], [ 85.2545111, 27.4776898 ], [ 85.2545712, 27.4777933 ], [ 85.2546164, 27.4778506 ], [ 85.2546733, 27.477888 ], [ 85.2547849, 27.4779404 ], [ 85.2552002, 27.4781692 ], [ 85.255441, 27.4783168 ], [ 85.2557088, 27.4784127 ], [ 85.2557817, 27.4784689 ], [ 85.2558068, 27.4785263 ], [ 85.2558256, 27.4786278 ], [ 85.2558412, 27.4786884 ], [ 85.2559236, 27.4787516 ], [ 85.2559953, 27.4787518 ], [ 85.2561037, 27.4787298 ], [ 85.2562082, 27.4787145 ], [ 85.256425, 27.4787175 ], [ 85.256868, 27.4789385 ], [ 85.2570311, 27.4789981 ], [ 85.2572055, 27.478978 ], [ 85.257271, 27.4788847 ], [ 85.2573077, 27.4787569 ], [ 85.2573041, 27.4785856 ], [ 85.257265, 27.4783878 ], [ 85.2572049, 27.4783373 ], [ 85.2571531, 27.4783298 ], [ 85.257106, 27.4783484 ], [ 85.2570717, 27.4783634 ], [ 85.2570491, 27.4784018 ], [ 85.2570268, 27.4784614 ], [ 85.2569794, 27.4785773 ], [ 85.256954, 27.4786103 ], [ 85.2568881, 27.4786283 ], [ 85.2568296, 27.4786168 ], [ 85.2567658, 27.4785461 ], [ 85.2566808, 27.4784817 ], [ 85.2566134, 27.4784679 ], [ 85.2565096, 27.4784592 ], [ 85.2564225, 27.4784382 ], [ 85.2563771, 27.4784304 ], [ 85.2563471, 27.4783984 ], [ 85.2563211, 27.4783488 ], [ 85.2563059, 27.4782508 ], [ 85.2563621, 27.4779833 ], [ 85.2563835, 27.4779242 ], [ 85.2564288, 27.4778383 ], [ 85.2564646, 27.4777577 ], [ 85.2564959, 27.4776726 ], [ 85.2564979, 27.4775858 ], [ 85.2564783, 27.4775354 ], [ 85.2564392, 27.4774902 ], [ 85.2563844, 27.4774694 ], [ 85.2563002, 27.477459 ], [ 85.2561808, 27.4774798 ], [ 85.2560595, 27.4775111 ], [ 85.2559636, 27.4775007 ], [ 85.2558911, 27.4774642 ], [ 85.2558403, 27.4774156 ], [ 85.2558109, 27.4773756 ], [ 85.2557761, 27.47728 ], [ 85.2556919, 27.4771046 ], [ 85.255594, 27.4769274 ], [ 85.2555255, 27.4768615 ], [ 85.255476, 27.4767981 ], [ 85.2554657, 27.4767644 ], [ 85.255459, 27.476726 ], [ 85.255443, 27.476677 ], [ 85.2554165, 27.4766444 ], [ 85.2553845, 27.4766209 ], [ 85.2553064, 27.476548 ], [ 85.2551399, 27.4764829 ], [ 85.2550049, 27.4764169 ], [ 85.2549486, 27.4763518 ], [ 85.2549109, 27.4763103 ], [ 85.2548628, 27.4762342 ], [ 85.2547807, 27.4761551 ], [ 85.2546512, 27.4759921 ], [ 85.2546177, 27.4758943 ], [ 85.2546328, 27.4758006 ], [ 85.2546434, 27.4756623 ], [ 85.254647, 27.4755792 ], [ 85.2545038, 27.4753733 ], [ 85.2544255, 27.4752465 ], [ 85.2544138, 27.475177 ], [ 85.2544294, 27.4751267 ], [ 85.2544471, 27.4750676 ], [ 85.2544627, 27.4749426 ], [ 85.2544528, 27.4748778 ], [ 85.2544279, 27.4748323 ], [ 85.254361, 27.4748064 ], [ 85.254267, 27.4748158 ], [ 85.2536817, 27.4751362 ], [ 85.2535996, 27.4751597 ], [ 85.2535291, 27.4751753 ], [ 85.2534339, 27.4751931 ], [ 85.2533174, 27.4752191 ], [ 85.2531478, 27.4752866 ], [ 85.2530339, 27.475316 ], [ 85.252936, 27.4753299 ], [ 85.2527579, 27.4753194 ], [ 85.252702, 27.4753332 ], [ 85.2526377, 27.4753605 ], [ 85.2525946, 27.4754032 ], [ 85.2524742, 27.4756207 ], [ 85.2523701, 27.4757254 ], [ 85.2522793, 27.4758604 ], [ 85.2521859, 27.4759497 ], [ 85.2520677, 27.4760258 ], [ 85.2519501, 27.476107 ], [ 85.251811, 27.4762288 ], [ 85.2515655, 27.4764104 ], [ 85.2514919, 27.4764666 ], [ 85.2514024, 27.4765195 ], [ 85.2512889, 27.476615 ], [ 85.2510498, 27.4767739 ], [ 85.2508445, 27.4768895 ], [ 85.2506942, 27.4769624 ], [ 85.2505569, 27.4770223 ], [ 85.2504797, 27.4770538 ], [ 85.250347, 27.4770811 ], [ 85.2500627, 27.4771358 ], [ 85.2498259, 27.4771827 ], [ 85.2496948, 27.477207 ], [ 85.2491846, 27.4772404 ], [ 85.2490837, 27.477275 ], [ 85.2490164, 27.4773027 ], [ 85.2489065, 27.4773808 ], [ 85.24873, 27.4775712 ], [ 85.248591, 27.4777705 ], [ 85.2485402, 27.4778649 ], [ 85.2483236, 27.4781951 ], [ 85.2481744, 27.4783768 ], [ 85.2481489, 27.4784208 ], [ 85.2481113, 27.4784624 ], [ 85.2480832, 27.4784898 ], [ 85.2480134, 27.4785672 ], [ 85.2479357, 27.4786683 ] ] ] } },
{ "type": "Feature", "properties": { "id": "way/335622342", "name": null, "name_en": null, "name_ne": null, "highway": "primary", "surface": null, "smoothness": null, "width": "6", "lanes": null, "oneway": "no", "bridge": null, "layer": null, "source": null, "adm0_pcode": "NPL", "adm0_name": "Nepal", "adm1_pcode": "NP03", "adm1_name": "Bagmati", "adm2_pcode": "NP0327", "adm2_name": "Kathmandu", "adm3_pcode": "NP0327306", "adm3_name": "Kageshwori Manahara", "adm4_pcode": null, "adm4_name": null, "name_latin": null, "path": "C:\\Users\\neetu\\Documents\\orimery road.geojson" }, "geometry": { "type": "MultiLineString", "coordinates": [ [ [ 85.3936196, 27.7047349 ], [ 85.3935626, 27.7046394 ], [ 85.3935438, 27.7045151 ], [ 85.393561, 27.7044405 ], [ 85.3936458, 27.7042 ], [ 85.3936853, 27.7041023 ], [ 85.3937051, 27.7040022 ], [ 85.3937355, 27.7036909 ] ] ] } },
{ "type": "Feature", "properties": { "id": "way/693606876", "name": "रत्नपार्क मार्ग", "name_en": "Ratna Park Path", "name_ne": "रत्नपार्क मार्ग", "highway": "primary", "surface": "asphalt", "smoothness": "good", "width": "14", "lanes": null, "oneway": "no", "bridge": null, "layer": null, "source": null, "adm0_pcode": "NPL", "adm0_name": "Nepal", "adm1_pcode": "NP03", "adm1_name": "Bagmati", "adm2_pcode": "NP0327", "adm2_name": "Kathmandu", "adm3_pcode": "NP0327101", "adm3_name": "Kathmandu", "adm4_pcode": null, "adm4_name": null, "name_latin": "Ratna Park Path", "path": "C:\\Users\\neetu\\Documents\\orimery road.geojson" }, "geometry": { "type": "MultiLineString", "coordinates": [ [ [ 85.3146006, 27.7069074 ], [ 85.3152655, 27.7065826 ] ] ] } },
{ "type": "Feature", "properties": { "id": "way/32133115", "name": "Sankhu Road", "name_en": null, "name_ne": null, "highway": "primary", "surface": null, "smoothness": null, "width": "8", "lanes": null, "oneway": null, "bridge": null, "layer": null, "source": null, "adm0_pcode": "NPL", "adm0_name": "Nepal", "adm1_pcode": "NP03", "adm1_name": "Bagmati", "adm2_pcode": "NP0327", "adm2_name": "Kathmandu", "adm3_pcode": "NP0327307", "adm3_name": "Shankharapur", "adm4_pcode": null, "adm4_name": null, "name_latin": "Sankhu Road", "path": "C:\\Users\\neetu\\Documents\\orimery road.geojson" }, "geometry": { "type": "MultiLineString", "coordinates": [ [ [ 85.4299492, 27.7294831 ], [ 85.4308322, 27.7296215 ], [ 85.4320366, 27.7297778 ], [ 85.4324526, 27.7298341 ], [ 85.4338249, 27.7300144 ], [ 85.4340654, 27.7300484 ], [ 85.4347706, 27.730157 ], [ 85.4351716, 27.7302156 ], [ 85.4355325, 27.7302595 ], [ 85.435704, 27.7302683 ], [ 85.4358215, 27.7302653 ], [ 85.4359532, 27.7302574 ], [ 85.436113, 27.7302386 ], [ 85.4362236, 27.7302185 ], [ 85.4365649, 27.7301222 ], [ 85.4366747, 27.7300916 ], [ 85.4368671, 27.7300613 ], [ 85.436969, 27.7300423 ], [ 85.4370586, 27.7300124 ], [ 85.4371634, 27.7299642 ], [ 85.4374406, 27.7297966 ], [ 85.4376764, 27.7296638 ], [ 85.4381756, 27.7294573 ], [ 85.4393005, 27.7289568 ], [ 85.4395848, 27.7288176 ], [ 85.4398655, 27.7286329 ], [ 85.4399794, 27.7285848 ], [ 85.4400816, 27.7285778 ], [ 85.4401882, 27.7286049 ], [ 85.4407425, 27.7288902 ], [ 85.4409342, 27.7289662 ], [ 85.4411771, 27.7290254 ], [ 85.4413299, 27.7290561 ], [ 85.441509, 27.7290859 ], [ 85.4417971, 27.7291102 ], [ 85.4421404, 27.7291173 ], [ 85.4424852, 27.7291396 ], [ 85.4431867, 27.7292073 ], [ 85.4435483, 27.729237 ], [ 85.443791, 27.7292709 ], [ 85.4443023, 27.7293498 ], [ 85.444672, 27.729399 ], [ 85.4447779, 27.7294157 ], [ 85.4448566, 27.7294183 ], [ 85.4449102, 27.729411 ], [ 85.4449655, 27.7293878 ], [ 85.4450673, 27.729317 ], [ 85.4451302, 27.7292826 ], [ 85.4452947, 27.7292166 ], [ 85.4456813, 27.7291571 ] ] ] } },
{ "type": "Feature", "properties": { "id": "way/194610102", "name": null, "name_en": null, "name_ne": null, "highway": "primary", "surface": "asphalt", "smoothness": null, "width": "14", "lanes": "4", "oneway": null, "bridge": null, "layer": null, "source": null, "adm0_pcode": "NPL", "adm0_name": "Nepal", "adm1_pcode": "NP03", "adm1_name": "Bagmati", "adm2_pcode": "NP0327", "adm2_name": "Kathmandu", "adm3_pcode": "NP0327101", "adm3_name": "Kathmandu", "adm4_pcode": null, "adm4_name": null, "name_latin": null, "path": "C:\\Users\\neetu\\Documents\\orimery road.geojson" }, "geometry": { "type": "MultiLineString", "coordinates": [ [ [ 85.3644221, 27.6863062 ], [ 85.3643716, 27.6863416 ], [ 85.3642695, 27.6864134 ], [ 85.3640964, 27.686535 ], [ 85.3639549, 27.6866344 ], [ 85.3637178, 27.6868009 ], [ 85.3633447, 27.6870504 ], [ 85.3631041, 27.68722 ], [ 85.3629474, 27.6873294 ], [ 85.3627447, 27.6874709 ], [ 85.3623927, 27.6877127 ], [ 85.3621435, 27.6878913 ], [ 85.3616456, 27.6882373 ], [ 85.361096, 27.6886169 ], [ 85.3610222, 27.6886679 ], [ 85.360861, 27.6887792 ], [ 85.3606044, 27.6889564 ], [ 85.3604463, 27.6890656 ], [ 85.3603709, 27.689111 ] ] ] } },
{ "type": "Feature", "properties": { "id": "way/1090811373", "name": null, "name_en": null, "name_ne": null, "highway": "primary", "surface": null, "smoothness": null, "width": "7", "lanes": "2", "oneway": "yes", "bridge": null, "layer": null, "source": null, "adm0_pcode": "NPL", "adm0_name": "Nepal", "adm1_pcode": "NP03", "adm1_name": "Bagmati", "adm2_pcode": "NP0325", "adm2_name": "Lalitpur", "adm3_pcode": "NP0325101", "adm3_name": "Lalitpur", "adm4_pcode": null, "adm4_name": null, "name_latin": null, "path": "C:\\Users\\neetu\\Documents\\orimery road.geojson" }, "geometry": { "type": "MultiLineString", "coordinates": [ [ [ 85.3320388, 27.6666958 ], [ 85.332111, 27.6667798 ], [ 85.3322366, 27.6669262 ], [ 85.3325366, 27.6672296 ], [ 85.3328949, 27.6675203 ], [ 85.3330628, 27.6676382 ], [ 85.333453, 27.6678616 ], [ 85.3338731, 27.6680794 ], [ 85.3343891, 27.6683617 ], [ 85.3348605, 27.6686122 ], [ 85.3356855, 27.6690457 ], [ 85.3363855, 27.6694223 ], [ 85.3366673, 27.6695786 ], [ 85.3381114, 27.6703411 ], [ 85.3391604, 27.6709042 ], [ 85.339517, 27.6711088 ], [ 85.3397757, 27.6712758 ], [ 85.3399519, 27.6714 ], [ 85.3401267, 27.6715398 ], [ 85.3401915, 27.6715915 ], [ 85.3403516, 27.671732 ], [ 85.3404074, 27.6717811 ], [ 85.3406506, 27.6720229 ], [ 85.3406856, 27.6720578 ], [ 85.3412768, 27.6726684 ], [ 85.341367, 27.6727579 ] ] ] } },
{ "type": "Feature", "properties": { "id": "way/232096101", "name": "Narayan Gopal Road", "name_en": null, "name_ne": null, "highway": "primary", "surface": "asphalt", "smoothness": "intermediate", "width": "14", "lanes": "2", "oneway": null, "bridge": null, "layer": null, "source": null, "adm0_pcode": "NPL", "adm0_name": "Nepal", "adm1_pcode": "NP03", "adm1_name": "Bagmati", "adm2_pcode": "NP0327", "adm2_name": "Kathmandu", "adm3_pcode": "NP0327101", "adm3_name": "Kathmandu", "adm4_pcode": null, "adm4_name": null, "name_latin": "Narayan Gopal Road", "path": "C:\\Users\\neetu\\Documents\\orimery road.geojson" }, "geometry": { "type": "MultiLineString", "coordinates": [ [ [ 85.3176698, 27.7186966 ], [ 85.3173838, 27.7183995 ], [ 85.3171214, 27.7181206 ] ] ] } },
{ "type": "Feature", "properties": { "id": "way/224832548", "name": null, "name_en": null, "name_ne": null, "highway": "primary", "surface": null, "smoothness": null, "width": "7", "lanes": null, "oneway": null, "bridge": null, "layer": null, "source": null, "adm0_pcode": "NPL", "adm0_name": "Nepal", "adm1_pcode": "NP03", "adm1_name": "Bagmati", "adm2_pcode": "NP0326", "adm2_name": "Bhaktapur", "adm3_pcode": "NP0326303", "adm3_name": "Bhaktapur", "adm4_pcode": null, "adm4_name": null, "name_latin": null, "path": "C:\\Users\\neetu\\Documents\\orimery road.geojson" }, "geometry": { "type": "MultiLineString", "coordinates": [ [ [ 85.4326931, 27.6762828 ], [ 85.4325579, 27.6762731 ], [ 85.4324751, 27.6762598 ], [ 85.4323957, 27.6762403 ], [ 85.4323178, 27.676215 ], [ 85.43219, 27.6761619 ], [ 85.4318698, 27.6759913 ], [ 85.4318123, 27.6759602 ] ] ] } },
{ "type": "Feature", "properties": { "id": "way/28598645", "name": "टंगाल मार्ग", "name_en": "Tangal Marg", "name_ne": "टंगाल मार्ग", "highway": "primary", "surface": null, "smoothness": null, "width": "9", "lanes": "4", "oneway": null, "bridge": null, "layer": null, "source": null, "adm0_pcode": "NPL", "adm0_name": "Nepal", "adm1_pcode": "NP03", "adm1_name": "Bagmati", "adm2_pcode": "NP0327", "adm2_name": "Kathmandu", "adm3_pcode": "NP0327101", "adm3_name": "Kathmandu", "adm4_pcode": null, "adm4_name": null, "name_latin": "Tangal Marg", "path": "C:\\Users\\neetu\\Documents\\orimery road.geojson" }, "geometry": { "type": "MultiLineString", "coordinates": [ [ [ 85.3294225, 27.7144439 ], [ 85.3294733, 27.7145334 ], [ 85.3295569, 27.7147113 ], [ 85.3298731, 27.7155858 ], [ 85.3301893, 27.7164789 ] ] ] } },
{ "type": "Feature", "properties": { "id": "way/172138201", "name": "Lekhnath Sadak", "name_en": null, "name_ne": null, "highway": "primary", "surface": "asphalt", "smoothness": "excellent", "width": "14", "lanes": null, "oneway": null, "bridge": null, "layer": null, "source": null, "adm0_pcode": "NPL", "adm0_name": "Nepal", "adm1_pcode": "NP03", "adm1_name": "Bagmati", "adm2_pcode": "NP0327", "adm2_name": "Kathmandu", "adm3_pcode": "NP0327101", "adm3_name": "Kathmandu", "adm4_pcode": null, "adm4_name": null, "name_latin": "Lekhnath Sadak", "path": "C:\\Users\\neetu\\Documents\\orimery road.geojson" }, "geometry": { "type": "MultiLineString", "coordinates": [ [ [ 85.3147563, 27.7173248 ], [ 85.3154603, 27.7171253 ], [ 85.3157626, 27.7170386 ] ] ] } },
{ "type": "Feature", "properties": { "id": "way/4825630", "name": "कान्ति पथ", "name_en": "Kanti Path", "name_ne": "कान्ति पथ", "highway": "primary", "surface": "asphalt", "smoothness": null, "width": "14", "lanes": "2", "oneway": "yes", "bridge": null, "layer": null, "source": null, "adm0_pcode": "NPL", "adm0_name": "Nepal", "adm1_pcode": "NP03", "adm1_name": "Bagmati", "adm2_pcode": "NP0327", "adm2_name": "Kathmandu", "adm3_pcode": "NP0327101", "adm3_name": "Kathmandu", "adm4_pcode": null, "adm4_name": null, "name_latin": "Kanti Path", "path": "C:\\Users\\neetu\\Documents\\orimery road.geojson" }, "geometry": { "type": "MultiLineString", "coordinates": [ [ [ 85.3142236, 27.7070592 ], [ 85.3142985, 27.7083647 ], [ 85.3143045, 27.7083988 ], [ 85.314312, 27.7084279 ], [ 85.3143377, 27.708473 ], [ 85.314368, 27.7085141 ], [ 85.3143863, 27.7085323 ] ] ] } },
{ "type": "Feature", "properties": { "id": "way/1053866441", "name": "लेखनाथ सडक", "name_en": "Lekhnath Sadak", "name_ne": "लेखनाथ सडक", "highway": "primary", "surface": "asphalt", "smoothness": "excellent", "width": "7", "lanes": null, "oneway": "yes", "bridge": null, "layer": null, "source": null, "adm0_pcode": "NPL", "adm0_name": "Nepal", "adm1_pcode": "NP03", "adm1_name": "Bagmati", "adm2_pcode": "NP0327", "adm2_name": "Kathmandu", "adm3_pcode": "NP0327101", "adm3_name": "Kathmandu", "adm4_pcode": null, "adm4_name": null, "name_latin": "Lekhnath Sadak", "path": "C:\\Users\\neetu\\Documents\\orimery road.geojson" }, "geometry": { "type": "MultiLineString", "coordinates": [ [ [ 85.3160135, 27.7167752 ], [ 85.3159009, 27.7168934 ], [ 85.3157626, 27.7170386 ] ] ] } },
{ "type": "Feature", "properties": { "id": "way/32133114", "name": null, "name_en": null, "name_ne": null, "highway": "primary", "surface": null, "smoothness": null, "width": null, "lanes": null, "oneway": null, "bridge": "yes", "layer": "1", "source": null, "adm0_pcode": "NPL", "adm0_name": "Nepal", "adm1_pcode": "NP03", "adm1_name": "Bagmati", "adm2_pcode": "NP0327", "adm2_name": "Kathmandu", "adm3_pcode": "NP0327307", "adm3_name": "Shankharapur", "adm4_pcode": null, "adm4_name": null, "name_latin": null, "path": "C:\\Users\\neetu\\Documents\\orimery road.geojson" }, "geometry": { "type": "MultiLineString", "coordinates": [ [ [ 85.429496, 27.7294208 ], [ 85.4299492, 27.7294831 ] ] ] } },
{ "type": "Feature", "properties": { "id": "way/311592904", "name": "Kanti Lokhpath", "name_en": null, "name_ne": null, "highway": "primary", "surface": "asphalt", "smoothness": null, "width": null, "lanes": null, "oneway": null, "bridge": null, "layer": null, "source": null, "adm0_pcode": "NPL", "adm0_name": "Nepal", "adm1_pcode": "NP03", "adm1_name": "Bagmati", "adm2_pcode": "NP0325", "adm2_name": "Lalitpur", "adm3_pcode": "NP0325301", "adm3_name": "Godawari", "adm4_pcode": null, "adm4_name": null, "name_latin": "Kanti Lokhpath", "path": "C:\\Users\\neetu\\Documents\\orimery road.geojson" }, "geometry": { "type": "MultiLineString", "coordinates": [ [ [ 85.3026849, 27.5523514 ], [ 85.3024556, 27.5525232 ], [ 85.3022692, 27.5527074 ], [ 85.3020667, 27.5529031 ], [ 85.3018346, 27.5531154 ], [ 85.3013103, 27.5535743 ], [ 85.301042, 27.553799 ], [ 85.3008006, 27.5540024 ], [ 85.3004855, 27.5542057 ], [ 85.3003266, 27.5543246 ], [ 85.3002106, 27.5544768 ], [ 85.3001542, 27.554604 ], [ 85.3000671, 27.5548608 ], [ 85.3000268, 27.555139 ], [ 85.3000241, 27.55546 ], [ 85.3001556, 27.5557525 ], [ 85.3003862, 27.5560545 ], [ 85.3007376, 27.556504 ], [ 85.3008053, 27.5565973 ], [ 85.3008737, 27.5566431 ], [ 85.3009716, 27.5566805 ], [ 85.3011286, 27.5567091 ], [ 85.3015517, 27.5567394 ], [ 85.3016985, 27.5567786 ], [ 85.3018152, 27.5568351 ], [ 85.3018715, 27.5569153 ], [ 85.3018823, 27.5569902 ], [ 85.3018561, 27.5570877 ], [ 85.3017669, 27.5571906 ], [ 85.3014699, 27.5573814 ], [ 85.3013559, 27.5574979 ], [ 85.3013103, 27.5576121 ], [ 85.3013116, 27.5577262 ], [ 85.3013746, 27.5579105 ], [ 85.3014679, 27.558109 ], [ 85.3015423, 27.5582095 ], [ 85.3016643, 27.5582969 ], [ 85.3017964, 27.5583599 ], [ 85.3020948, 27.5584788 ], [ 85.3024006, 27.5586548 ], [ 85.3024552, 27.5587044 ], [ 85.3024904, 27.558749 ], [ 85.3025065, 27.5588016 ], [ 85.3024965, 27.5589027 ], [ 85.3024982, 27.5589681 ], [ 85.3025183, 27.5590293 ], [ 85.3025525, 27.559087 ], [ 85.3026068, 27.5591565 ], [ 85.302825, 27.5594199 ], [ 85.3029974, 27.5597462 ], [ 85.3032213, 27.5600494 ], [ 85.3035513, 27.5604512 ], [ 85.3038986, 27.5608662 ], [ 85.3042352, 27.5613477 ], [ 85.3043103, 27.5614701 ], [ 85.3043841, 27.5615581 ], [ 85.3044391, 27.5616134 ], [ 85.3045115, 27.5616568 ], [ 85.3046201, 27.5617064 ], [ 85.3048387, 27.5618131 ], [ 85.3049225, 27.5618928 ], [ 85.3049762, 27.5619641 ], [ 85.3050178, 27.5620634 ], [ 85.3050432, 27.5621585 ], [ 85.3050627, 27.5622447 ], [ 85.3050962, 27.5623273 ], [ 85.3051465, 27.5623993 ], [ 85.3052303, 27.5624712 ], [ 85.3053738, 27.5625419 ], [ 85.3054677, 27.5625815 ], [ 85.3054928, 27.5626014 ], [ 85.3055041, 27.5626191 ], [ 85.3055064, 27.5626379 ], [ 85.3055036, 27.5626571 ], [ 85.3054868, 27.5626766 ], [ 85.3054637, 27.5626852 ], [ 85.3054384, 27.5626895 ], [ 85.3053991, 27.5626874 ], [ 85.3053669, 27.5626804 ], [ 85.3051807, 27.5626044 ], [ 85.3050064, 27.5624974 ], [ 85.3049131, 27.5623719 ], [ 85.3047522, 27.5621211 ], [ 85.3046369, 27.5620396 ], [ 85.30448, 27.5619701 ], [ 85.3043217, 27.5619077 ], [ 85.3042319, 27.5618375 ], [ 85.3040944, 27.5616925 ], [ 85.3038034, 27.5614333 ], [ 85.303397, 27.5611313 ], [ 85.3031516, 27.5608816 ], [ 85.3027157, 27.5604655 ], [ 85.302418, 27.5601433 ], [ 85.3022155, 27.5599852 ], [ 85.3019875, 27.5597141 ], [ 85.3017106, 27.5593539 ], [ 85.3015637, 27.5592635 ], [ 85.3014343, 27.5592168 ], [ 85.3013415, 27.5592085 ], [ 85.3012824, 27.5592195 ] ] ] } },
{ "type": "Feature", "properties": { "id": "way/1487089848", "name": "Kanti Lokhpath", "name_en": null, "name_ne": null, "highway": "primary", "surface": "asphalt", "smoothness": null, "width": null, "lanes": null, "oneway": null, "bridge": "yes", "layer": "1", "source": null, "adm0_pcode": "NPL", "adm0_name": "Nepal", "adm1_pcode": "NP03", "adm1_name": "Bagmati", "adm2_pcode": "NP0325", "adm2_name": "Lalitpur", "adm3_pcode": "NP0325301", "adm3_name": "Godawari", "adm4_pcode": null, "adm4_name": null, "name_latin": "Kanti Lokhpath", "path": "C:\\Users\\neetu\\Documents\\orimery road.geojson" }, "geometry": { "type": "MultiLineString", "coordinates": [ [ [ 85.3012824, 27.5592195 ], [ 85.3012362, 27.5592528 ] ] ] } },
{ "type": "Feature", "properties": { "id": "way/1205938024", "name": "Satdobato-Godawari Road", "name_en": null, "name_ne": null, "highway": "primary", "surface": "asphalt", "smoothness": null, "width": "11", "lanes": "2", "oneway": null, "bridge": null, "layer": null, "source": null, "adm0_pcode": "NPL", "adm0_name": "Nepal", "adm1_pcode": "NP03", "adm1_name": "Bagmati", "adm2_pcode": "NP0325", "adm2_name": "Lalitpur", "adm3_pcode": "NP0325101", "adm3_name": "Lalitpur", "adm4_pcode": null, "adm4_name": null, "name_latin": "Satdobato-Godawari Road", "path": "C:\\Users\\neetu\\Documents\\orimery road.geojson" }, "geometry": { "type": "MultiLineString", "coordinates": [ [ [ 85.3303782, 27.6509871 ], [ 85.3302847, 27.6511022 ], [ 85.330226, 27.6512297 ], [ 85.3302128, 27.6513354 ], [ 85.3302164, 27.6514315 ], [ 85.3302691, 27.6516013 ], [ 85.3304882, 27.6519745 ], [ 85.3305521, 27.6521821 ], [ 85.3305409, 27.6523148 ], [ 85.3305025, 27.652429 ], [ 85.33037, 27.6525901 ], [ 85.3301902, 27.652725 ], [ 85.3298497, 27.6530178 ], [ 85.3293637, 27.6535514 ], [ 85.3288687, 27.6540605 ] ] ] } },
{ "type": "Feature", "properties": { "id": "way/422272357", "name": null, "name_en": null, "name_ne": null, "highway": "primary", "surface": "asphalt", "smoothness": null, "width": "11", "lanes": null, "oneway": "yes", "bridge": null, "layer": null, "source": null, "adm0_pcode": "NPL", "adm0_name": "Nepal", "adm1_pcode": "NP03", "adm1_name": "Bagmati", "adm2_pcode": "NP0327", "adm2_name": "Kathmandu", "adm3_pcode": "NP0327101", "adm3_name": "Kathmandu", "adm4_pcode": null, "adm4_name": null, "name_latin": null, "path": "C:\\Users\\neetu\\Documents\\orimery road.geojson" }, "geometry": { "type": "MultiLineString", "coordinates": [ [ [ 85.3135237, 27.6997184 ], [ 85.3134727, 27.6996519 ], [ 85.3134538, 27.6994808 ], [ 85.3134128, 27.6989512 ], [ 85.3134054, 27.6988133 ], [ 85.3133943, 27.6986619 ], [ 85.3133854, 27.6985172 ], [ 85.3133641, 27.6981712 ], [ 85.3133689, 27.6981213 ], [ 85.3133805, 27.698069 ], [ 85.3137114, 27.6972423 ], [ 85.3137427, 27.6971409 ], [ 85.3137828, 27.6968361 ], [ 85.3139653, 27.6955475 ], [ 85.3140892, 27.6947016 ], [ 85.3141289, 27.6944181 ], [ 85.3141382, 27.6942973 ] ] ] } },
{ "type": "Feature", "properties": { "id": "way/422269125", "name": "कान्ति पथ", "name_en": "Kanti Path", "name_ne": "कान्ति पथ", "highway": "primary", "surface": "asphalt", "smoothness": null, "width": "12", "lanes": "4", "oneway": "yes", "bridge": null, "layer": null, "source": null, "adm0_pcode": "NPL", "adm0_name": "Nepal", "adm1_pcode": "NP03", "adm1_name": "Bagmati", "adm2_pcode": "NP0327", "adm2_name": "Kathmandu", "adm3_pcode": "NP0327101", "adm3_name": "Kathmandu", "adm4_pcode": null, "adm4_name": null, "name_latin": "Kanti Path", "path": "C:\\Users\\neetu\\Documents\\orimery road.geojson" }, "geometry": { "type": "MultiLineString", "coordinates": [ [ [ 85.3136862, 27.69715 ], [ 85.3136661, 27.6972195 ], [ 85.3136471, 27.6972712 ] ] ] } },
{ "type": "Feature", "properties": { "id": "way/32133154", "name": "Sankhu Road", "name_en": null, "name_ne": null, "highway": "primary", "surface": null, "smoothness": null, "width": "8", "lanes": null, "oneway": null, "bridge": null, "layer": null, "source": null, "adm0_pcode": "NPL", "adm0_name": "Nepal", "adm1_pcode": "NP03", "adm1_name": "Bagmati", "adm2_pcode": "NP0327", "adm2_name": "Kathmandu", "adm3_pcode": "NP0327307", "adm3_name": "Shankharapur", "adm4_pcode": null, "adm4_name": null, "name_latin": "Sankhu Road", "path": "C:\\Users\\neetu\\Documents\\orimery road.geojson" }, "geometry": { "type": "MultiLineString", "coordinates": [ [ [ 85.4462023, 27.729086 ], [ 85.4469835, 27.7289802 ], [ 85.4474207, 27.7289183 ], [ 85.4478521, 27.7288641 ], [ 85.4482019, 27.7287944 ], [ 85.4484159, 27.7287648 ], [ 85.4485371, 27.728748 ], [ 85.4488274, 27.7286924 ], [ 85.4490355, 27.7286525 ], [ 85.4491754, 27.7286116 ], [ 85.4493153, 27.7285747 ], [ 85.449599, 27.7284924 ], [ 85.4500527, 27.7283448 ] ] ] } },
{ "type": "Feature", "properties": { "id": "way/171203194", "name": "दरबार मार्ग", "name_en": "Durbar Marg", "name_ne": "दरबार मार्ग", "highway": "primary", "surface": "asphalt", "smoothness": null, "width": "14", "lanes": null, "oneway": "yes", "bridge": null, "layer": null, "source": null, "adm0_pcode": "NPL", "adm0_name": "Nepal", "adm1_pcode": "NP03", "adm1_name": "Bagmati", "adm2_pcode": "NP0327", "adm2_name": "Kathmandu", "adm3_pcode": "NP0327101", "adm3_name": "Kathmandu", "adm4_pcode": null, "adm4_name": null, "name_latin": "Durbar Marg", "path": "C:\\Users\\neetu\\Documents\\orimery road.geojson" }, "geometry": { "type": "MultiLineString", "coordinates": [ [ [ 85.3162171, 27.7061501 ], [ 85.3161828, 27.705974 ], [ 85.3161911, 27.7057789 ], [ 85.3162116, 27.7055236 ], [ 85.3162569, 27.7049613 ], [ 85.316312, 27.7047375 ] ] ] } },
{ "type": "Feature", "properties": { "id": "way/422269127", "name": "कान्ति पथ", "name_en": "Kanti Path", "name_ne": "कान्ति पथ", "highway": "primary", "surface": "asphalt", "smoothness": "intermediate", "width": "12", "lanes": "4", "oneway": "yes", "bridge": null, "layer": null, "source": null, "adm0_pcode": "NPL", "adm0_name": "Nepal", "adm1_pcode": "NP03", "adm1_name": "Bagmati", "adm2_pcode": "NP0327", "adm2_name": "Kathmandu", "adm3_pcode": "NP0327101", "adm3_name": "Kathmandu", "adm4_pcode": null, "adm4_name": null, "name_latin": "Kanti Path", "path": "C:\\Users\\neetu\\Documents\\orimery road.geojson" }, "geometry": { "type": "MultiLineString", "coordinates": [ [ [ 85.3136471, 27.6972712 ], [ 85.3136, 27.6973776 ], [ 85.3134553, 27.6977473 ] ] ] } },
{ "type": "Feature", "properties": { "id": "way/1487089847", "name": "Kanti Lokhpath", "name_en": null, "name_ne": null, "highway": "primary", "surface": "asphalt", "smoothness": null, "width": null, "lanes": null, "oneway": null, "bridge": null, "layer": null, "source": null, "adm0_pcode": "NPL", "adm0_name": "Nepal", "adm1_pcode": "NP03", "adm1_name": "Bagmati", "adm2_pcode": "NP0325", "adm2_name": "Lalitpur", "adm3_pcode": "NP0325301", "adm3_name": "Godawari", "adm4_pcode": null, "adm4_name": null, "name_latin": "Kanti Lokhpath", "path": "C:\\Users\\neetu\\Documents\\orimery road.geojson" }, "geometry": { "type": "MultiLineString", "coordinates": [ [ [ 85.3012362, 27.5592528 ], [ 85.3012241, 27.5592837 ], [ 85.3012228, 27.5593351 ], [ 85.3012285, 27.559402 ], [ 85.3012855, 27.5595269 ], [ 85.301376, 27.5597736 ], [ 85.3014886, 27.5601647 ], [ 85.3015919, 27.560437 ], [ 85.3017595, 27.5606688 ], [ 85.3019473, 27.5608947 ], [ 85.3020418, 27.5610011 ], [ 85.3021263, 27.5611462 ], [ 85.3021666, 27.5612555 ], [ 85.3022323, 27.5614089 ], [ 85.3022926, 27.5615242 ], [ 85.3023872, 27.5616247 ], [ 85.3025213, 27.5617632 ], [ 85.3026789, 27.5619213 ], [ 85.3027774, 27.5620806 ], [ 85.3028847, 27.5622572 ], [ 85.3030618, 27.5624141 ], [ 85.3032079, 27.5625229 ], [ 85.3032884, 27.562605 ], [ 85.3033467, 27.5626876 ], [ 85.3033957, 27.5628356 ], [ 85.3035137, 27.5631322 ], [ 85.303802, 27.5636102 ], [ 85.3039201, 27.5637944 ], [ 85.3040247, 27.5640108 ], [ 85.3041051, 27.5642319 ], [ 85.3041112, 27.5645119 ], [ 85.3041192, 27.5646433 ], [ 85.304134, 27.5647354 ], [ 85.3041755, 27.5648288 ], [ 85.3042439, 27.5649102 ], [ 85.3043734, 27.5650029 ], [ 85.3044813, 27.5650588 ], [ 85.3045752, 27.5651064 ], [ 85.3046845, 27.5651878 ], [ 85.3048106, 27.5653429 ], [ 85.3050064, 27.5655843 ], [ 85.3052571, 27.5658607 ], [ 85.305456, 27.5660352 ], [ 85.3055683, 27.5661003 ], [ 85.3057171, 27.5661763 ], [ 85.306153, 27.5664504 ], [ 85.306615, 27.566728 ], [ 85.3067109, 27.5667833 ], [ 85.3067692, 27.5668329 ], [ 85.3068054, 27.5669039 ], [ 85.3068252, 27.5669619 ], [ 85.3068614, 27.5670433 ], [ 85.3069151, 27.5671242 ], [ 85.3069818, 27.5671898 ], [ 85.3070649, 27.5672552 ], [ 85.3072084, 27.5673426 ], [ 85.3073097, 27.5673902 ], [ 85.3074197, 27.5674234 ], [ 85.3075216, 27.5674651 ], [ 85.3076175, 27.5675221 ], [ 85.3078012, 27.5676309 ], [ 85.307936, 27.5676689 ], [ 85.3080815, 27.5676939 ], [ 85.3082096, 27.5677337 ], [ 85.3083578, 27.5678164 ], [ 85.3084892, 27.5678942 ], [ 85.3085908, 27.5679448 ], [ 85.3086629, 27.5679659 ], [ 85.3087276, 27.5679697 ], [ 85.3087983, 27.5679632 ], [ 85.3089023, 27.5679448 ], [ 85.3089727, 27.5679427 ], [ 85.3090394, 27.5679522 ], [ 85.3090947, 27.5679786 ], [ 85.3091584, 27.5680265 ], [ 85.3092644, 27.5681195 ], [ 85.3093569, 27.5682075 ], [ 85.3094454, 27.5683323 ], [ 85.3094937, 27.5684548 ], [ 85.3095286, 27.5686123 ], [ 85.309599, 27.5687466 ], [ 85.3097056, 27.5688584 ], [ 85.3098907, 27.5689969 ], [ 85.3101227, 27.5690991 ], [ 85.3102963, 27.5691413 ], [ 85.3104982, 27.5691734 ], [ 85.3106558, 27.5691954 ], [ 85.3107771, 27.5692317 ], [ 85.3108683, 27.5693024 ], [ 85.3109615, 27.5694367 ], [ 85.3110299, 27.5695521 ], [ 85.3110936, 27.5696293 ], [ 85.3111707, 27.5696977 ], [ 85.311268, 27.5697981 ], [ 85.3113038, 27.5698579 ], [ 85.3113391, 27.5699004 ], [ 85.3113712, 27.5699247 ], [ 85.3114125, 27.5699506 ], [ 85.3114571, 27.5699842 ], [ 85.3114815, 27.5700109 ], [ 85.3114903, 27.5700383 ], [ 85.3114869, 27.5700713 ], [ 85.3114722, 27.5701007 ], [ 85.3114359, 27.5701381 ], [ 85.3113283, 27.5702136 ], [ 85.3111801, 27.5702885 ], [ 85.3108965, 27.5704044 ], [ 85.3107268, 27.5705001 ], [ 85.310643, 27.5705869 ], [ 85.310576, 27.570679 ], [ 85.3105411, 27.5707753 ], [ 85.3105371, 27.5709061 ], [ 85.3105666, 27.5710832 ], [ 85.3107087, 27.5717537 ], [ 85.3107617, 27.5719297 ], [ 85.3108227, 27.5720771 ], [ 85.3108918, 27.5721606 ], [ 85.3109515, 27.5722129 ], [ 85.3110135, 27.5722569 ], [ 85.3110645, 27.5722961 ], [ 85.3111144, 27.5723493 ], [ 85.3111513, 27.5724034 ] ] ] } },
{ "type": "Feature", "properties": { "id": "way/61164306", "name": "टंगाल मार्ग", "name_en": "Tangal Marg", "name_ne": "टंगाल मार्ग", "highway": "primary", "surface": null, "smoothness": null, "width": "9", "lanes": "4", "oneway": null, "bridge": null, "layer": null, "source": null, "adm0_pcode": "NPL", "adm0_name": "Nepal", "adm1_pcode": "NP03", "adm1_name": "Bagmati", "adm2_pcode": "NP0327", "adm2_name": "Kathmandu", "adm3_pcode": "NP0327101", "adm3_name": "Kathmandu", "adm4_pcode": null, "adm4_name": null, "name_latin": "Tangal Marg", "path": "C:\\Users\\neetu\\Documents\\orimery road.geojson" }, "geometry": { "type": "MultiLineString", "coordinates": [ [ [ 85.3303876, 27.7171094 ], [ 85.3303545, 27.7169938 ], [ 85.3302036, 27.7165259 ], [ 85.3301893, 27.7164789 ] ] ] } },
{ "type": "Feature", "properties": { "id": "way/422264447", "name": "Kanti Path", "name_en": null, "name_ne": null, "highway": "primary", "surface": "asphalt", "smoothness": null, "width": "12", "lanes": "4", "oneway": "yes", "bridge": null, "layer": null, "source": null, "adm0_pcode": "NPL", "adm0_name": "Nepal", "adm1_pcode": "NP03", "adm1_name": "Bagmati", "adm2_pcode": "NP0327", "adm2_name": "Kathmandu", "adm3_pcode": "NP0327101", "adm3_name": "Kathmandu", "adm4_pcode": null, "adm4_name": null, "name_latin": "Kanti Path", "path": "C:\\Users\\neetu\\Documents\\orimery road.geojson" }, "geometry": { "type": "MultiLineString", "coordinates": [ [ [ 85.3139105, 27.6955423 ], [ 85.3136862, 27.69715 ] ] ] } },
{ "type": "Feature", "properties": { "id": "way/176144642", "name": null, "name_en": null, "name_ne": null, "highway": "primary", "surface": "paved", "smoothness": null, "width": "14", "lanes": null, "oneway": null, "bridge": null, "layer": null, "source": null, "adm0_pcode": "NPL", "adm0_name": "Nepal", "adm1_pcode": "NP03", "adm1_name": "Bagmati", "adm2_pcode": "NP0327", "adm2_name": "Kathmandu", "adm3_pcode": "NP0327101", "adm3_name": "Kathmandu", "adm4_pcode": null, "adm4_name": null, "name_latin": null, "path": "C:\\Users\\neetu\\Documents\\orimery road.geojson" }, "geometry": { "type": "MultiLineString", "coordinates": [ [ [ 85.3017912, 27.7366662 ], [ 85.3017094, 27.736716 ], [ 85.301661, 27.7367794 ], [ 85.301557, 27.7369619 ] ] ] } },
{ "type": "Feature", "properties": { "id": "way/172003011", "name": "पुल्चोक मार्ग", "name_en": "Pulchok Marg", "name_ne": "पुल्चोक मार्ग", "highway": "primary", "surface": "asphalt", "smoothness": "good", "width": "7", "lanes": "2", "oneway": "yes", "bridge": null, "layer": null, "source": null, "adm0_pcode": "NPL", "adm0_name": "Nepal", "adm1_pcode": "NP03", "adm1_name": "Bagmati", "adm2_pcode": "NP0325", "adm2_name": "Lalitpur", "adm3_pcode": "NP0325101", "adm3_name": "Lalitpur", "adm4_pcode": null, "adm4_name": null, "name_latin": "Pulchok Marg", "path": "C:\\Users\\neetu\\Documents\\orimery road.geojson" }, "geometry": { "type": "MultiLineString", "coordinates": [ [ [ 85.3187269, 27.6835569 ], [ 85.3187802, 27.6834725 ], [ 85.3187795, 27.6833749 ], [ 85.318758, 27.6832704 ], [ 85.3186878, 27.68309 ], [ 85.3185988, 27.6829417 ], [ 85.3185674, 27.6829005 ], [ 85.318463, 27.6827775 ], [ 85.3183602, 27.6826522 ], [ 85.3181642, 27.6824045 ], [ 85.3180432, 27.6821706 ], [ 85.3179266, 27.6819068 ], [ 85.3177116, 27.6813998 ], [ 85.3173405, 27.6804478 ], [ 85.3172988, 27.6803499 ], [ 85.3172134, 27.680137 ], [ 85.3168146, 27.6791472 ], [ 85.3167565, 27.6790136 ], [ 85.3165787, 27.6785852 ], [ 85.3163915, 27.6781142 ] ] ] } },
{ "type": "Feature", "properties": { "id": "way/224839048", "name": "कान्ति पथ", "name_en": "Kanti Path", "name_ne": "कान्ति पथ", "highway": "primary", "surface": "asphalt", "smoothness": "good", "width": "14", "lanes": "2", "oneway": null, "bridge": null, "layer": null, "source": null, "adm0_pcode": "NPL", "adm0_name": "Nepal", "adm1_pcode": "NP03", "adm1_name": "Bagmati", "adm2_pcode": "NP0327", "adm2_name": "Kathmandu", "adm3_pcode": "NP0327101", "adm3_name": "Kathmandu", "adm4_pcode": null, "adm4_name": null, "name_latin": "Kanti Path", "path": "C:\\Users\\neetu\\Documents\\orimery road.geojson" }, "geometry": { "type": "MultiLineString", "coordinates": [ [ [ 85.3160135, 27.7167752 ], [ 85.3156587, 27.7150183 ], [ 85.3155649, 27.7145025 ], [ 85.3154558, 27.7139024 ], [ 85.3153947, 27.7136511 ] ] ] } },
{ "type": "Feature", "properties": { "id": "way/232351912", "name": "पुल्चोक मार्ग", "name_en": "Pulchok Marg", "name_ne": "पुल्चोक मार्ग", "highway": "primary", "surface": "asphalt", "smoothness": "intermediate", "width": "7", "lanes": "2", "oneway": "yes", "bridge": null, "layer": null, "source": null, "adm0_pcode": "NPL", "adm0_name": "Nepal", "adm1_pcode": "NP03", "adm1_name": "Bagmati", "adm2_pcode": "NP0325", "adm2_name": "Lalitpur", "adm3_pcode": "NP0325101", "adm3_name": "Lalitpur", "adm4_pcode": null, "adm4_name": null, "name_latin": "Pulchok Marg", "path": "C:\\Users\\neetu\\Documents\\orimery road.geojson" }, "geometry": { "type": "MultiLineString", "coordinates": [ [ [ 85.316305, 27.6781208 ], [ 85.3164734, 27.6784834 ], [ 85.3166919, 27.6790356 ], [ 85.3167286, 27.6791361 ], [ 85.316883, 27.6795149 ], [ 85.317126, 27.6801355 ], [ 85.3172144, 27.6803559 ], [ 85.3172613, 27.6804597 ], [ 85.3173066, 27.6805707 ], [ 85.3175202, 27.6811004 ], [ 85.3176878, 27.6815317 ], [ 85.3178511, 27.6819255 ], [ 85.3179558, 27.6821653 ], [ 85.3180645, 27.6823862 ], [ 85.3182582, 27.6826479 ], [ 85.3183494, 27.6827577 ], [ 85.3184761, 27.6829125 ], [ 85.3185213, 27.6829648 ], [ 85.3186171, 27.6831115 ], [ 85.3186655, 27.68323 ], [ 85.318695, 27.6833499 ], [ 85.3187098, 27.6834782 ], [ 85.3187269, 27.6835569 ] ] ] } },
{ "type": "Feature", "properties": { "id": "way/1206099440", "name": "थिरबम सडक", "name_en": "Thirbam Sadak", "name_ne": "थिरबम सडक", "highway": "primary", "surface": null, "smoothness": null, "width": "9", "lanes": "4", "oneway": null, "bridge": null, "layer": null, "source": null, "adm0_pcode": "NPL", "adm0_name": "Nepal", "adm1_pcode": "NP03", "adm1_name": "Bagmati", "adm2_pcode": "NP0327", "adm2_name": "Kathmandu", "adm3_pcode": "NP0327101", "adm3_name": "Kathmandu", "adm4_pcode": null, "adm4_name": null, "name_latin": "Thirbam Sadak", "path": "C:\\Users\\neetu\\Documents\\orimery road.geojson" }, "geometry": { "type": "MultiLineString", "coordinates": [ [ [ 85.3304588, 27.7173542 ], [ 85.3304286, 27.7172539 ], [ 85.3303876, 27.7171094 ] ] ] } },
{ "type": "Feature", "properties": { "id": "way/24684520", "name": "बालाजु माछा पोखरी - बाइपास", "name_en": "Balaju Machha Pokhari - Bypass", "name_ne": "बालाजु माछा पोखरी - बाइपास", "highway": "primary", "surface": "paved", "smoothness": null, "width": "14", "lanes": "2", "oneway": null, "bridge": null, "layer": null, "source": null, "adm0_pcode": "NPL", "adm0_name": "Nepal", "adm1_pcode": "NP03", "adm1_name": "Bagmati", "adm2_pcode": "NP0327", "adm2_name": "Kathmandu", "adm3_pcode": "NP0327101", "adm3_name": "Kathmandu", "adm4_pcode": null, "adm4_name": null, "name_latin": "Balaju Machha Pokhari - Bypass", "path": "C:\\Users\\neetu\\Documents\\orimery road.geojson" }, "geometry": { "type": "MultiLineString", "coordinates": [ [ [ 85.3058928, 27.7352708 ], [ 85.3057238, 27.7353517 ], [ 85.3056347, 27.7354009 ], [ 85.3054466, 27.7355047 ], [ 85.3048388, 27.7357987 ], [ 85.3047205, 27.7358583 ], [ 85.304309, 27.7360704 ], [ 85.3040834, 27.7361698 ], [ 85.3039304, 27.736226 ], [ 85.3037622, 27.7362806 ], [ 85.3036738, 27.7363038 ], [ 85.3034224, 27.7363696 ], [ 85.3032304, 27.7364104 ], [ 85.3028866, 27.7364835 ], [ 85.3024713, 27.7365714 ], [ 85.3023839, 27.7365861 ], [ 85.3019772, 27.7366477 ], [ 85.3017912, 27.7366662 ] ] ] } },
{ "type": "Feature", "properties": { "id": "way/171603746", "name": "रत्न पार्क पथ", "name_en": "Ratna Park Path", "name_ne": "रत्न पार्क पथ", "highway": "primary", "surface": null, "smoothness": null, "width": "14", "lanes": null, "oneway": "no", "bridge": null, "layer": null, "source": null, "adm0_pcode": "NPL", "adm0_name": "Nepal", "adm1_pcode": "NP03", "adm1_name": "Bagmati", "adm2_pcode": "NP0327", "adm2_name": "Kathmandu", "adm3_pcode": "NP0327101", "adm3_name": "Kathmandu", "adm4_pcode": null, "adm4_name": null, "name_latin": "Ratna Park Path", "path": "C:\\Users\\neetu\\Documents\\orimery road.geojson" }, "geometry": { "type": "MultiLineString", "coordinates": [ [ [ 85.3152655, 27.7065826 ], [ 85.3156817, 27.7064369 ], [ 85.31592, 27.7063451 ], [ 85.3161219, 27.7062373 ], [ 85.3162171, 27.7061501 ] ] ] } },
{ "type": "Feature", "properties": { "id": "way/232351910", "name": null, "name_en": null, "name_ne": null, "highway": "primary", "surface": null, "smoothness": null, "width": "14", "lanes": null, "oneway": null, "bridge": null, "layer": null, "source": null, "adm0_pcode": "NPL", "adm0_name": "Nepal", "adm1_pcode": "NP03", "adm1_name": "Bagmati", "adm2_pcode": "NP0325", "adm2_name": "Lalitpur", "adm3_pcode": "NP0325101", "adm3_name": "Lalitpur", "adm4_pcode": null, "adm4_name": null, "name_latin": null, "path": "C:\\Users\\neetu\\Documents\\orimery road.geojson" }, "geometry": { "type": "MultiLineString", "coordinates": [ [ [ 85.3216624, 27.6683874 ], [ 85.3219353, 27.6691362 ], [ 85.3219786, 27.6692855 ], [ 85.3219834, 27.6693652 ], [ 85.3219775, 27.6694282 ], [ 85.3219355, 27.6695391 ], [ 85.3218895, 27.6696693 ], [ 85.321831, 27.6697925 ], [ 85.3217663, 27.6698631 ], [ 85.3217268, 27.6699061 ], [ 85.3216511, 27.669964 ], [ 85.3215857, 27.6700131 ], [ 85.3214916, 27.6700623 ], [ 85.3210123, 27.6703138 ] ] ] } },
{ "type": "Feature", "properties": { "id": "way/231882052", "name": null, "name_en": null, "name_ne": null, "highway": "primary", "surface": "asphalt", "smoothness": null, "width": "7", "lanes": null, "oneway": null, "bridge": null, "layer": null, "source": null, "adm0_pcode": "NPL", "adm0_name": "Nepal", "adm1_pcode": "NP03", "adm1_name": "Bagmati", "adm2_pcode": "NP0326", "adm2_name": "Bhaktapur", "adm3_pcode": "NP0326303", "adm3_name": "Bhaktapur", "adm4_pcode": null, "adm4_name": null, "name_latin": null, "path": "C:\\Users\\neetu\\Documents\\orimery road.geojson" }, "geometry": { "type": "MultiLineString", "coordinates": [ [ [ 85.4222749, 27.6719646 ], [ 85.4220354, 27.6718598 ], [ 85.4217627, 27.6717404 ], [ 85.4215495, 27.6715986 ], [ 85.4214503, 27.6715142 ], [ 85.421402, 27.671462 ], [ 85.421343, 27.671424 ] ] ] } },
{ "type": "Feature", "properties": { "id": "way/231882055", "name": null, "name_en": null, "name_ne": null, "highway": "primary", "surface": "asphalt", "smoothness": null, "width": "7", "lanes": null, "oneway": null, "bridge": null, "layer": null, "source": null, "adm0_pcode": "NPL", "adm0_name": "Nepal", "adm1_pcode": "NP03", "adm1_name": "Bagmati", "adm2_pcode": "NP0326", "adm2_name": "Bhaktapur", "adm3_pcode": "NP0326303", "adm3_name": "Bhaktapur", "adm4_pcode": null, "adm4_name": null, "name_latin": null, "path": "C:\\Users\\neetu\\Documents\\orimery road.geojson" }, "geometry": { "type": "MultiLineString", "coordinates": [ [ [ 85.4318123, 27.6759602 ], [ 85.4317154, 27.6759106 ], [ 85.4313652, 27.675798 ], [ 85.430909, 27.6756546 ], [ 85.4304501, 27.6754969 ], [ 85.4302186, 27.6754379 ], [ 85.429983, 27.6753902 ], [ 85.4295333, 27.6753548 ], [ 85.4289982, 27.675299 ], [ 85.4287474, 27.6752586 ], [ 85.4285154, 27.6752052 ], [ 85.4282284, 27.6751256 ], [ 85.4280018, 27.675068 ], [ 85.4278428, 27.6750127 ], [ 85.4277154, 27.6749468 ], [ 85.4276256, 27.6748916 ], [ 85.4275582, 27.6748513 ], [ 85.4274646, 27.6748097 ] ] ] } },
{ "type": "Feature", "properties": { "id": "way/184867817", "name": "विश्वविद्यालयको पथ", "name_en": "University Path", "name_ne": "विश्वविद्यालयको पथ", "highway": "primary", "surface": null, "smoothness": null, "width": "14", "lanes": null, "oneway": null, "bridge": "yes", "layer": "1", "source": null, "adm0_pcode": "NPL", "adm0_name": "Nepal", "adm1_pcode": "NP03", "adm1_name": "Bagmati", "adm2_pcode": "NP0327", "adm2_name": "Kathmandu", "adm3_pcode": "NP0327101", "adm3_name": "Kathmandu", "adm4_pcode": null, "adm4_name": null, "name_latin": "University Path", "path": "C:\\Users\\neetu\\Documents\\orimery road.geojson" }, "geometry": { "type": "MultiLineString", "coordinates": [ [ [ 85.2988219, 27.6962154 ], [ 85.298771, 27.696076 ] ] ] } },
{ "type": "Feature", "properties": { "id": "way/231880677", "name": "चाबहिल-बौद्-जोरपाटी सडक", "name_en": "Chabhil-Baudha-Jorpati Road", "name_ne": "चाबहिल-बौद्-जोरपाटी सडक", "highway": "primary", "surface": "asphalt", "smoothness": "good", "width": "14", "lanes": "4", "oneway": null, "bridge": null, "layer": null, "source": null, "adm0_pcode": "NPL", "adm0_name": "Nepal", "adm1_pcode": "NP03", "adm1_name": "Bagmati", "adm2_pcode": "NP0327", "adm2_name": "Kathmandu", "adm3_pcode": "NP0327303", "adm3_name": "Budhanilkhantha", "adm4_pcode": null, "adm4_name": null, "name_latin": "Chabhil-Baudha-Jorpati Road", "path": "C:\\Users\\neetu\\Documents\\orimery road.geojson" }, "geometry": { "type": "MultiLineString", "coordinates": [ [ [ 85.3541213, 27.7193361 ], [ 85.3539379, 27.7193207 ], [ 85.3537115, 27.7193152 ], [ 85.3536516, 27.7193137 ], [ 85.3532474, 27.719318 ], [ 85.3532039, 27.7193196 ], [ 85.3528156, 27.7193336 ], [ 85.3521433, 27.7193837 ], [ 85.3515588, 27.7194276 ], [ 85.3513876, 27.719424 ], [ 85.3512555, 27.7194047 ], [ 85.3511105, 27.719376 ], [ 85.3509749, 27.7193316 ], [ 85.3508101, 27.7192776 ], [ 85.350485, 27.7191371 ], [ 85.3496328, 27.7186706 ], [ 85.3490965, 27.7183745 ], [ 85.3490102, 27.7183352 ], [ 85.3488558, 27.7182648 ], [ 85.3484238, 27.7181085 ], [ 85.3480922, 27.7179441 ], [ 85.3475712, 27.7176182 ], [ 85.3474043, 27.7175028 ], [ 85.3471272, 27.7173312 ], [ 85.3469254, 27.7172233 ] ] ] } },
{ "type": "Feature", "properties": { "id": "way/1091658652", "name": null, "name_en": null, "name_ne": null, "highway": "primary", "surface": null, "smoothness": null, "width": null, "lanes": null, "oneway": "yes", "bridge": null, "layer": null, "source": null, "adm0_pcode": "NPL", "adm0_name": "Nepal", "adm1_pcode": "NP03", "adm1_name": "Bagmati", "adm2_pcode": "NP0325", "adm2_name": "Lalitpur", "adm3_pcode": "NP0325101", "adm3_name": "Lalitpur", "adm4_pcode": null, "adm4_name": null, "name_latin": null, "path": "C:\\Users\\neetu\\Documents\\orimery road.geojson" }, "geometry": { "type": "MultiLineString", "coordinates": [ [ [ 85.3082225, 27.6665919 ], [ 85.3081707, 27.6666143 ] ] ] } },
{ "type": "Feature", "properties": { "id": "way/231882054", "name": null, "name_en": null, "name_ne": null, "highway": "primary", "surface": "asphalt", "smoothness": null, "width": "13", "lanes": null, "oneway": null, "bridge": null, "layer": null, "source": null, "adm0_pcode": "NPL", "adm0_name": "Nepal", "adm1_pcode": "NP03", "adm1_name": "Bagmati", "adm2_pcode": "NP0326", "adm2_name": "Bhaktapur", "adm3_pcode": "NP0326303", "adm3_name": "Bhaktapur", "adm4_pcode": null, "adm4_name": null, "name_latin": null, "path": "C:\\Users\\neetu\\Documents\\orimery road.geojson" }, "geometry": { "type": "MultiLineString", "coordinates": [ [ [ 85.4274646, 27.6748097 ], [ 85.4273397, 27.674792 ], [ 85.4272589, 27.6747797 ], [ 85.4270948, 27.6747899 ], [ 85.4269694, 27.6748083 ], [ 85.4267795, 27.6748493 ], [ 85.426515, 27.6749193 ], [ 85.4263026, 27.6749736 ], [ 85.4260692, 27.6750199 ], [ 85.4257165, 27.6750971 ], [ 85.4253115, 27.6751837 ], [ 85.4247322, 27.6753097 ], [ 85.4243284, 27.675394 ], [ 85.4240642, 27.6754391 ], [ 85.423851, 27.6754665 ], [ 85.4236874, 27.675482 ], [ 85.4234822, 27.6754921 ], [ 85.4232407, 27.6755048 ] ] ] } },
{ "type": "Feature", "properties": { "id": "way/176144649", "name": "काठमाडौं-त्रिशूली राजमार्ग", "name_en": "Kathmandu-Trisuli Rajmarg", "name_ne": "काठमाडौं-त्रिशूली राजमार्ग", "highway": "primary", "surface": "paved", "smoothness": null, "width": "14", "lanes": null, "oneway": "no", "bridge": null, "layer": null, "source": null, "adm0_pcode": "NPL", "adm0_name": "Nepal", "adm1_pcode": "NP03", "adm1_name": "Bagmati", "adm2_pcode": "NP0327", "adm2_name": "Kathmandu", "adm3_pcode": "NP0327101", "adm3_name": "Kathmandu", "adm4_pcode": null, "adm4_name": null, "name_latin": "Kathmandu-Trisuli Rajmarg", "path": "C:\\Users\\neetu\\Documents\\orimery road.geojson" }, "geometry": { "type": "MultiLineString", "coordinates": [ [ [ 85.301557, 27.7369619 ], [ 85.3013357, 27.7374309 ], [ 85.3012267, 27.7376615 ], [ 85.3009559, 27.7380539 ], [ 85.300843, 27.7382095 ], [ 85.3007852, 27.7383501 ], [ 85.300582, 27.7387582 ], [ 85.3003222, 27.7392156 ], [ 85.3001084, 27.7395718 ], [ 85.2998959, 27.7398717 ], [ 85.2998283, 27.7399095 ], [ 85.299654, 27.740071 ], [ 85.2993831, 27.7403535 ], [ 85.2990933, 27.7406951 ], [ 85.2988976, 27.7409327 ], [ 85.2985516, 27.7412817 ], [ 85.298097, 27.741575 ] ] ] } },
{ "type": "Feature", "properties": { "id": "way/184867816", "name": "विश्वविद्यालय सडक", "name_en": "University Path", "name_ne": "विश्वविद्यालय सडक", "highway": "primary", "surface": null, "smoothness": null, "width": "14", "lanes": null, "oneway": null, "bridge": null, "layer": null, "source": null, "adm0_pcode": "NPL", "adm0_name": "Nepal", "adm1_pcode": "NP03", "adm1_name": "Bagmati", "adm2_pcode": "NP0327", "adm2_name": "Kathmandu", "adm3_pcode": "NP0327101", "adm3_name": "Kathmandu", "adm4_pcode": null, "adm4_name": null, "name_latin": "University Path", "path": "C:\\Users\\neetu\\Documents\\orimery road.geojson" }, "geometry": { "type": "MultiLineString", "coordinates": [ [ [ 85.298771, 27.696076 ], [ 85.298659, 27.6955987 ], [ 85.2986447, 27.6953482 ], [ 85.2986259, 27.6949411 ], [ 85.29858, 27.6945824 ], [ 85.298551, 27.6943561 ], [ 85.2985204, 27.6941166 ], [ 85.2985169, 27.6940895 ], [ 85.2984611, 27.6936537 ], [ 85.2984333, 27.6933463 ], [ 85.2984245, 27.6932484 ], [ 85.2984016, 27.6929947 ], [ 85.2984012, 27.6927499 ] ] ] } },
{ "type": "Feature", "properties": { "id": "way/180207152", "name": "University Path", "name_en": null, "name_ne": null, "highway": "primary", "surface": null, "smoothness": null, "width": "7", "lanes": null, "oneway": "yes", "bridge": null, "layer": null, "source": null, "adm0_pcode": "NPL", "adm0_name": "Nepal", "adm1_pcode": "NP03", "adm1_name": "Bagmati", "adm2_pcode": "NP0327", "adm2_name": "Kathmandu", "adm3_pcode": "NP0327101", "adm3_name": "Kathmandu", "adm4_pcode": null, "adm4_name": null, "name_latin": "University Path", "path": "C:\\Users\\neetu\\Documents\\orimery road.geojson" }, "geometry": { "type": "MultiLineString", "coordinates": [ [ [ 85.2993675, 27.69808 ], [ 85.2993266, 27.6982555 ], [ 85.299297, 27.698408 ] ] ] } },
{ "type": "Feature", "properties": { "id": "way/172387590", "name": "कान्ति पथ", "name_en": "Kanti Path", "name_ne": "कान्ति पथ", "highway": "primary", "surface": "asphalt", "smoothness": null, "width": "14", "lanes": null, "oneway": "yes", "bridge": null, "layer": null, "source": null, "adm0_pcode": "NPL", "adm0_name": "Nepal", "adm1_pcode": "NP03", "adm1_name": "Bagmati", "adm2_pcode": "NP0327", "adm2_name": "Kathmandu", "adm3_pcode": "NP0327101", "adm3_name": "Kathmandu", "adm4_pcode": null, "adm4_name": null, "name_latin": "Kanti Path", "path": "C:\\Users\\neetu\\Documents\\orimery road.geojson" }, "geometry": { "type": "MultiLineString", "coordinates": [ [ [ 85.3137817, 27.7044597 ], [ 85.3138349, 27.7045468 ], [ 85.3138863, 27.7047926 ], [ 85.3139275, 27.7049495 ], [ 85.3140673, 27.705719 ] ] ] } },
{ "type": "Feature", "properties": { "id": "way/44384567", "name": "विश्वविद्यालयको मार्ग", "name_en": "University Path", "name_ne": "विश्वविद्यालयको मार्ग", "highway": "primary", "surface": null, "smoothness": null, "width": "14", "lanes": null, "oneway": "yes", "bridge": null, "layer": null, "source": null, "adm0_pcode": "NPL", "adm0_name": "Nepal", "adm1_pcode": "NP03", "adm1_name": "Bagmati", "adm2_pcode": "NP0327", "adm2_name": "Kathmandu", "adm3_pcode": "NP0327101", "adm3_name": "Kathmandu", "adm4_pcode": null, "adm4_name": null, "name_latin": "University Path", "path": "C:\\Users\\neetu\\Documents\\orimery road.geojson" }, "geometry": { "type": "MultiLineString", "coordinates": [ [ [ 85.2996154, 27.6984868 ], [ 85.2995496, 27.6983628 ], [ 85.2993675, 27.69808 ] ] ] } },
{ "type": "Feature", "properties": { "id": "way/517542120", "name": null, "name_en": null, "name_ne": null, "highway": "primary", "surface": null, "smoothness": null, "width": "14", "lanes": null, "oneway": null, "bridge": null, "layer": null, "source": null, "adm0_pcode": "NPL", "adm0_name": "Nepal", "adm1_pcode": "NP03", "adm1_name": "Bagmati", "adm2_pcode": "NP0327", "adm2_name": "Kathmandu", "adm3_pcode": "NP0327101", "adm3_name": "Kathmandu", "adm4_pcode": null, "adm4_name": null, "name_latin": null, "path": "C:\\Users\\neetu\\Documents\\orimery road.geojson" }, "geometry": { "type": "MultiLineString", "coordinates": [ [ [ 85.2985194, 27.6923274 ], [ 85.2984779, 27.6924302 ], [ 85.2984372, 27.692531 ], [ 85.2984128, 27.6926372 ], [ 85.2984012, 27.6927499 ] ] ] } },
{ "type": "Feature", "properties": { "id": "way/166186938", "name": "थ्रीबम सडक", "name_en": "Thirbam Sadak", "name_ne": "थ्रीबम सडक", "highway": "primary", "surface": "asphalt", "smoothness": "excellent", "width": "9", "lanes": "4", "oneway": null, "bridge": null, "layer": null, "source": null, "adm0_pcode": "NPL", "adm0_name": "Nepal", "adm1_pcode": "NP03", "adm1_name": "Bagmati", "adm2_pcode": "NP0327", "adm2_name": "Kathmandu", "adm3_pcode": "NP0327101", "adm3_name": "Kathmandu", "adm4_pcode": null, "adm4_name": null, "name_latin": "Thirbam Sadak", "path": "C:\\Users\\neetu\\Documents\\orimery road.geojson" }, "geometry": { "type": "MultiLineString", "coordinates": [ [ [ 85.3288812, 27.7330365 ], [ 85.3292037, 27.7320882 ], [ 85.3291186, 27.731712 ], [ 85.3290641, 27.7315046 ], [ 85.329002, 27.7312629 ], [ 85.3289921, 27.731207 ], [ 85.329015, 27.7311501 ], [ 85.329062, 27.7311144 ], [ 85.3295159, 27.7309943 ], [ 85.3296387, 27.7309479 ], [ 85.3297155, 27.7308847 ], [ 85.3297898, 27.7307902 ], [ 85.3299174, 27.730688 ], [ 85.3301786, 27.7303909 ], [ 85.3303471, 27.7302165 ], [ 85.3305788, 27.7299609 ], [ 85.3307937, 27.729717 ], [ 85.3308824, 27.7295903 ], [ 85.3308335, 27.7293626 ], [ 85.330819, 27.7291665 ], [ 85.3308336, 27.729034 ], [ 85.3308521, 27.7288963 ], [ 85.3309103, 27.7287754 ], [ 85.3309226, 27.7286795 ], [ 85.3308592, 27.728302 ], [ 85.3308473, 27.728115 ], [ 85.3308412, 27.7279979 ], [ 85.3308275, 27.7277805 ], [ 85.330788, 27.7274905 ], [ 85.330759, 27.7273621 ], [ 85.3307457, 27.7272245 ], [ 85.3306994, 27.7270813 ], [ 85.3306604, 27.7269361 ], [ 85.3305237, 27.7265365 ], [ 85.3305103, 27.7264781 ], [ 85.3304831, 27.7262999 ], [ 85.3305684, 27.7261782 ] ] ] } },
{ "type": "Feature", "properties": { "id": "way/1091658654", "name": null, "name_en": null, "name_ne": null, "highway": "primary", "surface": "asphalt", "smoothness": null, "width": "6", "lanes": "2", "oneway": "yes", "bridge": null, "layer": null, "source": null, "adm0_pcode": "NPL", "adm0_name": "Nepal", "adm1_pcode": "NP03", "adm1_name": "Bagmati", "adm2_pcode": "NP0325", "adm2_name": "Lalitpur", "adm3_pcode": "NP0325101", "adm3_name": "Lalitpur", "adm4_pcode": null, "adm4_name": null, "name_latin": null, "path": "C:\\Users\\neetu\\Documents\\orimery road.geojson" }, "geometry": { "type": "MultiLineString", "coordinates": [ [ [ 85.3083215, 27.666788 ], [ 85.3084155, 27.6667553 ], [ 85.3085432, 27.6667108 ], [ 85.3089648, 27.666595 ], [ 85.309894, 27.6663307 ], [ 85.3104047, 27.666185 ], [ 85.3108189, 27.6660695 ] ] ] } },
{ "type": "Feature", "properties": { "id": "way/1091658651", "name": null, "name_en": null, "name_ne": null, "highway": "primary", "surface": "asphalt", "smoothness": null, "width": "5", "lanes": "2", "oneway": "yes", "bridge": null, "layer": null, "source": null, "adm0_pcode": "NPL", "adm0_name": "Nepal", "adm1_pcode": "NP03", "adm1_name": "Bagmati", "adm2_pcode": "NP0325", "adm2_name": "Lalitpur", "adm3_pcode": "NP0325101", "adm3_name": "Lalitpur", "adm4_pcode": null, "adm4_name": null, "name_latin": null, "path": "C:\\Users\\neetu\\Documents\\orimery road.geojson" }, "geometry": { "type": "MultiLineString", "coordinates": [ [ [ 85.3132512, 27.6650766 ], [ 85.3131073, 27.6651383 ], [ 85.3127291, 27.6652598 ], [ 85.3123956, 27.665359 ], [ 85.312107, 27.6654373 ], [ 85.3112031, 27.6656804 ], [ 85.310817, 27.6657943 ], [ 85.3105261, 27.6658954 ], [ 85.3095637, 27.6661794 ], [ 85.3088056, 27.6663997 ], [ 85.3084599, 27.6664983 ], [ 85.3082225, 27.6665919 ] ] ] } },
{ "type": "Feature", "properties": { "id": "way/704143313", "name": null, "name_en": null, "name_ne": null, "highway": "primary", "surface": "asphalt", "smoothness": null, "width": "6", "lanes": null, "oneway": "yes", "bridge": null, "layer": null, "source": null, "adm0_pcode": "NPL", "adm0_name": "Nepal", "adm1_pcode": "NP03", "adm1_name": "Bagmati", "adm2_pcode": "NP0325", "adm2_name": "Lalitpur", "adm3_pcode": "NP0325101", "adm3_name": "Lalitpur", "adm4_pcode": null, "adm4_name": null, "name_latin": null, "path": "C:\\Users\\neetu\\Documents\\orimery road.geojson" }, "geometry": { "type": "MultiLineString", "coordinates": [ [ [ 85.3081707, 27.6666143 ], [ 85.3080904, 27.6666483 ], [ 85.3078803, 27.6667779 ], [ 85.30772, 27.6668969 ], [ 85.307504, 27.6671219 ], [ 85.3070635, 27.6676742 ], [ 85.3067165, 27.6681293 ], [ 85.3065578, 27.6683113 ], [ 85.3062311, 27.6686837 ] ] ] } },
{ "type": "Feature", "properties": { "id": "way/232095612", "name": "लाजिम्पाट सडक", "name_en": "Lazimpat Road", "name_ne": "लाजिम्पाट सडक", "highway": "primary", "surface": null, "smoothness": null, "width": "14", "lanes": "2", "oneway": null, "bridge": null, "layer": null, "source": null, "adm0_pcode": "NPL", "adm0_name": "Nepal", "adm1_pcode": "NP03", "adm1_name": "Bagmati", "adm2_pcode": "NP0327", "adm2_name": "Kathmandu", "adm3_pcode": "NP0327101", "adm3_name": "Kathmandu", "adm4_pcode": null, "adm4_name": null, "name_latin": "Lazimpat Road", "path": "C:\\Users\\neetu\\Documents\\orimery road.geojson" }, "geometry": { "type": "MultiLineString", "coordinates": [ [ [ 85.3307342, 27.73451 ], [ 85.3303749, 27.7342296 ], [ 85.3300423, 27.7339647 ], [ 85.3296536, 27.7336566 ], [ 85.3294342, 27.73348 ], [ 85.3288812, 27.7330365 ] ] ] } },
{ "type": "Feature", "properties": { "id": "way/172348744", "name": null, "name_en": null, "name_ne": null, "highway": "primary", "surface": "asphalt", "smoothness": null, "width": "7", "lanes": "2", "oneway": "yes", "bridge": null, "layer": null, "source": null, "adm0_pcode": "NPL", "adm0_name": "Nepal", "adm1_pcode": "NP03", "adm1_name": "Bagmati", "adm2_pcode": "NP0325", "adm2_name": "Lalitpur", "adm3_pcode": "NP0325101", "adm3_name": "Lalitpur", "adm4_pcode": null, "adm4_name": null, "name_latin": null, "path": "C:\\Users\\neetu\\Documents\\orimery road.geojson" }, "geometry": { "type": "MultiLineString", "coordinates": [ [ [ 85.3062311, 27.6686837 ], [ 85.3052792, 27.6698998 ], [ 85.3044989, 27.6709119 ], [ 85.3042096, 27.671287 ], [ 85.3037662, 27.6718128 ], [ 85.3035657, 27.672063 ], [ 85.3031595, 27.6726007 ], [ 85.3026773, 27.6732492 ], [ 85.3024879, 27.6734784 ], [ 85.302352, 27.6736876 ], [ 85.3022614, 27.6738501 ], [ 85.30217, 27.6740289 ], [ 85.302099, 27.674187 ], [ 85.3020346, 27.6743747 ], [ 85.3019825, 27.6745527 ], [ 85.3019343, 27.6747411 ], [ 85.3018898, 27.6750559 ], [ 85.3018833, 27.6751649 ], [ 85.3018754, 27.6756836 ], [ 85.3018792, 27.6758563 ], [ 85.3019053, 27.6762767 ], [ 85.3019196, 27.6765679 ], [ 85.3019377, 27.6770557 ], [ 85.301964, 27.6776193 ], [ 85.3019731, 27.6778076 ], [ 85.3019957, 27.6782775 ], [ 85.301991, 27.6786303 ], [ 85.3019999, 27.6793887 ], [ 85.3020444, 27.6804986 ], [ 85.3020914, 27.6809564 ], [ 85.3021303, 27.6812573 ] ] ] } },
{ "type": "Feature", "properties": { "id": "way/422263674", "name": "कान्ति पथ", "name_en": "Kanti Path", "name_ne": "कान्ति पथ", "highway": "primary", "surface": "asphalt", "smoothness": null, "width": "12", "lanes": "2", "oneway": "yes", "bridge": null, "layer": null, "source": null, "adm0_pcode": "NPL", "adm0_name": "Nepal", "adm1_pcode": "NP03", "adm1_name": "Bagmati", "adm2_pcode": "NP0327", "adm2_name": "Kathmandu", "adm3_pcode": "NP0327101", "adm3_name": "Kathmandu", "adm4_pcode": null, "adm4_name": null, "name_latin": "Kanti Path", "path": "C:\\Users\\neetu\\Documents\\orimery road.geojson" }, "geometry": { "type": "MultiLineString", "coordinates": [ [ [ 85.314077, 27.6942905 ], [ 85.314078, 27.6943289 ], [ 85.314073, 27.6944517 ] ] ] } },
{ "type": "Feature", "properties": { "id": "way/300637579", "name": null, "name_en": null, "name_ne": null, "highway": "primary", "surface": "asphalt", "smoothness": null, "width": "6", "lanes": "2", "oneway": "yes", "bridge": null, "layer": null, "source": null, "adm0_pcode": "NPL", "adm0_name": "Nepal", "adm1_pcode": "NP03", "adm1_name": "Bagmati", "adm2_pcode": "NP0325", "adm2_name": "Lalitpur", "adm3_pcode": "NP0325101", "adm3_name": "Lalitpur", "adm4_pcode": null, "adm4_name": null, "name_latin": null, "path": "C:\\Users\\neetu\\Documents\\orimery road.geojson" }, "geometry": { "type": "MultiLineString", "coordinates": [ [ [ 85.3108189, 27.6660695 ], [ 85.3112247, 27.6659525 ], [ 85.3120993, 27.6656884 ], [ 85.3130737, 27.6654045 ], [ 85.31332, 27.6653156 ], [ 85.3134595, 27.6652586 ], [ 85.313596, 27.6651963 ], [ 85.3137767, 27.6650914 ], [ 85.3139409, 27.6649855 ], [ 85.3142678, 27.6647305 ], [ 85.3146915, 27.6643936 ], [ 85.3154368, 27.6637975 ], [ 85.3158127, 27.6634965 ], [ 85.3159685, 27.6633726 ], [ 85.3164156, 27.6629977 ], [ 85.3166011, 27.6628489 ], [ 85.3168211, 27.6626687 ], [ 85.3169862, 27.6625283 ], [ 85.3175448, 27.6620763 ], [ 85.3177059, 27.661946 ], [ 85.3182979, 27.6614692 ], [ 85.3183221, 27.6614497 ] ] ] } },
{ "type": "Feature", "properties": { "id": "way/231880676", "name": "चाबहिल-बौद्-जोरपाटी सडक", "name_en": "Chabhil-Baudha-Jorpati Sadak", "name_ne": "चाबहिल-बौद्-जोरपाटी सडक", "highway": "primary", "surface": "asphalt", "smoothness": null, "width": "14", "lanes": "4", "oneway": null, "bridge": null, "layer": null, "source": null, "adm0_pcode": "NPL", "adm0_name": "Nepal", "adm1_pcode": "NP03", "adm1_name": "Bagmati", "adm2_pcode": "NP0327", "adm2_name": "Kathmandu", "adm3_pcode": "NP0327304", "adm3_name": "Gokarneshwor", "adm4_pcode": null, "adm4_name": null, "name_latin": "Chabhil-Baudha-Jorpati Sadak", "path": "C:\\Users\\neetu\\Documents\\orimery road.geojson" }, "geometry": { "type": "MultiLineString", "coordinates": [ [ [ 85.3617114, 27.7206471 ], [ 85.3614322, 27.7206708 ], [ 85.3612219, 27.7206588 ], [ 85.3609978, 27.7206371 ], [ 85.360747, 27.7206022 ], [ 85.3604756, 27.720561 ], [ 85.3601204, 27.7204983 ], [ 85.3595304, 27.7204153 ], [ 85.3590769, 27.7203421 ], [ 85.3577157, 27.7201116 ], [ 85.3572464, 27.7200395 ], [ 85.3565839, 27.7198795 ], [ 85.3556521, 27.7196477 ], [ 85.3552825, 27.7195557 ], [ 85.3548763, 27.7194493 ], [ 85.3545707, 27.7193991 ], [ 85.3541213, 27.7193361 ] ] ] } },
{ "type": "Feature", "properties": { "id": "way/477740237", "name": "कुपोन्डोल रोड", "name_en": "Kupondole Road", "name_ne": "कुपोन्डोल रोड", "highway": "primary", "surface": "asphalt", "smoothness": "good", "width": null, "lanes": null, "oneway": "no", "bridge": null, "layer": null, "source": null, "adm0_pcode": "NPL", "adm0_name": "Nepal", "adm1_pcode": "NP03", "adm1_name": "Bagmati", "adm2_pcode": "NP0325", "adm2_name": "Lalitpur", "adm3_pcode": "NP0325101", "adm3_name": "Lalitpur", "adm4_pcode": null, "adm4_name": null, "name_latin": "Kupondole Road", "path": "C:\\Users\\neetu\\Documents\\orimery road.geojson" }, "geometry": { "type": "MultiLineString", "coordinates": [ [ [ 85.3181236, 27.6854632 ], [ 85.3181161, 27.6854744 ] ] ] } },
{ "type": "Feature", "properties": { "id": "way/194610100", "name": null, "name_en": null, "name_ne": null, "highway": "primary", "surface": "asphalt", "smoothness": null, "width": "7", "lanes": "2", "oneway": null, "bridge": "yes", "layer": "1", "source": null, "adm0_pcode": "NPL", "adm0_name": "Nepal", "adm1_pcode": "NP03", "adm1_name": "Bagmati", "adm2_pcode": "NP0327", "adm2_name": "Kathmandu", "adm3_pcode": "NP0327101", "adm3_name": "Kathmandu", "adm4_pcode": null, "adm4_name": null, "name_latin": null, "path": "C:\\Users\\neetu\\Documents\\orimery road.geojson" }, "geometry": { "type": "MultiLineString", "coordinates": [ [ [ 85.3649278, 27.685966 ], [ 85.3644221, 27.6863062 ] ] ] } },
{ "type": "Feature", "properties": { "id": "way/232429764", "name": "कुपन्डोल मार्ग", "name_en": "Kupondol Marg", "name_ne": "कुपन्डोल मार्ग", "highway": "primary", "surface": "asphalt", "smoothness": "intermediate", "width": "14", "lanes": "4", "oneway": null, "bridge": null, "layer": null, "source": null, "adm0_pcode": "NPL", "adm0_name": "Nepal", "adm1_pcode": "NP03", "adm1_name": "Bagmati", "adm2_pcode": "NP0325", "adm2_name": "Lalitpur", "adm3_pcode": "NP0325101", "adm3_name": "Lalitpur", "adm4_pcode": null, "adm4_name": null, "name_latin": "Kupondol Marg", "path": "C:\\Users\\neetu\\Documents\\orimery road.geojson" }, "geometry": { "type": "MultiLineString", "coordinates": [ [ [ 85.3172393, 27.6867781 ], [ 85.3172848, 27.6867114 ], [ 85.3173775, 27.686568 ], [ 85.31766, 27.6861402 ], [ 85.3179669, 27.6856797 ], [ 85.3181161, 27.6854744 ] ] ] } },
{ "type": "Feature", "properties": { "id": "way/1354913117", "name": "विश्वविद्यालयको मार्ग", "name_en": "University Path", "name_ne": "विश्वविद्यालयको मार्ग", "highway": "primary", "surface": null, "smoothness": null, "width": "14", "lanes": null, "oneway": "no", "bridge": null, "layer": null, "source": null, "adm0_pcode": "NPL", "adm0_name": "Nepal", "adm1_pcode": "NP03", "adm1_name": "Bagmati", "adm2_pcode": "NP0327", "adm2_name": "Kathmandu", "adm3_pcode": "NP0327101", "adm3_name": "Kathmandu", "adm4_pcode": null, "adm4_name": null, "name_latin": "University Path", "path": "C:\\Users\\neetu\\Documents\\orimery road.geojson" }, "geometry": { "type": "MultiLineString", "coordinates": [ [ [ 85.2993675, 27.69808 ], [ 85.299186, 27.6976208 ], [ 85.2991646, 27.6975449 ], [ 85.2990357, 27.6971877 ], [ 85.2989467, 27.6969411 ], [ 85.298938, 27.6968865 ], [ 85.2988835, 27.6966841 ], [ 85.298838, 27.6963376 ], [ 85.2988219, 27.6962154 ] ] ] } },
{ "type": "Feature", "properties": { "id": "way/232351916", "name": "कुपन्डोल मार्ग", "name_en": "Kupondole Marg", "name_ne": "कुपन्डोल मार्ग", "highway": "primary", "surface": "asphalt", "smoothness": "good", "width": "14", "lanes": "4", "oneway": "no", "bridge": null, "layer": null, "source": null, "adm0_pcode": "NPL", "adm0_name": "Nepal", "adm1_pcode": "NP03", "adm1_name": "Bagmati", "adm2_pcode": "NP0325", "adm2_name": "Lalitpur", "adm3_pcode": "NP0325101", "adm3_name": "Lalitpur", "adm4_pcode": null, "adm4_name": null, "name_latin": "Kupondole Marg", "path": "C:\\Users\\neetu\\Documents\\orimery road.geojson" }, "geometry": { "type": "MultiLineString", "coordinates": [ [ [ 85.3181236, 27.6854632 ], [ 85.3183765, 27.6850948 ], [ 85.3185004, 27.6848949 ], [ 85.3185488, 27.6847929 ], [ 85.3185865, 27.6846843 ], [ 85.3186144, 27.6845874 ], [ 85.3186225, 27.684517 ], [ 85.3186453, 27.6843201 ], [ 85.3186732, 27.6840466 ], [ 85.3187094, 27.6837368 ], [ 85.3187269, 27.6835569 ] ] ] } },
{ "type": "Feature", "properties": { "id": "way/232518478", "name": "पुल्चोक सडक", "name_en": "Pulchowk Road", "name_ne": "पुल्चोक सडक", "highway": "primary", "surface": null, "smoothness": null, "width": "7", "lanes": "2", "oneway": "yes", "bridge": null, "layer": null, "source": null, "adm0_pcode": "NPL", "adm0_name": "Nepal", "adm1_pcode": "NP03", "adm1_name": "Bagmati", "adm2_pcode": "NP0325", "adm2_name": "Lalitpur", "adm3_pcode": "NP0325101", "adm3_name": "Lalitpur", "adm4_pcode": null, "adm4_name": null, "name_latin": "Pulchowk Road", "path": "C:\\Users\\neetu\\Documents\\orimery road.geojson" }, "geometry": { "type": "MultiLineString", "coordinates": [ [ [ 85.3163915, 27.6781142 ], [ 85.3163548, 27.6780104 ], [ 85.3163244, 27.6778688 ], [ 85.3163159, 27.6776577 ], [ 85.316328, 27.6774006 ], [ 85.3163299, 27.6773606 ] ] ] } },
{ "type": "Feature", "properties": { "id": "way/227332630", "name": null, "name_en": null, "name_ne": null, "highway": "primary", "surface": "asphalt", "smoothness": null, "width": "7", "lanes": "4", "oneway": null, "bridge": null, "layer": null, "source": null, "adm0_pcode": "NPL", "adm0_name": "Nepal", "adm1_pcode": "NP03", "adm1_name": "Bagmati", "adm2_pcode": "NP0327", "adm2_name": "Kathmandu", "adm3_pcode": "NP0327101", "adm3_name": "Kathmandu", "adm4_pcode": null, "adm4_name": null, "name_latin": null, "path": "C:\\Users\\neetu\\Documents\\orimery road.geojson" }, "geometry": { "type": "MultiLineString", "coordinates": [ [ [ 85.3723413, 27.6825901 ], [ 85.3721956, 27.6826073 ], [ 85.3720316, 27.6826282 ], [ 85.3715758, 27.6826891 ], [ 85.3709762, 27.6827624 ], [ 85.3703967, 27.6828265 ], [ 85.3702679, 27.6828383 ], [ 85.3699289, 27.6828782 ], [ 85.3696652, 27.6829317 ], [ 85.3695115, 27.6829714 ], [ 85.3693771, 27.6830123 ], [ 85.3692412, 27.6830629 ], [ 85.3691311, 27.6831249 ], [ 85.3690063, 27.6832116 ], [ 85.3685428, 27.6835381 ], [ 85.3683221, 27.6836849 ], [ 85.3678365, 27.6840341 ], [ 85.3675728, 27.6842204 ], [ 85.3674185, 27.6843189 ], [ 85.3672762, 27.6844098 ], [ 85.3671752, 27.6844743 ], [ 85.3667865, 27.6847396 ], [ 85.3665746, 27.6848842 ], [ 85.3665143, 27.6849254 ], [ 85.3663353, 27.6850434 ], [ 85.3650418, 27.6858957 ], [ 85.3649592, 27.6859466 ], [ 85.3649278, 27.685966 ] ] ] } },
{ "type": "Feature", "properties": { "id": "way/232095627", "name": null, "name_en": null, "name_ne": null, "highway": "primary", "surface": "asphalt", "smoothness": null, "width": "7", "lanes": "4", "oneway": null, "bridge": null, "layer": null, "source": null, "adm0_pcode": "NPL", "adm0_name": "Nepal", "adm1_pcode": "NP03", "adm1_name": "Bagmati", "adm2_pcode": "NP0326", "adm2_name": "Bhaktapur", "adm3_pcode": "NP0326301", "adm3_name": "Madhyapur Thimi", "adm4_pcode": null, "adm4_name": null, "name_latin": null, "path": "C:\\Users\\neetu\\Documents\\orimery road.geojson" }, "geometry": { "type": "MultiLineString", "coordinates": [ [ [ 85.3817898, 27.6822287 ], [ 85.3813697, 27.6821603 ], [ 85.3808921, 27.6820743 ], [ 85.3803344, 27.6819734 ], [ 85.3803078, 27.6819686 ], [ 85.3802232, 27.6819559 ], [ 85.3800705, 27.6819342 ], [ 85.3799426, 27.6819254 ], [ 85.3798592, 27.6819245 ], [ 85.3797652, 27.6819346 ], [ 85.3796174, 27.6819524 ], [ 85.3794744, 27.6819674 ], [ 85.3788715, 27.6820196 ], [ 85.3770979, 27.6821808 ], [ 85.3761664, 27.6822673 ], [ 85.3748851, 27.6823792 ], [ 85.3746017, 27.6824018 ], [ 85.3734083, 27.6824966 ], [ 85.3726438, 27.6825626 ], [ 85.3723413, 27.6825901 ] ] ] } },
{ "type": "Feature", "properties": { "id": "way/231178985", "name": "Satdobato-Godawari Road", "name_en": null, "name_ne": null, "highway": "primary", "surface": "asphalt", "smoothness": null, "width": "12", "lanes": "2", "oneway": null, "bridge": null, "layer": null, "source": null, "adm0_pcode": "NPL", "adm0_name": "Nepal", "adm1_pcode": "NP03", "adm1_name": "Bagmati", "adm2_pcode": "NP0325", "adm2_name": "Lalitpur", "adm3_pcode": "NP0325101", "adm3_name": "Lalitpur", "adm4_pcode": null, "adm4_name": null, "name_latin": "Satdobato-Godawari Road", "path": "C:\\Users\\neetu\\Documents\\orimery road.geojson" }, "geometry": { "type": "MultiLineString", "coordinates": [ [ [ 85.3288687, 27.6540605 ], [ 85.3287479, 27.654211 ], [ 85.328674, 27.6542778 ], [ 85.3283758, 27.654658 ], [ 85.3276736, 27.6554295 ], [ 85.3274204, 27.6557129 ], [ 85.3273708, 27.6557685 ], [ 85.3268227, 27.6563821 ], [ 85.3264654, 27.6568112 ], [ 85.3263111, 27.6569951 ] ] ] } },
{ "type": "Feature", "properties": { "id": "way/232104797", "name": null, "name_en": null, "name_ne": null, "highway": "primary", "surface": "asphalt", "smoothness": null, "width": "14", "lanes": "4", "oneway": null, "bridge": null, "layer": null, "source": null, "adm0_pcode": "NPL", "adm0_name": "Nepal", "adm1_pcode": "NP03", "adm1_name": "Bagmati", "adm2_pcode": "NP0327", "adm2_name": "Kathmandu", "adm3_pcode": "NP0327101", "adm3_name": "Kathmandu", "adm4_pcode": null, "adm4_name": null, "name_latin": null, "path": "C:\\Users\\neetu\\Documents\\orimery road.geojson" }, "geometry": { "type": "MultiLineString", "coordinates": [ [ [ 85.3527586, 27.6756317 ], [ 85.3527562, 27.6757212 ], [ 85.3527522, 27.6760053 ], [ 85.3527714, 27.6764375 ], [ 85.3527919, 27.6765909 ], [ 85.35285, 27.6769034 ], [ 85.3529036, 27.6771078 ], [ 85.3529722, 27.6773179 ], [ 85.3530321, 27.677487 ], [ 85.3531063, 27.6776471 ], [ 85.3533783, 27.678192 ], [ 85.3535448, 27.6785127 ], [ 85.3535894, 27.6785965 ], [ 85.3537787, 27.6789519 ], [ 85.3540366, 27.679449 ], [ 85.3541761, 27.6797189 ], [ 85.3542074, 27.6797772 ], [ 85.3548323, 27.6809869 ], [ 85.3552516, 27.6818156 ], [ 85.3553364, 27.6819696 ], [ 85.3557318, 27.68272 ], [ 85.3557559, 27.6827663 ], [ 85.3560582, 27.6833549 ], [ 85.3563737, 27.6839687 ], [ 85.3567497, 27.6846845 ], [ 85.3568419, 27.6848534 ], [ 85.3568835, 27.6849309 ], [ 85.3569525, 27.6850216 ], [ 85.3571445, 27.6853095 ], [ 85.3573935, 27.6856529 ], [ 85.3574558, 27.6857307 ], [ 85.3577028, 27.6860393 ], [ 85.3580875, 27.6864839 ], [ 85.35819, 27.6866167 ], [ 85.3584539, 27.6869112 ], [ 85.3589295, 27.687442 ], [ 85.3589535, 27.6874693 ], [ 85.3590664, 27.6875985 ], [ 85.3592305, 27.6877985 ], [ 85.3598571, 27.6885428 ], [ 85.3601964, 27.6888964 ], [ 85.3603709, 27.689111 ] ] ] } },
{ "type": "Feature", "properties": { "id": "way/1073374844", "name": null, "name_en": null, "name_ne": null, "highway": "primary", "surface": "asphalt", "smoothness": null, "width": "9", "lanes": null, "oneway": "yes", "bridge": null, "layer": null, "source": null, "adm0_pcode": "NPL", "adm0_name": "Nepal", "adm1_pcode": "NP03", "adm1_name": "Bagmati", "adm2_pcode": "NP0327", "adm2_name": "Kathmandu", "adm3_pcode": "NP0327101", "adm3_name": "Kathmandu", "adm4_pcode": null, "adm4_name": null, "name_latin": null, "path": "C:\\Users\\neetu\\Documents\\orimery road.geojson" }, "geometry": { "type": "MultiLineString", "coordinates": [ [ [ 85.3208456, 27.6949897 ], [ 85.3207372, 27.6945461 ] ] ] } },
{ "type": "Feature", "properties": { "id": "way/170533896", "name": null, "name_en": null, "name_ne": null, "highway": "primary", "surface": "paved", "smoothness": null, "width": "9", "lanes": "1", "oneway": "yes", "bridge": null, "layer": null, "source": null, "adm0_pcode": "NPL", "adm0_name": "Nepal", "adm1_pcode": "NP03", "adm1_name": "Bagmati", "adm2_pcode": "NP0327", "adm2_name": "Kathmandu", "adm3_pcode": "NP0327101", "adm3_name": "Kathmandu", "adm4_pcode": null, "adm4_name": null, "name_latin": null, "path": "C:\\Users\\neetu\\Documents\\orimery road.geojson" }, "geometry": { "type": "MultiLineString", "coordinates": [ [ [ 85.320454, 27.694848 ], [ 85.320728, 27.6950287 ] ] ] } },
{ "type": "Feature", "properties": { "id": "way/24691025", "name": null, "name_en": null, "name_ne": null, "highway": "primary", "surface": null, "smoothness": null, "width": "6", "lanes": null, "oneway": null, "bridge": null, "layer": null, "source": null, "adm0_pcode": "NPL", "adm0_name": "Nepal", "adm1_pcode": "NP03", "adm1_name": "Bagmati", "adm2_pcode": "NP0326", "adm2_name": "Bhaktapur", "adm3_pcode": "NP0326303", "adm3_name": "Bhaktapur", "adm4_pcode": null, "adm4_name": null, "name_latin": null, "path": "C:\\Users\\neetu\\Documents\\orimery road.geojson" }, "geometry": { "type": "MultiLineString", "coordinates": [ [ [ 85.4232407, 27.6755048 ], [ 85.4231803, 27.674649 ], [ 85.4231301, 27.6742184 ], [ 85.4231061, 27.6741245 ], [ 85.4230783, 27.6740506 ], [ 85.4230441, 27.6739788 ], [ 85.4229754, 27.673855 ], [ 85.422849, 27.6736655 ], [ 85.4226319, 27.6733563 ], [ 85.4225412, 27.6732256 ], [ 85.422487, 27.6731239 ], [ 85.4224568, 27.673043 ], [ 85.422438, 27.6728021 ] ] ] } },
{ "type": "Feature", "properties": { "id": "way/422276296", "name": "कान्ति पथ", "name_en": "Kanti Path", "name_ne": "कान्ति पथ", "highway": "primary", "surface": "asphalt", "smoothness": null, "width": "6", "lanes": null, "oneway": "yes", "bridge": null, "layer": null, "source": null, "adm0_pcode": "NPL", "adm0_name": "Nepal", "adm1_pcode": "NP03", "adm1_name": "Bagmati", "adm2_pcode": "NP0327", "adm2_name": "Kathmandu", "adm3_pcode": "NP0327101", "adm3_name": "Kathmandu", "adm4_pcode": null, "adm4_name": null, "name_latin": "Kanti Path", "path": "C:\\Users\\neetu\\Documents\\orimery road.geojson" }, "geometry": { "type": "MultiLineString", "coordinates": [ [ [ 85.3140031, 27.6939019 ], [ 85.3140139, 27.693967 ], [ 85.3140161, 27.6939844 ], [ 85.3140443, 27.6940879 ], [ 85.3140672, 27.6941637 ], [ 85.314077, 27.6942905 ] ] ] } },
{ "type": "Feature", "properties": { "id": "way/1442118982", "name": "त्रिपुरेश्वर चौक", "name_en": "Tripureshwor chowk", "name_ne": "त्रिपुरेश्वर चौक", "highway": "primary", "surface": "asphalt", "smoothness": null, "width": "7", "lanes": null, "oneway": "yes", "bridge": null, "layer": null, "source": null, "adm0_pcode": "NPL", "adm0_name": "Nepal", "adm1_pcode": "NP03", "adm1_name": "Bagmati", "adm2_pcode": "NP0327", "adm2_name": "Kathmandu", "adm3_pcode": "NP0327101", "adm3_name": "Kathmandu", "adm4_pcode": null, "adm4_name": null, "name_latin": "Tripureshwor chowk", "path": "C:\\Users\\neetu\\Documents\\orimery road.geojson" }, "geometry": { "type": "MultiLineString", "coordinates": [ [ [ 85.3139669, 27.6938598 ], [ 85.3140031, 27.6939019 ] ] ] } },
{ "type": "Feature", "properties": { "id": "way/422263673", "name": "कान्ति पथ", "name_en": "Kanti Path", "name_ne": "कान्ति पथ", "highway": "primary", "surface": "asphalt", "smoothness": null, "width": "6", "lanes": null, "oneway": "yes", "bridge": null, "layer": null, "source": null, "adm0_pcode": "NPL", "adm0_name": "Nepal", "adm1_pcode": "NP03", "adm1_name": "Bagmati", "adm2_pcode": "NP0327", "adm2_name": "Kathmandu", "adm3_pcode": "NP0327101", "adm3_name": "Kathmandu", "adm4_pcode": null, "adm4_name": null, "name_latin": "Kanti Path", "path": "C:\\Users\\neetu\\Documents\\orimery road.geojson" }, "geometry": { "type": "MultiLineString", "coordinates": [ [ [ 85.3141382, 27.6942973 ], [ 85.3141418, 27.6941977 ], [ 85.3141505, 27.694135 ], [ 85.3141849, 27.6940318 ], [ 85.3142138, 27.6939773 ], [ 85.3142516, 27.693875 ] ] ] } },
{ "type": "Feature", "properties": { "id": "way/422263677", "name": "कान्ति पथ", "name_en": "Kanti Path", "name_ne": "कान्ति पथ", "highway": "primary", "surface": "asphalt", "smoothness": null, "width": "12", "lanes": "2", "oneway": "yes", "bridge": null, "layer": null, "source": null, "adm0_pcode": "NPL", "adm0_name": "Nepal", "adm1_pcode": "NP03", "adm1_name": "Bagmati", "adm2_pcode": "NP0327", "adm2_name": "Kathmandu", "adm3_pcode": "NP0327101", "adm3_name": "Kathmandu", "adm4_pcode": null, "adm4_name": null, "name_latin": "Kanti Path", "path": "C:\\Users\\neetu\\Documents\\orimery road.geojson" }, "geometry": { "type": "MultiLineString", "coordinates": [ [ [ 85.314073, 27.6944517 ], [ 85.3140138, 27.6948639 ] ] ] } },
{ "type": "Feature", "properties": { "id": "way/172008686", "name": null, "name_en": null, "name_ne": null, "highway": "primary", "surface": null, "smoothness": null, "width": "14", "lanes": null, "oneway": null, "bridge": null, "layer": null, "source": null, "adm0_pcode": "NPL", "adm0_name": "Nepal", "adm1_pcode": "NP03", "adm1_name": "Bagmati", "adm2_pcode": "NP0325", "adm2_name": "Lalitpur", "adm3_pcode": "NP0325101", "adm3_name": "Lalitpur", "adm4_pcode": null, "adm4_name": null, "name_latin": null, "path": "C:\\Users\\neetu\\Documents\\orimery road.geojson" }, "geometry": { "type": "MultiLineString", "coordinates": [ [ [ 85.3223385, 27.6671958 ], [ 85.3217801, 27.6679961 ], [ 85.3217276, 27.6680807 ], [ 85.3216987, 27.6681491 ], [ 85.3216596, 27.6682877 ], [ 85.3216624, 27.6683874 ] ] ] } },
{ "type": "Feature", "properties": { "id": "way/1167100237", "name": null, "name_en": null, "name_ne": null, "highway": "primary", "surface": null, "smoothness": null, "width": "7", "lanes": null, "oneway": null, "bridge": null, "layer": null, "source": null, "adm0_pcode": "NPL", "adm0_name": "Nepal", "adm1_pcode": "NP03", "adm1_name": "Bagmati", "adm2_pcode": "NP0326", "adm2_name": "Bhaktapur", "adm3_pcode": "NP0326303", "adm3_name": "Bhaktapur", "adm4_pcode": null, "adm4_name": null, "name_latin": null, "path": "C:\\Users\\neetu\\Documents\\orimery road.geojson" }, "geometry": { "type": "MultiLineString", "coordinates": [ [ [ 85.4223866, 27.6720126 ], [ 85.4222749, 27.6719646 ] ] ] } },
{ "type": "Feature", "properties": { "id": "way/1167100238", "name": null, "name_en": null, "name_ne": null, "highway": "primary", "surface": null, "smoothness": null, "width": "7", "lanes": null, "oneway": null, "bridge": null, "layer": null, "source": null, "adm0_pcode": "NPL", "adm0_name": "Nepal", "adm1_pcode": "NP03", "adm1_name": "Bagmati", "adm2_pcode": "NP0326", "adm2_name": "Bhaktapur", "adm3_pcode": "NP0326303", "adm3_name": "Bhaktapur", "adm4_pcode": null, "adm4_name": null, "name_latin": null, "path": "C:\\Users\\neetu\\Documents\\orimery road.geojson" }, "geometry": { "type": "MultiLineString", "coordinates": [ [ [ 85.422438, 27.6728021 ], [ 85.4224117, 27.6724877 ], [ 85.4223866, 27.6720126 ] ] ] } },
{ "type": "Feature", "properties": { "id": "way/43918636", "name": null, "name_en": null, "name_ne": null, "highway": "primary", "surface": null, "smoothness": null, "width": "7", "lanes": null, "oneway": null, "bridge": null, "layer": null, "source": null, "adm0_pcode": "NPL", "adm0_name": "Nepal", "adm1_pcode": "NP03", "adm1_name": "Bagmati", "adm2_pcode": "NP0326", "adm2_name": "Bhaktapur", "adm3_pcode": "NP0326302", "adm3_name": "Changunarayan", "adm4_pcode": null, "adm4_name": null, "name_latin": null, "path": "C:\\Users\\neetu\\Documents\\orimery road.geojson" }, "geometry": { "type": "MultiLineString", "coordinates": [ [ [ 85.4078652, 27.6774419 ], [ 85.4076491, 27.6777022 ], [ 85.407436, 27.6779393 ], [ 85.4073869, 27.6779861 ], [ 85.4073294, 27.6780198 ], [ 85.4072241, 27.6780628 ], [ 85.4070959, 27.6781129 ], [ 85.4069678, 27.6781559 ], [ 85.4068091, 27.678202 ], [ 85.406624, 27.6782478 ], [ 85.4061945, 27.6783447 ], [ 85.4056485, 27.6784564 ], [ 85.4053727, 27.6785226 ], [ 85.4046662, 27.6786823 ], [ 85.4035713, 27.6789058 ], [ 85.4030227, 27.6790254 ], [ 85.4024071, 27.6791575 ], [ 85.4011868, 27.6794157 ], [ 85.4010368, 27.6794469 ], [ 85.4009671, 27.6794614 ], [ 85.4007406, 27.6795102 ], [ 85.4005287, 27.6795558 ], [ 85.3997614, 27.679729 ], [ 85.3985724, 27.6799809 ], [ 85.3984387, 27.6800095 ] ] ] } },
{ "type": "Feature", "properties": { "id": "way/411008074", "name": null, "name_en": null, "name_ne": null, "highway": "primary", "surface": "asphalt", "smoothness": null, "width": "24", "lanes": null, "oneway": "yes", "bridge": null, "layer": null, "source": null, "adm0_pcode": "NPL", "adm0_name": "Nepal", "adm1_pcode": "NP03", "adm1_name": "Bagmati", "adm2_pcode": "NP0325", "adm2_name": "Lalitpur", "adm3_pcode": "NP0325101", "adm3_name": "Lalitpur", "adm4_pcode": null, "adm4_name": null, "name_latin": null, "path": "C:\\Users\\neetu\\Documents\\orimery road.geojson" }, "geometry": { "type": "MultiLineString", "coordinates": [ [ [ 85.3232561, 27.6668267 ], [ 85.3227929, 27.6668612 ], [ 85.3227472, 27.666862 ], [ 85.322706, 27.666869 ], [ 85.3226665, 27.6668898 ], [ 85.3225692, 27.6669567 ], [ 85.3223385, 27.6671958 ] ] ] } },
{ "type": "Feature", "properties": { "id": "way/422264265", "name": "कान्ति पथ", "name_en": "Kanti Path", "name_ne": "कान्ति पथ", "highway": "primary", "surface": "asphalt", "smoothness": null, "width": "12", "lanes": "4", "oneway": "yes", "bridge": null, "layer": null, "source": null, "adm0_pcode": "NPL", "adm0_name": "Nepal", "adm1_pcode": "NP03", "adm1_name": "Bagmati", "adm2_pcode": "NP0327", "adm2_name": "Kathmandu", "adm3_pcode": "NP0327101", "adm3_name": "Kathmandu", "adm4_pcode": null, "adm4_name": null, "name_latin": "Kanti Path", "path": "C:\\Users\\neetu\\Documents\\orimery road.geojson" }, "geometry": { "type": "MultiLineString", "coordinates": [ [ [ 85.3140138, 27.6948639 ], [ 85.3139105, 27.6955423 ] ] ] } },
{ "type": "Feature", "properties": { "id": "way/34122640", "name": null, "name_en": null, "name_ne": null, "highway": "primary_link", "surface": null, "smoothness": null, "width": "4.5", "lanes": null, "oneway": "yes", "bridge": null, "layer": null, "source": null, "adm0_pcode": "NPL", "adm0_name": "Nepal", "adm1_pcode": "NP03", "adm1_name": "Bagmati", "adm2_pcode": "NP0325", "adm2_name": "Lalitpur", "adm3_pcode": "NP0325101", "adm3_name": "Lalitpur", "adm4_pcode": null, "adm4_name": null, "name_latin": null, "path": "C:\\Users\\neetu\\Documents\\orimery road.geojson" }, "geometry": { "type": "MultiLineString", "coordinates": [ [ [ 85.3163299, 27.6773606 ], [ 85.3163718, 27.677269 ], [ 85.3164236, 27.6771814 ], [ 85.3164849, 27.6770987 ], [ 85.316555, 27.6770218 ] ] ] } },
{ "type": "Feature", "properties": { "id": "way/416233665", "name": null, "name_en": null, "name_ne": null, "highway": "primary", "surface": null, "smoothness": null, "width": "24", "lanes": null, "oneway": "yes", "bridge": null, "layer": null, "source": null, "adm0_pcode": "NPL", "adm0_name": "Nepal", "adm1_pcode": "NP03", "adm1_name": "Bagmati", "adm2_pcode": "NP0325", "adm2_name": "Lalitpur", "adm3_pcode": "NP0325101", "adm3_name": "Lalitpur", "adm4_pcode": null, "adm4_name": null, "name_latin": null, "path": "C:\\Users\\neetu\\Documents\\orimery road.geojson" }, "geometry": { "type": "MultiLineString", "coordinates": [ [ [ 85.3223385, 27.6671958 ], [ 85.322636, 27.6670802 ] ] ] } },
{ "type": "Feature", "properties": { "id": "way/777629763", "name": null, "name_en": null, "name_ne": null, "highway": "primary", "surface": null, "smoothness": null, "width": "7", "lanes": "2", "oneway": "yes", "bridge": null, "layer": null, "source": null, "adm0_pcode": "NPL", "adm0_name": "Nepal", "adm1_pcode": "NP03", "adm1_name": "Bagmati", "adm2_pcode": "NP0327", "adm2_name": "Kathmandu", "adm3_pcode": "NP0327101", "adm3_name": "Kathmandu", "adm4_pcode": null, "adm4_name": null, "name_latin": null, "path": "C:\\Users\\neetu\\Documents\\orimery road.geojson" }, "geometry": { "type": "MultiLineString", "coordinates": [ [ [ 85.2974906, 27.6847587 ], [ 85.2974782, 27.6847594 ], [ 85.2972791, 27.6847714 ], [ 85.2971494, 27.6847866 ], [ 85.2955958, 27.6849698 ], [ 85.2954928, 27.684982 ], [ 85.2942279, 27.6851195 ], [ 85.2939362, 27.6851693 ], [ 85.2936401, 27.6852463 ], [ 85.2933481, 27.6853736 ], [ 85.293142, 27.6854751 ], [ 85.2930627, 27.6855163 ], [ 85.2928517, 27.6856502 ], [ 85.2919112, 27.6863655 ], [ 85.2908856, 27.6871589 ], [ 85.2906894, 27.6872944 ], [ 85.2905087, 27.6874017 ], [ 85.2902972, 27.687515 ], [ 85.2900866, 27.6875967 ], [ 85.28988, 27.6876656 ], [ 85.2896161, 27.6877374 ], [ 85.2889434, 27.6878517 ], [ 85.2875438, 27.6880658 ], [ 85.2872291, 27.6881111 ], [ 85.2868368, 27.6881839 ], [ 85.2867349, 27.6881996 ], [ 85.2862329, 27.6882557 ], [ 85.2857033, 27.6883358 ], [ 85.2853082, 27.6883947 ], [ 85.2849548, 27.688493 ], [ 85.2847617, 27.6885829 ], [ 85.2847263, 27.6886013 ] ] ] } },
{ "type": "Feature", "properties": { "id": "way/1250222188", "name": "धापाखेल मार्ग", "name_en": "Dhapakhel Marg", "name_ne": "धापाखेल मार्ग", "highway": "primary", "surface": null, "smoothness": null, "width": "7", "lanes": null, "oneway": "no", "bridge": null, "layer": null, "source": null, "adm0_pcode": "NPL", "adm0_name": "Nepal", "adm1_pcode": "NP03", "adm1_name": "Bagmati", "adm2_pcode": "NP0325", "adm2_name": "Lalitpur", "adm3_pcode": "NP0325101", "adm3_name": "Lalitpur", "adm4_pcode": null, "adm4_name": null, "name_latin": "Dhapakhel Marg", "path": "C:\\Users\\neetu\\Documents\\orimery road.geojson" }, "geometry": { "type": "MultiLineString", "coordinates": [ [ [ 85.3265288, 27.6441214 ], [ 85.3261881, 27.6445266 ], [ 85.3259057, 27.6451758 ], [ 85.3255321, 27.6460346 ] ] ] } },
{ "type": "Feature", "properties": { "id": "way/908522480", "name": null, "name_en": null, "name_ne": null, "highway": "primary", "surface": null, "smoothness": null, "width": "7", "lanes": "2", "oneway": "yes", "bridge": null, "layer": null, "source": null, "adm0_pcode": "NPL", "adm0_name": "Nepal", "adm1_pcode": "NP03", "adm1_name": "Bagmati", "adm2_pcode": "NP0327", "adm2_name": "Kathmandu", "adm3_pcode": "NP0327101", "adm3_name": "Kathmandu", "adm4_pcode": null, "adm4_name": null, "name_latin": null, "path": "C:\\Users\\neetu\\Documents\\orimery road.geojson" }, "geometry": { "type": "MultiLineString", "coordinates": [ [ [ 85.2861588, 27.6885555 ], [ 85.2862177, 27.6885433 ], [ 85.2864086, 27.6885188 ], [ 85.2878851, 27.6882962 ], [ 85.2889362, 27.6881381 ], [ 85.2892669, 27.6880903 ], [ 85.2893774, 27.6880724 ], [ 85.2896655, 27.6880135 ], [ 85.2898495, 27.6879672 ], [ 85.290045, 27.6879114 ], [ 85.2902649, 27.6878377 ], [ 85.2904137, 27.6877812 ], [ 85.2906075, 27.6876837 ], [ 85.2908543, 27.6875318 ], [ 85.2912233, 27.6872533 ], [ 85.2920372, 27.6866151 ], [ 85.2930147, 27.6858566 ], [ 85.2931848, 27.6857469 ], [ 85.2932927, 27.6856914 ], [ 85.2933989, 27.6856371 ], [ 85.2935838, 27.6855491 ] ] ] } },
{ "type": "Feature", "properties": { "id": "way/25512472", "name": "पासाङ ल्हामु राजमर्ग", "name_en": "Pasang Lhamu Rajmarg", "name_ne": "पासाङ ल्हामु राजमर्ग", "highway": "primary", "surface": "paved", "smoothness": null, "width": "14", "lanes": "2", "oneway": null, "bridge": null, "layer": null, "source": null, "adm0_pcode": "NPL", "adm0_name": "Nepal", "adm1_pcode": "NP03", "adm1_name": "Bagmati", "adm2_pcode": "NP0327", "adm2_name": "Kathmandu", "adm3_pcode": "NP0327301", "adm3_name": "Tarakeshwor", "adm4_pcode": null, "adm4_name": null, "name_latin": "Pasang Lhamu Rajmarg", "path": "C:\\Users\\neetu\\Documents\\orimery road.geojson" }, "geometry": { "type": "MultiLineString", "coordinates": [ [ [ 85.298097, 27.741575 ], [ 85.2977564, 27.7416843 ], [ 85.2972948, 27.7417729 ], [ 85.2967883, 27.7419466 ], [ 85.2964665, 27.7420677 ], [ 85.2962927, 27.7421514 ], [ 85.2962278, 27.7422006 ], [ 85.2960266, 27.7423691 ], [ 85.2957476, 27.742635 ], [ 85.2954955, 27.7430315 ], [ 85.2954189, 27.7432953 ], [ 85.2953848, 27.7434893 ], [ 85.2953641, 27.7438053 ], [ 85.2953273, 27.743934 ], [ 85.2951629, 27.7441092 ], [ 85.295056, 27.7443858 ], [ 85.2949671, 27.744667 ], [ 85.2946077, 27.7451418 ], [ 85.2943234, 27.745505 ], [ 85.2939345, 27.7459299 ], [ 85.2934463, 27.7462907 ], [ 85.2929528, 27.7463501 ], [ 85.2924995, 27.746426 ], [ 85.2920328, 27.7464949 ], [ 85.2918799, 27.746578 ], [ 85.2915151, 27.7466824 ], [ 85.2908821, 27.7469388 ], [ 85.290512, 27.7470859 ], [ 85.2898387, 27.747423 ], [ 85.2892862, 27.7476272 ], [ 85.2887766, 27.7479073 ], [ 85.2883935, 27.7482163 ], [ 85.2881382, 27.7484461 ], [ 85.2879022, 27.7487784 ], [ 85.2876581, 27.7490229 ], [ 85.2873496, 27.7491844 ], [ 85.2870047, 27.7493859 ], [ 85.2868438, 27.7494666 ], [ 85.2865289, 27.7499083 ], [ 85.2862108, 27.7501835 ], [ 85.2857993, 27.7501956 ], [ 85.2854276, 27.7501787 ], [ 85.284934, 27.7501835 ], [ 85.2847034, 27.7502927 ], [ 85.2844582, 27.7504472 ], [ 85.2842866, 27.7505991 ], [ 85.2839835, 27.7507985 ], [ 85.2836589, 27.7510074 ], [ 85.2834336, 27.7512685 ], [ 85.2831144, 27.7515035 ], [ 85.282806, 27.7516934 ], [ 85.2825673, 27.7518714 ], [ 85.2823393, 27.7520708 ], [ 85.2821408, 27.7522583 ], [ 85.2819664, 27.7524102 ], [ 85.2817572, 27.7526357 ], [ 85.2814997, 27.7528351 ], [ 85.2813227, 27.753006 ], [ 85.2810465, 27.7530962 ], [ 85.2807353, 27.7530653 ], [ 85.2804135, 27.7528707 ], [ 85.2800487, 27.7529206 ], [ 85.279818, 27.752987 ], [ 85.2796195, 27.752987 ], [ 85.2794613, 27.7528897 ], [ 85.2793151, 27.7527468 ], [ 85.2792874, 27.7527197 ], [ 85.2792306, 27.7526642 ], [ 85.279075, 27.7526096 ], [ 85.2790305, 27.7526076 ], [ 85.2789903, 27.7526088 ], [ 85.278944, 27.7526195 ], [ 85.2789032, 27.7526395 ], [ 85.2788743, 27.752664 ], [ 85.2788488, 27.7526942 ], [ 85.2787985, 27.7527621 ], [ 85.2785413, 27.7532386 ], [ 85.278442, 27.7534784 ], [ 85.2782623, 27.7536944 ], [ 85.2780021, 27.754048 ], [ 85.2778037, 27.7542379 ], [ 85.2776025, 27.7544254 ], [ 85.2772458, 27.754677 ], [ 85.2770644, 27.7547124 ], [ 85.2768606, 27.7546839 ], [ 85.276469, 27.7544442 ], [ 85.2763295, 27.7543232 ], [ 85.2761927, 27.7542828 ], [ 85.2759942, 27.7543635 ], [ 85.2756084, 27.7545611 ], [ 85.2751563, 27.7549761 ], [ 85.2749214, 27.755161 ], [ 85.2748076, 27.7551993 ], [ 85.2744976, 27.7551634 ], [ 85.2744225, 27.755173 ], [ 85.2743232, 27.7552607 ], [ 85.2742283, 27.7554081 ], [ 85.2741002, 27.7556513 ], [ 85.2740362, 27.7557711 ], [ 85.2740402, 27.7559471 ], [ 85.2740979, 27.7560867 ], [ 85.2740952, 27.7561936 ], [ 85.2740443, 27.7563668 ], [ 85.2739118, 27.7566329 ], [ 85.2737026, 27.7568323 ], [ 85.2733217, 27.7570697 ], [ 85.2729633, 27.7572545 ], [ 85.2728748, 27.757359 ], [ 85.2728051, 27.7575655 ], [ 85.2727407, 27.7576367 ], [ 85.2725396, 27.7577293 ], [ 85.2723813, 27.7578147 ], [ 85.2722687, 27.7579096 ], [ 85.272046, 27.758204 ], [ 85.2719012, 27.7583037 ], [ 85.2716705, 27.7583867 ], [ 85.2713835, 27.7584437 ], [ 85.2710053, 27.7584484 ], [ 85.2705917, 27.7583748 ], [ 85.2705252, 27.758363 ], [ 85.2703723, 27.7583844 ], [ 85.2702865, 27.7584295 ], [ 85.2702275, 27.7585078 ], [ 85.2701738, 27.7586905 ], [ 85.2701524, 27.7588187 ], [ 85.2702112, 27.7592091 ], [ 85.2701873, 27.7595059 ], [ 85.2700886, 27.759898 ], [ 85.2700022, 27.7602523 ], [ 85.2700371, 27.7605229 ], [ 85.2700344, 27.7606321 ], [ 85.2700075, 27.7607341 ], [ 85.2699164, 27.7608813 ], [ 85.2696052, 27.7614129 ], [ 85.2695172, 27.7616709 ], [ 85.2694336, 27.7623184 ], [ 85.2692673, 27.7627314 ], [ 85.269219, 27.7628857 ], [ 85.2692351, 27.7629759 ], [ 85.2692713, 27.7630578 ], [ 85.2693383, 27.7631468 ], [ 85.2694067, 27.7632049 ], [ 85.2695221, 27.7632429 ], [ 85.2696294, 27.7632571 ], [ 85.2697299, 27.7632939 ], [ 85.2697889, 27.7633426 ], [ 85.2698949, 27.7635004 ], [ 85.2700156, 27.7636119 ], [ 85.27008, 27.763701 ], [ 85.2700894, 27.763803 ], [ 85.2700545, 27.7639063 ], [ 85.2699767, 27.7639727 ], [ 85.2694818, 27.7641365 ], [ 85.269274, 27.7642706 ], [ 85.2692411, 27.7643454 ], [ 85.2692431, 27.7644237 ], [ 85.2692592, 27.764483 ], [ 85.269341, 27.7645661 ], [ 85.269455, 27.7646123 ], [ 85.2695985, 27.7646634 ], [ 85.2696709, 27.7647191 ], [ 85.269734, 27.7647915 ], [ 85.2698024, 27.7649066 ], [ 85.2698734, 27.7649648 ], [ 85.2699673, 27.7650075 ], [ 85.2700759, 27.7650384 ], [ 85.2702087, 27.7650372 ], [ 85.270506, 27.7649955 ], [ 85.2710105, 27.7648679 ], [ 85.2713718, 27.7647206 ], [ 85.2715391, 27.7646106 ], [ 85.2716397, 27.7645726 ], [ 85.271694, 27.7645726 ], [ 85.2717483, 27.7645987 ], [ 85.2717836, 27.764648 ], [ 85.2717865, 27.76475 ], [ 85.2716867, 27.7649107 ], [ 85.2716192, 27.7650371 ], [ 85.2715269, 27.7652097 ], [ 85.2712871, 27.7653293 ], [ 85.2710667, 27.7653433 ], [ 85.2709517, 27.7654455 ], [ 85.2709159, 27.7655706 ], [ 85.2707337, 27.7657754 ], [ 85.2706321, 27.7659548 ], [ 85.2706271, 27.7660494 ], [ 85.2706325, 27.7660945 ], [ 85.2706847, 27.7662463 ], [ 85.2707715, 27.7665337 ], [ 85.27089, 27.7667614 ], [ 85.271, 27.7669264 ], [ 85.271004, 27.7669667 ], [ 85.2709892, 27.7670189 ], [ 85.2709399, 27.7670812 ], [ 85.2708768, 27.7671092 ], [ 85.2708055, 27.7671186 ], [ 85.2706969, 27.7671068 ], [ 85.2705963, 27.767051 ], [ 85.2704032, 27.7669062 ], [ 85.2702583, 27.7668184 ], [ 85.2697863, 27.7665894 ], [ 85.2696494, 27.7664855 ], [ 85.2695257, 27.766301 ], [ 85.2694535, 27.7661934 ], [ 85.2693412, 27.7661639 ], [ 85.2691873, 27.7661999 ], [ 85.2690142, 27.766323 ], [ 85.2687633, 27.7665902 ], [ 85.2683707, 27.7666655 ], [ 85.2682163, 27.7668166 ], [ 85.2679814, 27.767182 ], [ 85.2679741, 27.7674084 ], [ 85.2681456, 27.7677721 ], [ 85.2682393, 27.7680582 ], [ 85.2684491, 27.7682204 ], [ 85.2684841, 27.7683021 ], [ 85.2685732, 27.7684871 ], [ 85.2687111, 27.7686204 ], [ 85.2688506, 27.7686321 ], [ 85.2689414, 27.7685886 ], [ 85.2691712, 27.7684647 ], [ 85.2695516, 27.7684894 ], [ 85.2698087, 27.7685845 ], [ 85.2700017, 27.7687413 ], [ 85.2700734, 27.7690056 ], [ 85.2702739, 27.7692006 ], [ 85.2702939, 27.7692291 ], [ 85.27031, 27.7692677 ], [ 85.270312, 27.7692991 ], [ 85.2703066, 27.769343 ], [ 85.27028, 27.7694049 ], [ 85.2702597, 27.7694814 ], [ 85.2700238, 27.7697213 ], [ 85.2698702, 27.7698814 ], [ 85.2697906, 27.7700946 ], [ 85.2698437, 27.7704533 ], [ 85.2697134, 27.7707956 ], [ 85.26929, 27.7711451 ], [ 85.2690133, 27.7712991 ], [ 85.2689131, 27.7713165 ], [ 85.2687541, 27.771508 ], [ 85.2686116, 27.7716628 ], [ 85.2684411, 27.7719318 ], [ 85.2684286, 27.7720445 ], [ 85.2684661, 27.772215 ], [ 85.2685066, 27.7723305 ], [ 85.2686138, 27.7724315 ], [ 85.2687082, 27.7724744 ], [ 85.2688133, 27.7724782 ], [ 85.2689254, 27.7724645 ], [ 85.2690826, 27.7724238 ], [ 85.2692082, 27.7723459 ], [ 85.2694374, 27.7721471 ], [ 85.2695647, 27.7720696 ], [ 85.2697527, 27.772018 ], [ 85.2699046, 27.7720032 ], [ 85.2699941, 27.7719863 ], [ 85.2700746, 27.7719475 ], [ 85.2701278, 27.7718901 ], [ 85.2701973, 27.7717658 ], [ 85.27045, 27.7714215 ], [ 85.270604, 27.7712574 ], [ 85.2707837, 27.7710698 ], [ 85.2708733, 27.7709473 ], [ 85.2709251, 27.7708483 ], [ 85.270977, 27.7707287 ], [ 85.2710797, 27.7705626 ], [ 85.2713619, 27.7702898 ], [ 85.2714722, 27.7702369 ], [ 85.2715595, 27.7702225 ], [ 85.2716258, 27.7702515 ], [ 85.2716641, 27.7702777 ], [ 85.2716885, 27.7703262 ], [ 85.2716958, 27.7703561 ], [ 85.2716905, 27.7703888 ], [ 85.2716799, 27.7704168 ], [ 85.2715596, 27.7705909 ], [ 85.2714459, 27.7708488 ], [ 85.271396, 27.7710275 ], [ 85.2713325, 27.7713173 ], [ 85.2711939, 27.7718177 ], [ 85.2710017, 27.7723206 ], [ 85.2710884, 27.7725681 ], [ 85.2713558, 27.7729614 ], [ 85.2716241, 27.7731823 ], [ 85.2716814, 27.7732295 ], [ 85.2716961, 27.7735491 ], [ 85.2717701, 27.7736874 ], [ 85.27187, 27.7737247 ], [ 85.2719913, 27.7737372 ], [ 85.2722647, 27.7736813 ], [ 85.2724492, 27.7736242 ], [ 85.2726255, 27.7736515 ], [ 85.2727908, 27.7738353 ], [ 85.2729917, 27.7740359 ], [ 85.2732021, 27.7740771 ], [ 85.273312, 27.774115 ], [ 85.2733791, 27.7741483 ], [ 85.2734491, 27.7742047 ], [ 85.2735954, 27.7746587 ], [ 85.2736679, 27.774808 ], [ 85.273646, 27.7750089 ], [ 85.2737116, 27.7751387 ], [ 85.2739827, 27.7753344 ], [ 85.2740832, 27.7753788 ], [ 85.2741909, 27.7753983 ], [ 85.2743715, 27.775393 ], [ 85.2745532, 27.7753697 ], [ 85.2747235, 27.7753431 ], [ 85.2748449, 27.7753426 ], [ 85.2749073, 27.7753443 ], [ 85.2749805, 27.7753508 ], [ 85.2750447, 27.7753764 ], [ 85.2751031, 27.7754203 ], [ 85.2751794, 27.7755075 ], [ 85.2753687, 27.7755781 ], [ 85.2758026, 27.7754916 ], [ 85.2759138, 27.7754986 ], [ 85.2760147, 27.775524 ], [ 85.2760894, 27.7756291 ], [ 85.2761551, 27.7757355 ], [ 85.2763107, 27.775838 ], [ 85.2763563, 27.7758973 ], [ 85.2763895, 27.7759387 ], [ 85.2764288, 27.77608 ], [ 85.2765039, 27.7761773 ], [ 85.2766437, 27.7763105 ], [ 85.2767321, 27.7763644 ], [ 85.2771084, 27.7764908 ], [ 85.2772802, 27.7765568 ], [ 85.2775882, 27.7766003 ], [ 85.2778342, 27.776612 ], [ 85.2779466, 27.7766037 ] ] ] } },
{ "type": "Feature", "properties": { "id": "way/439996379", "name": "पुल्चोक रोड", "name_en": "Pulchowk Road", "name_ne": "पुल्चोक रोड", "highway": "primary", "surface": null, "smoothness": null, "width": "7", "lanes": "2", "oneway": "yes", "bridge": null, "layer": null, "source": null, "adm0_pcode": "NPL", "adm0_name": "Nepal", "adm1_pcode": "NP03", "adm1_name": "Bagmati", "adm2_pcode": "NP0325", "adm2_name": "Lalitpur", "adm3_pcode": "NP0325101", "adm3_name": "Lalitpur", "adm4_pcode": null, "adm4_name": null, "name_latin": "Pulchowk Road", "path": "C:\\Users\\neetu\\Documents\\orimery road.geojson" }, "geometry": { "type": "MultiLineString", "coordinates": [ [ [ 85.3162246, 27.6771247 ], [ 85.316249, 27.677288 ], [ 85.3162548, 27.6773602 ], [ 85.3162521, 27.6774639 ], [ 85.3162381, 27.6776886 ], [ 85.3162251, 27.677871 ], [ 85.3162622, 27.6780057 ], [ 85.316305, 27.6781208 ] ] ] } },
{ "type": "Feature", "properties": { "id": "way/61163649", "name": "लेखनाथ सडक", "name_en": "Lekhnath Sadak", "name_ne": "लेखनाथ सडक", "highway": "primary", "surface": "asphalt", "smoothness": null, "width": "14", "lanes": null, "oneway": null, "bridge": null, "layer": null, "source": null, "adm0_pcode": "NPL", "adm0_name": "Nepal", "adm1_pcode": "NP03", "adm1_name": "Bagmati", "adm2_pcode": "NP0327", "adm2_name": "Kathmandu", "adm3_pcode": "NP0327101", "adm3_name": "Kathmandu", "adm4_pcode": null, "adm4_name": null, "name_latin": "Lekhnath Sadak", "path": "C:\\Users\\neetu\\Documents\\orimery road.geojson" }, "geometry": { "type": "MultiLineString", "coordinates": [ [ [ 85.3095996, 27.7188423 ], [ 85.3096781, 27.7186488 ], [ 85.3096874, 27.7184823 ], [ 85.3097101, 27.7183722 ], [ 85.3097814, 27.7181956 ], [ 85.3098123, 27.7181496 ], [ 85.3098527, 27.7181198 ] ] ] } },
{ "type": "Feature", "properties": { "id": "way/232517127", "name": "बौद्ध सडक", "name_en": "Boudha Main Road", "name_ne": "बौद्ध सडक", "highway": "primary", "surface": null, "smoothness": null, "width": null, "lanes": null, "oneway": null, "bridge": null, "layer": null, "source": null, "adm0_pcode": "NPL", "adm0_name": "Nepal", "adm1_pcode": "NP03", "adm1_name": "Bagmati", "adm2_pcode": "NP0327", "adm2_name": "Kathmandu", "adm3_pcode": "NP0327304", "adm3_name": "Gokarneshwor", "adm4_pcode": null, "adm4_name": null, "name_latin": "Boudha Main Road", "path": "C:\\Users\\neetu\\Documents\\orimery road.geojson" }, "geometry": { "type": "MultiLineString", "coordinates": [ [ [ 85.3727909, 27.721801 ], [ 85.3726585, 27.7217385 ] ] ] } },
{ "type": "Feature", "properties": { "id": "way/231178984", "name": "धापाखेल मार्ग", "name_en": "Dhapakhel Marg", "name_ne": "धापाखेल मार्ग", "highway": "primary", "surface": null, "smoothness": null, "width": "5", "lanes": null, "oneway": null, "bridge": null, "layer": null, "source": null, "adm0_pcode": "NPL", "adm0_name": "Nepal", "adm1_pcode": "NP03", "adm1_name": "Bagmati", "adm2_pcode": "NP0325", "adm2_name": "Lalitpur", "adm3_pcode": "NP0325101", "adm3_name": "Lalitpur", "adm4_pcode": null, "adm4_name": null, "name_latin": "Dhapakhel Marg", "path": "C:\\Users\\neetu\\Documents\\orimery road.geojson" }, "geometry": { "type": "MultiLineString", "coordinates": [ [ [ 85.329708, 27.6321461 ], [ 85.3296478, 27.6322076 ], [ 85.3295515, 27.6322704 ], [ 85.3294155, 27.6324258 ], [ 85.3291896, 27.6326564 ], [ 85.329118, 27.6327645 ], [ 85.3290966, 27.6328395 ], [ 85.3290845, 27.6329216 ], [ 85.3291065, 27.6332446 ], [ 85.3291062, 27.6333206 ], [ 85.3290844, 27.6334037 ], [ 85.3290463, 27.6334936 ], [ 85.3289747, 27.6336286 ], [ 85.3289576, 27.6337228 ], [ 85.3289415, 27.6338404 ], [ 85.3289777, 27.6342717 ], [ 85.3289777, 27.6343834 ], [ 85.3289507, 27.6346148 ], [ 85.3289176, 27.6347459 ], [ 85.3288444, 27.6349002 ], [ 85.3286528, 27.6352215 ], [ 85.3285849, 27.6353641 ], [ 85.3285721, 27.6353967 ], [ 85.3285184, 27.6356681 ], [ 85.3283136, 27.6359624 ], [ 85.3282819, 27.6361168 ], [ 85.3282476, 27.6362843 ], [ 85.3282114, 27.6364605 ], [ 85.328209, 27.6368029 ], [ 85.3282081, 27.63694 ], [ 85.3282066, 27.6371533 ], [ 85.3281984, 27.6373016 ], [ 85.3281777, 27.6376757 ], [ 85.3281613, 27.6377191 ], [ 85.3281566, 27.6380009 ], [ 85.3281408, 27.6380821 ], [ 85.3280596, 27.6384985 ], [ 85.328061, 27.6388832 ], [ 85.3280844, 27.6392594 ], [ 85.3281248, 27.6396868 ], [ 85.3281152, 27.6399706 ], [ 85.3280818, 27.6403087 ], [ 85.3280852, 27.6406234 ], [ 85.3280685, 27.6409668 ], [ 85.3280549, 27.6411017 ], [ 85.3280421, 27.641189 ], [ 85.3279402, 27.6417711 ], [ 85.3278964, 27.6420217 ], [ 85.3278408, 27.6421974 ], [ 85.3276015, 27.6427723 ], [ 85.327482, 27.6430645 ], [ 85.3273883, 27.6431976 ], [ 85.3271708, 27.6434885 ], [ 85.32692, 27.6437522 ], [ 85.3267087, 27.6439494 ], [ 85.3265288, 27.6441214 ] ] ] } },
{ "type": "Feature", "properties": { "id": "way/171215509", "name": "लेखनाथ सडक", "name_en": "Lekhnath Sadak", "name_ne": "लेखनाथ सडक", "highway": "primary", "surface": "concrete", "smoothness": "excellent", "width": "14", "lanes": null, "oneway": "no", "bridge": null, "layer": null, "source": null, "adm0_pcode": "NPL", "adm0_name": "Nepal", "adm1_pcode": "NP03", "adm1_name": "Bagmati", "adm2_pcode": "NP0327", "adm2_name": "Kathmandu", "adm3_pcode": "NP0327101", "adm3_name": "Kathmandu", "adm4_pcode": null, "adm4_name": null, "name_latin": "Lekhnath Sadak", "path": "C:\\Users\\neetu\\Documents\\orimery road.geojson" }, "geometry": { "type": "MultiLineString", "coordinates": [ [ [ 85.3098527, 27.7181198 ], [ 85.3098914, 27.7181095 ], [ 85.3099467, 27.7181064 ], [ 85.3101281, 27.7181223 ], [ 85.3102776, 27.7181479 ], [ 85.3104693, 27.7181947 ] ] ] } },
{ "type": "Feature", "properties": { "id": "way/226834866", "name": null, "name_en": null, "name_ne": null, "highway": "primary", "surface": "asphalt", "smoothness": null, "width": "8", "lanes": null, "oneway": null, "bridge": null, "layer": null, "source": null, "adm0_pcode": "NPL", "adm0_name": "Nepal", "adm1_pcode": "NP03", "adm1_name": "Bagmati", "adm2_pcode": "NP0326", "adm2_name": "Bhaktapur", "adm3_pcode": "NP0326303", "adm3_name": "Bhaktapur", "adm4_pcode": null, "adm4_name": null, "name_latin": null, "path": "C:\\Users\\neetu\\Documents\\orimery road.geojson" }, "geometry": { "type": "MultiLineString", "coordinates": [ [ [ 85.421343, 27.671424 ], [ 85.4212721, 27.6713963 ], [ 85.4211018, 27.6713582 ], [ 85.420906, 27.6713475 ], [ 85.4202436, 27.6713443 ], [ 85.4199074, 27.6713532 ], [ 85.4192903, 27.6714067 ], [ 85.419107, 27.6714131 ], [ 85.4185697, 27.6714568 ], [ 85.4179599, 27.6714944 ], [ 85.4179053, 27.6714991 ], [ 85.41786, 27.6715029 ], [ 85.4178125, 27.671507 ], [ 85.4177452, 27.6715127 ], [ 85.4167766, 27.6715613 ], [ 85.4157016, 27.6716206 ], [ 85.415295, 27.6716345 ], [ 85.4150033, 27.6716684 ], [ 85.4148223, 27.6717015 ], [ 85.4146333, 27.6717476 ], [ 85.4144473, 27.6718031 ] ] ] } },
{ "type": "Feature", "properties": { "id": "way/185944628", "name": null, "name_en": null, "name_ne": null, "highway": "primary", "surface": null, "smoothness": null, "width": "7", "lanes": null, "oneway": null, "bridge": null, "layer": null, "source": null, "adm0_pcode": "NPL", "adm0_name": "Nepal", "adm1_pcode": "NP03", "adm1_name": "Bagmati", "adm2_pcode": "NP0326", "adm2_name": "Bhaktapur", "adm3_pcode": "NP0326303", "adm3_name": "Bhaktapur", "adm4_pcode": null, "adm4_name": null, "name_latin": null, "path": "C:\\Users\\neetu\\Documents\\orimery road.geojson" }, "geometry": { "type": "MultiLineString", "coordinates": [ [ [ 85.4088623, 27.6725275 ], [ 85.4087589, 27.6722724 ], [ 85.408625, 27.6720332 ], [ 85.4085139, 27.671848 ], [ 85.4084534, 27.6717594 ], [ 85.4083933, 27.6716758 ] ] ] } },
{ "type": "Feature", "properties": { "id": "way/1090811371", "name": null, "name_en": null, "name_ne": null, "highway": "primary", "surface": null, "smoothness": null, "width": null, "lanes": null, "oneway": "yes", "bridge": null, "layer": null, "source": null, "adm0_pcode": "NPL", "adm0_name": "Nepal", "adm1_pcode": "NP03", "adm1_name": "Bagmati", "adm2_pcode": "NP0326", "adm2_name": "Bhaktapur", "adm3_pcode": "NP0326301", "adm3_name": "Madhyapur Thimi", "adm4_pcode": null, "adm4_name": null, "name_latin": null, "path": "C:\\Users\\neetu\\Documents\\orimery road.geojson" }, "geometry": { "type": "MultiLineString", "coordinates": [ [ [ 85.3490965, 27.6784022 ], [ 85.3486957, 27.6781465 ] ] ] } },
{ "type": "Feature", "properties": { "id": "way/188451226", "name": null, "name_en": null, "name_ne": null, "highway": "primary", "surface": null, "smoothness": null, "width": "8", "lanes": null, "oneway": "yes", "bridge": null, "layer": null, "source": null, "adm0_pcode": "NPL", "adm0_name": "Nepal", "adm1_pcode": "NP03", "adm1_name": "Bagmati", "adm2_pcode": "NP0326", "adm2_name": "Bhaktapur", "adm3_pcode": "NP0326303", "adm3_name": "Bhaktapur", "adm4_pcode": null, "adm4_name": null, "name_latin": null, "path": "C:\\Users\\neetu\\Documents\\orimery road.geojson" }, "geometry": { "type": "MultiLineString", "coordinates": [ [ [ 85.4100084, 27.6739731 ], [ 85.4098898, 27.6740056 ] ] ] } },
{ "type": "Feature", "properties": { "id": "way/172371444", "name": "सातदोबाटो-गोदावरी सडक", "name_en": "Satdobato - Godavari Road", "name_ne": "सातदोबाटो-गोदावरी सडक", "highway": "primary", "surface": null, "smoothness": null, "width": "12", "lanes": null, "oneway": null, "bridge": null, "layer": null, "source": null, "adm0_pcode": "NPL", "adm0_name": "Nepal", "adm1_pcode": "NP03", "adm1_name": "Bagmati", "adm2_pcode": "NP0325", "adm2_name": "Lalitpur", "adm3_pcode": "NP0325101", "adm3_name": "Lalitpur", "adm4_pcode": null, "adm4_name": null, "name_latin": "Satdobato - Godavari Road", "path": "C:\\Users\\neetu\\Documents\\orimery road.geojson" }, "geometry": { "type": "MultiLineString", "coordinates": [ [ [ 85.3263111, 27.6569951 ], [ 85.3262077, 27.6571208 ], [ 85.3261187, 27.6572141 ], [ 85.3251483, 27.6582477 ], [ 85.3248561, 27.6585605 ], [ 85.3247967, 27.6586331 ] ] ] } },
{ "type": "Feature", "properties": { "id": "way/231882053", "name": null, "name_en": null, "name_ne": null, "highway": "primary", "surface": null, "smoothness": null, "width": "8", "lanes": null, "oneway": "yes", "bridge": null, "layer": null, "source": null, "adm0_pcode": "NPL", "adm0_name": "Nepal", "adm1_pcode": "NP03", "adm1_name": "Bagmati", "adm2_pcode": "NP0326", "adm2_name": "Bhaktapur", "adm3_pcode": "NP0326303", "adm3_name": "Bhaktapur", "adm4_pcode": null, "adm4_name": null, "name_latin": null, "path": "C:\\Users\\neetu\\Documents\\orimery road.geojson" }, "geometry": { "type": "MultiLineString", "coordinates": [ [ [ 85.4098898, 27.6740056 ], [ 85.4098165, 27.6740151 ], [ 85.4097684, 27.6740051 ], [ 85.409725, 27.6739803 ], [ 85.4096808, 27.6739326 ], [ 85.4095826, 27.6738025 ] ] ] } },
{ "type": "Feature", "properties": { "id": "way/220042781", "name": null, "name_en": null, "name_ne": null, "highway": "primary", "surface": null, "smoothness": null, "width": "7", "lanes": null, "oneway": null, "bridge": null, "layer": null, "source": null, "adm0_pcode": "NPL", "adm0_name": "Nepal", "adm1_pcode": "NP03", "adm1_name": "Bagmati", "adm2_pcode": "NP0326", "adm2_name": "Bhaktapur", "adm3_pcode": "NP0326303", "adm3_name": "Bhaktapur", "adm4_pcode": null, "adm4_name": null, "name_latin": null, "path": "C:\\Users\\neetu\\Documents\\orimery road.geojson" }, "geometry": { "type": "MultiLineString", "coordinates": [ [ [ 85.4095826, 27.6738025 ], [ 85.4096369, 27.6739447 ], [ 85.4096525, 27.6740009 ], [ 85.4096804, 27.6741901 ], [ 85.4096803, 27.6742671 ], [ 85.4096784, 27.6743483 ] ] ] } },
{ "type": "Feature", "properties": { "id": "way/188451227", "name": null, "name_en": null, "name_ne": null, "highway": "primary", "surface": null, "smoothness": null, "width": "7", "lanes": null, "oneway": "yes", "bridge": null, "layer": null, "source": null, "adm0_pcode": "NPL", "adm0_name": "Nepal", "adm1_pcode": "NP03", "adm1_name": "Bagmati", "adm2_pcode": "NP0326", "adm2_name": "Bhaktapur", "adm3_pcode": "NP0326303", "adm3_name": "Bhaktapur", "adm4_pcode": null, "adm4_name": null, "name_latin": null, "path": "C:\\Users\\neetu\\Documents\\orimery road.geojson" }, "geometry": { "type": "MultiLineString", "coordinates": [ [ [ 85.4096525, 27.6740009 ], [ 85.4096809, 27.674075 ], [ 85.4097243, 27.6741019 ], [ 85.4097587, 27.6741093 ], [ 85.4097967, 27.6741052 ], [ 85.4098636, 27.6740849 ] ] ] } },
{ "type": "Feature", "properties": { "id": "way/220042783", "name": null, "name_en": null, "name_ne": null, "highway": "primary", "surface": null, "smoothness": null, "width": "6", "lanes": null, "oneway": null, "bridge": null, "layer": null, "source": null, "adm0_pcode": "NPL", "adm0_name": "Nepal", "adm1_pcode": "NP03", "adm1_name": "Bagmati", "adm2_pcode": "NP0326", "adm2_name": "Bhaktapur", "adm3_pcode": "NP0326303", "adm3_name": "Bhaktapur", "adm4_pcode": null, "adm4_name": null, "name_latin": null, "path": "C:\\Users\\neetu\\Documents\\orimery road.geojson" }, "geometry": { "type": "MultiLineString", "coordinates": [ [ [ 85.4100084, 27.6739731 ], [ 85.4099143, 27.6740433 ], [ 85.4098636, 27.6740849 ], [ 85.409781, 27.6741728 ], [ 85.4097281, 27.6742452 ], [ 85.4096784, 27.6743483 ] ] ] } },
{ "type": "Feature", "properties": { "id": "way/335627853", "name": null, "name_en": null, "name_ne": null, "highway": "primary", "surface": null, "smoothness": null, "width": "6", "lanes": null, "oneway": null, "bridge": null, "layer": null, "source": null, "adm0_pcode": "NPL", "adm0_name": "Nepal", "adm1_pcode": "NP03", "adm1_name": "Bagmati", "adm2_pcode": "NP0327", "adm2_name": "Kathmandu", "adm3_pcode": "NP0327306", "adm3_name": "Kageshwori Manahara", "adm4_pcode": null, "adm4_name": null, "name_latin": null, "path": "C:\\Users\\neetu\\Documents\\orimery road.geojson" }, "geometry": { "type": "MultiLineString", "coordinates": [ [ [ 85.3943205, 27.7064854 ], [ 85.3943634, 27.7063649 ], [ 85.3943827, 27.7063126 ], [ 85.3943709, 27.7062494 ], [ 85.3943271, 27.7061711 ], [ 85.3942624, 27.7060878 ], [ 85.39423, 27.7060461 ], [ 85.3941404, 27.7058804 ], [ 85.394009, 27.7055004 ], [ 85.3938366, 27.7050663 ], [ 85.3937112, 27.7048346 ], [ 85.3936196, 27.7047349 ] ] ] } },
{ "type": "Feature", "properties": { "id": "way/169337737", "name": "राम शाह पथ", "name_en": "Ram Shah Path", "name_ne": "राम शाह पथ", "highway": "primary", "surface": "paved", "smoothness": null, "width": "6", "lanes": "1", "oneway": "yes", "bridge": null, "layer": null, "source": null, "adm0_pcode": "NPL", "adm0_name": "Nepal", "adm1_pcode": "NP03", "adm1_name": "Bagmati", "adm2_pcode": "NP0327", "adm2_name": "Kathmandu", "adm3_pcode": "NP0327101", "adm3_name": "Kathmandu", "adm4_pcode": null, "adm4_name": null, "name_latin": "Ram Shah Path", "path": "C:\\Users\\neetu\\Documents\\orimery road.geojson" }, "geometry": { "type": "MultiLineString", "coordinates": [ [ [ 85.320728, 27.6950287 ], [ 85.3208079, 27.6950551 ], [ 85.3208631, 27.695065 ] ] ] } },
{ "type": "Feature", "properties": { "id": "way/32133799", "name": null, "name_en": null, "name_ne": null, "highway": "primary", "surface": "asphalt", "smoothness": null, "width": "7", "lanes": null, "oneway": null, "bridge": null, "layer": null, "source": null, "adm0_pcode": "NPL", "adm0_name": "Nepal", "adm1_pcode": "NP03", "adm1_name": "Bagmati", "adm2_pcode": "NP0326", "adm2_name": "Bhaktapur", "adm3_pcode": "NP0326303", "adm3_name": "Bhaktapur", "adm4_pcode": null, "adm4_name": null, "name_latin": null, "path": "C:\\Users\\neetu\\Documents\\orimery road.geojson" }, "geometry": { "type": "MultiLineString", "coordinates": [ [ [ 85.4095826, 27.6738025 ], [ 85.409483, 27.6735843 ], [ 85.4093477, 27.6733247 ], [ 85.4092435, 27.6731357 ] ] ] } },
{ "type": "Feature", "properties": { "id": "way/32133797", "name": null, "name_en": null, "name_ne": null, "highway": "primary", "surface": null, "smoothness": null, "width": null, "lanes": null, "oneway": null, "bridge": "yes", "layer": "1", "source": null, "adm0_pcode": "NPL", "adm0_name": "Nepal", "adm1_pcode": "NP03", "adm1_name": "Bagmati", "adm2_pcode": "NP0326", "adm2_name": "Bhaktapur", "adm3_pcode": "NP0326303", "adm3_name": "Bhaktapur", "adm4_pcode": null, "adm4_name": null, "name_latin": null, "path": "C:\\Users\\neetu\\Documents\\orimery road.geojson" }, "geometry": { "type": "MultiLineString", "coordinates": [ [ [ 85.4091509, 27.6729834 ], [ 85.4092435, 27.6731357 ] ] ] } },
{ "type": "Feature", "properties": { "id": "way/257415624", "name": null, "name_en": null, "name_ne": null, "highway": "primary", "surface": null, "smoothness": null, "width": "7", "lanes": null, "oneway": null, "bridge": null, "layer": null, "source": null, "adm0_pcode": "NPL", "adm0_name": "Nepal", "adm1_pcode": "NP03", "adm1_name": "Bagmati", "adm2_pcode": "NP0326", "adm2_name": "Bhaktapur", "adm3_pcode": "NP0326303", "adm3_name": "Bhaktapur", "adm4_pcode": null, "adm4_name": null, "name_latin": null, "path": "C:\\Users\\neetu\\Documents\\orimery road.geojson" }, "geometry": { "type": "MultiLineString", "coordinates": [ [ [ 85.4089692, 27.6727145 ], [ 85.4090011, 27.6727617 ], [ 85.4091509, 27.6729834 ] ] ] } },
{ "type": "Feature", "properties": { "id": "way/185944629", "name": null, "name_en": null, "name_ne": null, "highway": "primary", "surface": null, "smoothness": null, "width": "8", "lanes": null, "oneway": null, "bridge": null, "layer": null, "source": null, "adm0_pcode": "NPL", "adm0_name": "Nepal", "adm1_pcode": "NP03", "adm1_name": "Bagmati", "adm2_pcode": "NP0326", "adm2_name": "Bhaktapur", "adm3_pcode": "NP0326303", "adm3_name": "Bhaktapur", "adm4_pcode": null, "adm4_name": null, "name_latin": null, "path": "C:\\Users\\neetu\\Documents\\orimery road.geojson" }, "geometry": { "type": "MultiLineString", "coordinates": [ [ [ 85.4088623, 27.6725275 ], [ 85.4089692, 27.6727145 ] ] ] } },
{ "type": "Feature", "properties": { "id": "way/257416648", "name": null, "name_en": null, "name_ne": null, "highway": "primary", "surface": null, "smoothness": null, "width": "9", "lanes": null, "oneway": "yes", "bridge": null, "layer": null, "source": null, "adm0_pcode": "NPL", "adm0_name": "Nepal", "adm1_pcode": "NP03", "adm1_name": "Bagmati", "adm2_pcode": "NP0327", "adm2_name": "Kathmandu", "adm3_pcode": "NP0327101", "adm3_name": "Kathmandu", "adm4_pcode": null, "adm4_name": null, "name_latin": null, "path": "C:\\Users\\neetu\\Documents\\orimery road.geojson" }, "geometry": { "type": "MultiLineString", "coordinates": [ [ [ 85.3208631, 27.695065 ], [ 85.3208456, 27.6949897 ] ] ] } },
{ "type": "Feature", "properties": { "id": "way/233077460", "name": "सातदोबाटो-लगनखेल सडक", "name_en": "Satdobato-Lagankhel Road", "name_ne": "सातदोबाटो-लगनखेल सडक", "highway": "primary", "surface": "asphalt", "smoothness": null, "width": "12", "lanes": "3", "oneway": null, "bridge": null, "layer": null, "source": null, "adm0_pcode": "NPL", "adm0_name": "Nepal", "adm1_pcode": "NP03", "adm1_name": "Bagmati", "adm2_pcode": "NP0325", "adm2_name": "Lalitpur", "adm3_pcode": "NP0325101", "adm3_name": "Lalitpur", "adm4_pcode": null, "adm4_name": null, "name_latin": "Satdobato-Lagankhel Road", "path": "C:\\Users\\neetu\\Documents\\orimery road.geojson" }, "geometry": { "type": "MultiLineString", "coordinates": [ [ [ 85.3239876, 27.6644528 ], [ 85.3239576, 27.6645723 ], [ 85.3239391, 27.6648461 ], [ 85.3239329, 27.6649225 ], [ 85.3239089, 27.6653696 ], [ 85.3238469, 27.6655825 ], [ 85.3235775, 27.6664698 ], [ 85.323527, 27.6666096 ], [ 85.3235002, 27.6666702 ], [ 85.3234566, 27.6667261 ], [ 85.3233866, 27.6667759 ], [ 85.3232993, 27.6668135 ], [ 85.3232561, 27.6668267 ] ] ] } },
{ "type": "Feature", "properties": { "id": "way/1126627064", "name": null, "name_en": null, "name_ne": null, "highway": "primary", "surface": "asphalt", "smoothness": null, "width": "7", "lanes": "2", "oneway": "yes", "bridge": "yes", "layer": "1", "source": null, "adm0_pcode": "NPL", "adm0_name": "Nepal", "adm1_pcode": "NP03", "adm1_name": "Bagmati", "adm2_pcode": "NP0326", "adm2_name": "Bhaktapur", "adm3_pcode": "NP0326301", "adm3_name": "Madhyapur Thimi", "adm4_pcode": null, "adm4_name": null, "name_latin": null, "path": "C:\\Users\\neetu\\Documents\\orimery road.geojson" }, "geometry": { "type": "MultiLineString", "coordinates": [ [ [ 85.341367, 27.6727579 ], [ 85.3421708, 27.673565 ] ] ] } },
{ "type": "Feature", "properties": { "id": "way/670112943", "name": null, "name_en": null, "name_ne": null, "highway": "primary", "surface": "asphalt", "smoothness": null, "width": "7", "lanes": "2", "oneway": "yes", "bridge": "yes", "layer": "1", "source": null, "adm0_pcode": "NPL", "adm0_name": "Nepal", "adm1_pcode": "NP03", "adm1_name": "Bagmati", "adm2_pcode": "NP0326", "adm2_name": "Bhaktapur", "adm3_pcode": "NP0326301", "adm3_name": "Madhyapur Thimi", "adm4_pcode": null, "adm4_name": null, "name_latin": null, "path": "C:\\Users\\neetu\\Documents\\orimery road.geojson" }, "geometry": { "type": "MultiLineString", "coordinates": [ [ [ 85.342338, 27.6734322 ], [ 85.3415516, 27.6725934 ] ] ] } },
{ "type": "Feature", "properties": { "id": "way/27034168", "name": null, "name_en": null, "name_ne": null, "highway": "primary", "surface": null, "smoothness": null, "width": null, "lanes": null, "oneway": null, "bridge": "yes", "layer": "1", "source": null, "adm0_pcode": "NPL", "adm0_name": "Nepal", "adm1_pcode": "NP03", "adm1_name": "Bagmati", "adm2_pcode": "NP0327", "adm2_name": "Kathmandu", "adm3_pcode": "NP0327304", "adm3_name": "Gokarneshwor", "adm4_pcode": null, "adm4_name": null, "name_latin": null, "path": "C:\\Users\\neetu\\Documents\\orimery road.geojson" }, "geometry": { "type": "MultiLineString", "coordinates": [ [ [ 85.3827641, 27.7218352 ], [ 85.381973, 27.7217451 ] ] ] } },
{ "type": "Feature", "properties": { "id": "way/199430786", "name": "धापाखेल मार्ग", "name_en": "Dhapakhel Marg", "name_ne": "धापाखेल मार्ग", "highway": "primary", "surface": null, "smoothness": null, "width": "7", "lanes": null, "oneway": "no", "bridge": null, "layer": null, "source": null, "adm0_pcode": "NPL", "adm0_name": "Nepal", "adm1_pcode": "NP03", "adm1_name": "Bagmati", "adm2_pcode": "NP0325", "adm2_name": "Lalitpur", "adm3_pcode": "NP0325101", "adm3_name": "Lalitpur", "adm4_pcode": null, "adm4_name": null, "name_latin": "Dhapakhel Marg", "path": "C:\\Users\\neetu\\Documents\\orimery road.geojson" }, "geometry": { "type": "MultiLineString", "coordinates": [ [ [ 85.3255321, 27.6460346 ], [ 85.3255071, 27.646528 ], [ 85.3254132, 27.6468806 ], [ 85.3254115, 27.6472711 ], [ 85.3254518, 27.6475499 ], [ 85.325664, 27.6490459 ], [ 85.3257635, 27.6500975 ], [ 85.3257775, 27.6505296 ], [ 85.3257784, 27.6506256 ], [ 85.3257686, 27.6507487 ], [ 85.3257541, 27.65086 ], [ 85.3256914, 27.65104 ], [ 85.3255978, 27.6512008 ], [ 85.3255173, 27.6513626 ], [ 85.3254395, 27.6518987 ], [ 85.3254109, 27.6523238 ], [ 85.3254198, 27.6524273 ], [ 85.3257788, 27.6538177 ], [ 85.3258337, 27.6543913 ], [ 85.3258393, 27.6548039 ], [ 85.3258527, 27.6557388 ], [ 85.325886, 27.6566245 ], [ 85.3260098, 27.6568382 ], [ 85.326105, 27.6570026 ], [ 85.3262077, 27.6571208 ] ] ] } },
{ "type": "Feature", "properties": { "id": "way/416233664", "name": "सातदोबाटो-लगनखेल सडक", "name_en": "Satdobato-Lagankhel Road", "name_ne": "सातदोबाटो-लगनखेल सडक", "highway": "primary", "surface": "asphalt", "smoothness": null, "width": "24", "lanes": null, "oneway": "yes", "bridge": null, "layer": null, "source": null, "adm0_pcode": "NPL", "adm0_name": "Nepal", "adm1_pcode": "NP03", "adm1_name": "Bagmati", "adm2_pcode": "NP0325", "adm2_name": "Lalitpur", "adm3_pcode": "NP0325101", "adm3_name": "Lalitpur", "adm4_pcode": null, "adm4_name": null, "name_latin": "Satdobato-Lagankhel Road", "path": "C:\\Users\\neetu\\Documents\\orimery road.geojson" }, "geometry": { "type": "MultiLineString", "coordinates": [ [ [ 85.322636, 27.6670802 ], [ 85.3229088, 27.6669689 ], [ 85.3232561, 27.6668267 ] ] ] } },
{ "type": "Feature", "properties": { "id": "way/171215508", "name": "लेखनाथ सडक", "name_en": "Lekhnath Sadak", "name_ne": "लेखनाथ सडक", "highway": "primary", "surface": "asphalt", "smoothness": "excellent", "width": "14", "lanes": null, "oneway": "no", "bridge": null, "layer": null, "source": null, "adm0_pcode": "NPL", "adm0_name": "Nepal", "adm1_pcode": "NP03", "adm1_name": "Bagmati", "adm2_pcode": "NP0327", "adm2_name": "Kathmandu", "adm3_pcode": "NP0327101", "adm3_name": "Kathmandu", "adm4_pcode": null, "adm4_name": null, "name_latin": "Lekhnath Sadak", "path": "C:\\Users\\neetu\\Documents\\orimery road.geojson" }, "geometry": { "type": "MultiLineString", "coordinates": [ [ [ 85.3104693, 27.7181947 ], [ 85.310556, 27.7182139 ], [ 85.310792, 27.7182662 ], [ 85.3112896, 27.7182173 ], [ 85.3115701, 27.7181897 ], [ 85.3116904, 27.7181787 ], [ 85.3120142, 27.7181382 ], [ 85.3120749, 27.7181314 ] ] ] } },
{ "type": "Feature", "properties": { "id": "way/610849883", "name": "लेखनाथ सडक", "name_en": "Lekhnath Sadak", "name_ne": "लेखनाथ सडक", "highway": "primary", "surface": null, "smoothness": null, "width": "9", "lanes": null, "oneway": "yes", "bridge": null, "layer": null, "source": null, "adm0_pcode": "NPL", "adm0_name": "Nepal", "adm1_pcode": "NP03", "adm1_name": "Bagmati", "adm2_pcode": "NP0327", "adm2_name": "Kathmandu", "adm3_pcode": "NP0327101", "adm3_name": "Kathmandu", "adm4_pcode": null, "adm4_name": null, "name_latin": "Lekhnath Sadak", "path": "C:\\Users\\neetu\\Documents\\orimery road.geojson" }, "geometry": { "type": "MultiLineString", "coordinates": [ [ [ 85.3049852, 27.7260571 ], [ 85.3048402, 27.7261785 ], [ 85.3046925, 27.7264605 ], [ 85.3045669, 27.7267628 ], [ 85.3045442, 27.7268531 ], [ 85.3045421, 27.7269028 ] ] ] } },
{ "type": "Feature", "properties": { "id": "way/27033730", "name": "लेखनाथ सडक", "name_en": "Lekhnath Sadak", "name_ne": "लेखनाथ सडक", "highway": "primary", "surface": null, "smoothness": null, "width": "9", "lanes": null, "oneway": "yes", "bridge": null, "layer": null, "source": null, "adm0_pcode": "NPL", "adm0_name": "Nepal", "adm1_pcode": "NP03", "adm1_name": "Bagmati", "adm2_pcode": "NP0327", "adm2_name": "Kathmandu", "adm3_pcode": "NP0327101", "adm3_name": "Kathmandu", "adm4_pcode": null, "adm4_name": null, "name_latin": "Lekhnath Sadak", "path": "C:\\Users\\neetu\\Documents\\orimery road.geojson" }, "geometry": { "type": "MultiLineString", "coordinates": [ [ [ 85.3047072, 27.7269463 ], [ 85.3047079, 27.7269001 ], [ 85.3047099, 27.726826 ], [ 85.3048062, 27.7265466 ], [ 85.30495, 27.7262204 ], [ 85.3049852, 27.7260571 ] ] ] } },
{ "type": "Feature", "properties": { "id": "way/27033731", "name": null, "name_en": null, "name_ne": null, "highway": "primary", "surface": null, "smoothness": null, "width": "9", "lanes": null, "oneway": null, "bridge": "yes", "layer": "1", "source": null, "adm0_pcode": "NPL", "adm0_name": "Nepal", "adm1_pcode": "NP03", "adm1_name": "Bagmati", "adm2_pcode": "NP0327", "adm2_name": "Kathmandu", "adm3_pcode": "NP0327101", "adm3_name": "Kathmandu", "adm4_pcode": null, "adm4_name": null, "name_latin": null, "path": "C:\\Users\\neetu\\Documents\\orimery road.geojson" }, "geometry": { "type": "MultiLineString", "coordinates": [ [ [ 85.3051099, 27.7258933 ], [ 85.3054032, 27.7254322 ] ] ] } },
{ "type": "Feature", "properties": { "id": "way/231885505", "name": "लेखनाथ सडक", "name_en": "Lekhnath Sadak", "name_ne": "लेखनाथ सडक", "highway": "primary", "surface": null, "smoothness": null, "width": "9", "lanes": null, "oneway": null, "bridge": null, "layer": null, "source": null, "adm0_pcode": "NPL", "adm0_name": "Nepal", "adm1_pcode": "NP03", "adm1_name": "Bagmati", "adm2_pcode": "NP0327", "adm2_name": "Kathmandu", "adm3_pcode": "NP0327101", "adm3_name": "Kathmandu", "adm4_pcode": null, "adm4_name": null, "name_latin": "Lekhnath Sadak", "path": "C:\\Users\\neetu\\Documents\\orimery road.geojson" }, "geometry": { "type": "MultiLineString", "coordinates": [ [ [ 85.3049852, 27.7260571 ], [ 85.304997, 27.7260406 ], [ 85.3050414, 27.7259823 ], [ 85.3051099, 27.7258933 ] ] ] } },
{ "type": "Feature", "properties": { "id": "way/224842282", "name": "Kanti Lokhpath", "name_en": null, "name_ne": "कान्ति लोकपथ", "highway": "primary", "surface": null, "smoothness": null, "width": "7", "lanes": null, "oneway": "no", "bridge": null, "layer": null, "source": null, "adm0_pcode": "NPL", "adm0_name": "Nepal", "adm1_pcode": "NP03", "adm1_name": "Bagmati", "adm2_pcode": "NP0325", "adm2_name": "Lalitpur", "adm3_pcode": "NP0325101", "adm3_name": "Lalitpur", "adm4_pcode": null, "adm4_name": null, "name_latin": "Kanti Lokhpath", "path": "C:\\Users\\neetu\\Documents\\orimery road.geojson" }, "geometry": { "type": "MultiLineString", "coordinates": [ [ [ 85.3218179, 27.65465 ], [ 85.3218372, 27.6553331 ], [ 85.3218815, 27.6556035 ], [ 85.3218963, 27.6556869 ], [ 85.322009, 27.6569923 ], [ 85.3220882, 27.6571544 ], [ 85.3221459, 27.65726 ], [ 85.3223629, 27.6576493 ], [ 85.3224076, 27.6577384 ], [ 85.3224583, 27.657824 ], [ 85.3224925, 27.657898 ], [ 85.3225279, 27.6579791 ], [ 85.3225666, 27.6580626 ] ] ] } },
{ "type": "Feature", "properties": { "id": "way/1414293000", "name": null, "name_en": null, "name_ne": null, "highway": "primary", "surface": null, "smoothness": null, "width": "7", "lanes": "2", "oneway": "yes", "bridge": null, "layer": null, "source": null, "adm0_pcode": "NPL", "adm0_name": "Nepal", "adm1_pcode": "NP03", "adm1_name": "Bagmati", "adm2_pcode": "NP0327", "adm2_name": "Kathmandu", "adm3_pcode": "NP0327101", "adm3_name": "Kathmandu", "adm4_pcode": null, "adm4_name": null, "name_latin": null, "path": "C:\\Users\\neetu\\Documents\\orimery road.geojson" }, "geometry": { "type": "MultiLineString", "coordinates": [ [ [ 85.2817718, 27.6938201 ], [ 85.2818039, 27.6934719 ], [ 85.2818152, 27.6933518 ], [ 85.2818321, 27.6932017 ], [ 85.2818522, 27.6930771 ] ] ] } },
{ "type": "Feature", "properties": { "id": "way/184708632", "name": "बालाजु-सौरखुट्टे सडक", "name_en": "Balaju Sohrakhutte Sadak", "name_ne": "बालाजु-सौरखुट्टे सडक", "highway": "primary", "surface": null, "smoothness": null, "width": "14", "lanes": null, "oneway": null, "bridge": null, "layer": null, "source": null, "adm0_pcode": "NPL", "adm0_name": "Nepal", "adm1_pcode": "NP03", "adm1_name": "Bagmati", "adm2_pcode": "NP0327", "adm2_name": "Kathmandu", "adm3_pcode": "NP0327101", "adm3_name": "Kathmandu", "adm4_pcode": null, "adm4_name": null, "name_latin": "Balaju Sohrakhutte Sadak", "path": "C:\\Users\\neetu\\Documents\\orimery road.geojson" }, "geometry": { "type": "MultiLineString", "coordinates": [ [ [ 85.3054032, 27.7254322 ], [ 85.3054551, 27.7253588 ], [ 85.3061852, 27.7242808 ], [ 85.3064626, 27.7238514 ], [ 85.3064844, 27.7238177 ], [ 85.3065577, 27.7237043 ], [ 85.3068725, 27.723266 ] ] ] } },
{ "type": "Feature", "properties": { "id": "way/4847061", "name": null, "name_en": null, "name_ne": null, "highway": "primary", "surface": null, "smoothness": null, "width": "7", "lanes": null, "oneway": null, "bridge": null, "layer": null, "source": null, "adm0_pcode": "NPL", "adm0_name": "Nepal", "adm1_pcode": "NP03", "adm1_name": "Bagmati", "adm2_pcode": "NP0326", "adm2_name": "Bhaktapur", "adm3_pcode": "NP0326302", "adm3_name": "Changunarayan", "adm4_pcode": null, "adm4_name": null, "name_latin": null, "path": "C:\\Users\\neetu\\Documents\\orimery road.geojson" }, "geometry": { "type": "MultiLineString", "coordinates": [ [ [ 85.4096784, 27.6743483 ], [ 85.4096388, 27.6744423 ], [ 85.4095573, 27.6745972 ], [ 85.4092599, 27.6751643 ], [ 85.4089609, 27.6756155 ], [ 85.4085199, 27.6763768 ], [ 85.4084305, 27.6765274 ], [ 85.4081852, 27.6769406 ], [ 85.4080863, 27.6771107 ], [ 85.4079794, 27.6772877 ] ] ] } },
{ "type": "Feature", "properties": { "id": "way/27034169", "name": "जोरपाटी सडक", "name_en": "Jorpati Main Sadak", "name_ne": "जोरपाटी सडक", "highway": "primary", "surface": null, "smoothness": null, "width": "8", "lanes": null, "oneway": null, "bridge": null, "layer": null, "source": null, "adm0_pcode": "NPL", "adm0_name": "Nepal", "adm1_pcode": "NP03", "adm1_name": "Bagmati", "adm2_pcode": "NP0327", "adm2_name": "Kathmandu", "adm3_pcode": "NP0327304", "adm3_name": "Gokarneshwor", "adm4_pcode": null, "adm4_name": null, "name_latin": "Jorpati Main Sadak", "path": "C:\\Users\\neetu\\Documents\\orimery road.geojson" }, "geometry": { "type": "MultiLineString", "coordinates": [ [ [ 85.381973, 27.7217451 ], [ 85.3818651, 27.7217358 ], [ 85.3810328, 27.7216983 ], [ 85.3807999, 27.7216817 ], [ 85.3799685, 27.7215997 ], [ 85.3797952, 27.7215846 ], [ 85.3795729, 27.7215737 ], [ 85.3793682, 27.7215743 ], [ 85.378538, 27.7216225 ], [ 85.3782858, 27.7216332 ], [ 85.3780145, 27.7216549 ], [ 85.3772931, 27.7217126 ], [ 85.3770729, 27.7217303 ], [ 85.3769998, 27.7217361 ], [ 85.3767494, 27.7217544 ], [ 85.3765263, 27.7217742 ], [ 85.3762518, 27.7217946 ], [ 85.3761658, 27.7217985 ], [ 85.3759604, 27.721814 ], [ 85.3756042, 27.7218409 ], [ 85.3752126, 27.7218716 ], [ 85.3745435, 27.7219087 ], [ 85.3742459, 27.7219191 ], [ 85.3741273, 27.7219258 ], [ 85.374079, 27.7219283 ], [ 85.3738791, 27.7219295 ], [ 85.3735566, 27.7219326 ], [ 85.3733312, 27.721914 ], [ 85.3731404, 27.7218816 ], [ 85.3727909, 27.721801 ] ] ] } },
{ "type": "Feature", "properties": { "id": "way/752113717", "name": "बालाजु-सौरखुट्टे सडक", "name_en": "Balaju-Sourkhutte Sadak", "name_ne": "बालाजु-सौरखुट्टे सडक", "highway": "primary", "surface": "asphalt", "smoothness": null, "width": "14", "lanes": null, "oneway": null, "bridge": null, "layer": null, "source": null, "adm0_pcode": "NPL", "adm0_name": "Nepal", "adm1_pcode": "NP03", "adm1_name": "Bagmati", "adm2_pcode": "NP0327", "adm2_name": "Kathmandu", "adm3_pcode": "NP0327101", "adm3_name": "Kathmandu", "adm4_pcode": null, "adm4_name": null, "name_latin": "Balaju-Sourkhutte Sadak", "path": "C:\\Users\\neetu\\Documents\\orimery road.geojson" }, "geometry": { "type": "MultiLineString", "coordinates": [ [ [ 85.3092163, 27.7197521 ], [ 85.309448, 27.7194243 ], [ 85.3095412, 27.719284 ], [ 85.3095753, 27.719192 ], [ 85.3095943, 27.7191101 ], [ 85.3095996, 27.7188423 ] ] ] } },
{ "type": "Feature", "properties": { "id": "way/459779216", "name": "सातदोबाटोदेखि लगनखेलसम्म", "name_en": "Satdobato to Lagankhel", "name_ne": "सातदोबाटोदेखि लगनखेलसम्म", "highway": "primary", "surface": "asphalt", "smoothness": null, "width": "11", "lanes": null, "oneway": null, "bridge": null, "layer": null, "source": null, "adm0_pcode": "NPL", "adm0_name": "Nepal", "adm1_pcode": "NP03", "adm1_name": "Bagmati", "adm2_pcode": "NP0325", "adm2_name": "Lalitpur", "adm3_pcode": "NP0325101", "adm3_name": "Lalitpur", "adm4_pcode": null, "adm4_name": null, "name_latin": "Satdobato to Lagankhel", "path": "C:\\Users\\neetu\\Documents\\orimery road.geojson" }, "geometry": { "type": "MultiLineString", "coordinates": [ [ [ 85.3241343, 27.6596593 ], [ 85.3240918, 27.6598146 ], [ 85.3240526, 27.660046 ], [ 85.3239976, 27.6603012 ], [ 85.3237888, 27.6613543 ], [ 85.3237724, 27.6614472 ], [ 85.323758, 27.6615288 ], [ 85.3237488, 27.661584 ], [ 85.3237446, 27.6616693 ], [ 85.3237478, 27.661744 ], [ 85.3237615, 27.6618469 ], [ 85.3237861, 27.6619461 ], [ 85.3239273, 27.6624565 ] ] ] } },
{ "type": "Feature", "properties": { "id": "way/777629769", "name": null, "name_en": null, "name_ne": null, "highway": "primary", "surface": null, "smoothness": null, "width": "7", "lanes": "2", "oneway": "yes", "bridge": "yes", "layer": "1", "source": null, "adm0_pcode": "NPL", "adm0_name": "Nepal", "adm1_pcode": "NP03", "adm1_name": "Bagmati", "adm2_pcode": "NP0327", "adm2_name": "Kathmandu", "adm3_pcode": "NP0327101", "adm3_name": "Kathmandu", "adm4_pcode": null, "adm4_name": null, "name_latin": null, "path": "C:\\Users\\neetu\\Documents\\orimery road.geojson" }, "geometry": { "type": "MultiLineString", "coordinates": [ [ [ 85.2836834, 27.6901563 ], [ 85.2840464, 27.6896089 ] ] ] } },
{ "type": "Feature", "properties": { "id": "way/126552260", "name": "BHAKTAPUR NALA ROAD (GANESHMAN MARG)", "name_en": null, "name_ne": null, "highway": "primary", "surface": null, "smoothness": null, "width": "6", "lanes": null, "oneway": "no", "bridge": null, "layer": null, "source": null, "adm0_pcode": "NPL", "adm0_name": "Nepal", "adm1_pcode": "NP03", "adm1_name": "Bagmati", "adm2_pcode": "NP0326", "adm2_name": "Bhaktapur", "adm3_pcode": "NP0326302", "adm3_name": "Changunarayan", "adm4_pcode": null, "adm4_name": null, "name_latin": "BHAKTAPUR NALA ROAD (GANESHMAN MARG)", "path": "C:\\Users\\neetu\\Documents\\orimery road.geojson" }, "geometry": { "type": "MultiLineString", "coordinates": [ [ [ 85.4480463, 27.6734608 ], [ 85.4485697, 27.673379 ], [ 85.4489918, 27.6733417 ], [ 85.4509366, 27.6731506 ], [ 85.4509661, 27.6731519 ], [ 85.4512145, 27.673163 ], [ 85.4516397, 27.6733234 ], [ 85.4519516, 27.6734753 ], [ 85.4520756, 27.6734883 ], [ 85.4524376, 27.673403 ], [ 85.4525759, 27.6733685 ], [ 85.4534389, 27.673135 ], [ 85.4538889, 27.6730132 ], [ 85.4541364, 27.6729174 ], [ 85.4547103, 27.6726317 ], [ 85.4548238, 27.6725879 ], [ 85.4550022, 27.6725851 ], [ 85.4551903, 27.6726025 ], [ 85.4559168, 27.6724616 ], [ 85.4566115, 27.6723143 ], [ 85.4569066, 27.6722312 ], [ 85.4570138, 27.6721956 ], [ 85.4572821, 27.6721362 ], [ 85.4579151, 27.6720174 ], [ 85.4581515, 27.6719497 ], [ 85.4583706, 27.6718868 ], [ 85.4584622, 27.6718606 ], [ 85.4589343, 27.6717062 ], [ 85.4591086, 27.6716468 ], [ 85.4592535, 27.6715898 ], [ 85.4596183, 27.6714663 ], [ 85.4598723, 27.6713954 ], [ 85.4600447, 27.6713499 ], [ 85.4603564, 27.6713028 ], [ 85.4606461, 27.671222 ], [ 85.4609599, 27.671108 ], [ 85.4611525, 27.6709912 ], [ 85.4612839, 27.6709081 ], [ 85.4614172, 27.6708621 ], [ 85.461609, 27.6708491 ], [ 85.4618866, 27.6708407 ], [ 85.4621173, 27.6708039 ], [ 85.4624164, 27.670697 ], [ 85.4625599, 27.6706115 ], [ 85.4626618, 27.6704856 ], [ 85.4627404, 27.670243 ], [ 85.4628369, 27.6699935 ], [ 85.4629362, 27.6698391 ], [ 85.4630434, 27.669718 ], [ 85.4632298, 27.6695518 ], [ 85.4633952, 27.6694102 ], [ 85.4635182, 27.6693308 ], [ 85.4637113, 27.6692405 ], [ 85.4639406, 27.66914 ], [ 85.4641154, 27.6690875 ], [ 85.4642478, 27.6690861 ], [ 85.4645453, 27.6690827 ], [ 85.4649687, 27.6690794 ], [ 85.465507, 27.6691113 ], [ 85.4657871, 27.6690755 ], [ 85.4659665, 27.6690121 ], [ 85.4662218, 27.6689157 ], [ 85.4663032, 27.6688884 ], [ 85.4663603, 27.6688844 ], [ 85.4665105, 27.6688857 ], [ 85.4666115, 27.6689067 ], [ 85.4667048, 27.6689495 ], [ 85.4667936, 27.6689445 ] ] ] } },
{ "type": "Feature", "properties": { "id": "way/610849884", "name": "लेखनाथ सडक", "name_en": "Lekhnath Sadak", "name_ne": "लेखनाथ सडक", "highway": "primary", "surface": null, "smoothness": null, "width": "4.5", "lanes": null, "oneway": "yes", "bridge": null, "layer": null, "source": null, "adm0_pcode": "NPL", "adm0_name": "Nepal", "adm1_pcode": "NP03", "adm1_name": "Bagmati", "adm2_pcode": "NP0327", "adm2_name": "Kathmandu", "adm3_pcode": "NP0327101", "adm3_name": "Kathmandu", "adm4_pcode": null, "adm4_name": null, "name_latin": "Lekhnath Sadak", "path": "C:\\Users\\neetu\\Documents\\orimery road.geojson" }, "geometry": { "type": "MultiLineString", "coordinates": [ [ [ 85.3044854, 27.7273399 ], [ 85.3046024, 27.7271611 ] ] ] } },
{ "type": "Feature", "properties": { "id": "way/1414293184", "name": "रिंग रोड", "name_en": "Ring Road", "name_ne": "रिंग रोड", "highway": "primary", "surface": "paved", "smoothness": null, "width": "9", "lanes": "2", "oneway": "yes", "bridge": null, "layer": null, "source": null, "adm0_pcode": "NPL", "adm0_name": "Nepal", "adm1_pcode": "NP03", "adm1_name": "Bagmati", "adm2_pcode": "NP0327", "adm2_name": "Kathmandu", "adm3_pcode": "NP0327305", "adm3_name": "Nagarjun", "adm4_pcode": null, "adm4_name": null, "name_latin": "Ring Road", "path": "C:\\Users\\neetu\\Documents\\orimery road.geojson" }, "geometry": { "type": "MultiLineString", "coordinates": [ [ [ 85.2815116, 27.6936319 ], [ 85.2814714, 27.6943289 ], [ 85.2814605, 27.6946467 ], [ 85.2814164, 27.6956598 ], [ 85.281402, 27.6959593 ], [ 85.2814055, 27.6962024 ], [ 85.2813989, 27.6964885 ], [ 85.2814201, 27.6969243 ] ] ] } },
{ "type": "Feature", "properties": { "id": "way/610849880", "name": "लेखनाथ सडक", "name_en": "Lekhnath Sadak", "name_ne": "लेखनाथ सडक", "highway": "primary", "surface": null, "smoothness": null, "width": "4.5", "lanes": null, "oneway": "yes", "bridge": null, "layer": null, "source": null, "adm0_pcode": "NPL", "adm0_name": "Nepal", "adm1_pcode": "NP03", "adm1_name": "Bagmati", "adm2_pcode": "NP0327", "adm2_name": "Kathmandu", "adm3_pcode": "NP0327101", "adm3_name": "Kathmandu", "adm4_pcode": null, "adm4_name": null, "name_latin": "Lekhnath Sadak", "path": "C:\\Users\\neetu\\Documents\\orimery road.geojson" }, "geometry": { "type": "MultiLineString", "coordinates": [ [ [ 85.304469, 27.7271079 ], [ 85.3044793, 27.7271865 ], [ 85.3044867, 27.7272503 ], [ 85.3044854, 27.7273399 ] ] ] } },
{ "type": "Feature", "properties": { "id": "way/653848617", "name": null, "name_en": null, "name_ne": null, "highway": "primary", "surface": null, "smoothness": null, "width": "7", "lanes": "2", "oneway": "yes", "bridge": null, "layer": null, "source": null, "adm0_pcode": "NPL", "adm0_name": "Nepal", "adm1_pcode": "NP03", "adm1_name": "Bagmati", "adm2_pcode": "NP0327", "adm2_name": "Kathmandu", "adm3_pcode": "NP0327305", "adm3_name": "Nagarjun", "adm4_pcode": null, "adm4_name": null, "name_latin": null, "path": "C:\\Users\\neetu\\Documents\\orimery road.geojson" }, "geometry": { "type": "MultiLineString", "coordinates": [ [ [ 85.2814201, 27.6969243 ], [ 85.2815169, 27.6969248 ], [ 85.2815898, 27.6965977 ], [ 85.2816081, 27.6965159 ], [ 85.2816322, 27.6962131 ], [ 85.2816496, 27.6960374 ], [ 85.2816571, 27.6954828 ], [ 85.2817141, 27.6946564 ], [ 85.2817469, 27.6942761 ], [ 85.2817718, 27.6938201 ] ] ] } },
{ "type": "Feature", "properties": { "id": "way/137569858", "name": null, "name_en": null, "name_ne": null, "highway": "primary", "surface": "asphalt", "smoothness": null, "width": "8", "lanes": "2", "oneway": "no", "bridge": null, "layer": null, "source": null, "adm0_pcode": "NPL", "adm0_name": "Nepal", "adm1_pcode": "NP03", "adm1_name": "Bagmati", "adm2_pcode": "NP0326", "adm2_name": "Bhaktapur", "adm3_pcode": "NP0326303", "adm3_name": "Bhaktapur", "adm4_pcode": null, "adm4_name": null, "name_latin": null, "path": "C:\\Users\\neetu\\Documents\\orimery road.geojson" }, "geometry": { "type": "MultiLineString", "coordinates": [ [ [ 85.4144473, 27.6718031 ], [ 85.4142608, 27.671882 ], [ 85.4140628, 27.6719988 ], [ 85.4137557, 27.6721857 ], [ 85.4136416, 27.6722455 ], [ 85.4127576, 27.6726812 ], [ 85.4123121, 27.6728837 ], [ 85.4120884, 27.672982 ], [ 85.4116944, 27.6731671 ], [ 85.4113041, 27.6733348 ], [ 85.4109052, 27.673528 ], [ 85.4104694, 27.6737365 ], [ 85.4102187, 27.6738624 ], [ 85.4100799, 27.673936 ], [ 85.4100084, 27.6739731 ] ] ] } },
{ "type": "Feature", "properties": { "id": "way/126549737", "name": null, "name_en": null, "name_ne": null, "highway": "primary", "surface": null, "smoothness": null, "width": "7", "lanes": null, "oneway": null, "bridge": null, "layer": null, "source": null, "adm0_pcode": "NPL", "adm0_name": "Nepal", "adm1_pcode": "NP03", "adm1_name": "Bagmati", "adm2_pcode": "NP0326", "adm2_name": "Bhaktapur", "adm3_pcode": "NP0326304", "adm3_name": "Suryabinayak", "adm4_pcode": null, "adm4_name": null, "name_latin": null, "path": "C:\\Users\\neetu\\Documents\\orimery road.geojson" }, "geometry": { "type": "MultiLineString", "coordinates": [ [ [ 85.4364784, 27.6664979 ], [ 85.4364574, 27.6666346 ], [ 85.4364568, 27.667002 ], [ 85.4364588, 27.6671767 ], [ 85.4364638, 27.6672399 ], [ 85.4364762, 27.6673069 ], [ 85.4364985, 27.6673721 ], [ 85.436535, 27.6674392 ], [ 85.4365828, 27.6675082 ], [ 85.4366498, 27.6675845 ], [ 85.4370566, 27.6680686 ], [ 85.4371101, 27.6681535 ], [ 85.4371793, 27.6683045 ], [ 85.4372376, 27.6684751 ], [ 85.4372832, 27.6686292 ], [ 85.437321, 27.6687482 ] ] ] } },
{ "type": "Feature", "properties": { "id": "way/1250222189", "name": "Satdobato-Godawari Road", "name_en": null, "name_ne": null, "highway": "primary", "surface": null, "smoothness": null, "width": "11", "lanes": null, "oneway": null, "bridge": null, "layer": null, "source": null, "adm0_pcode": "NPL", "adm0_name": "Nepal", "adm1_pcode": "NP03", "adm1_name": "Bagmati", "adm2_pcode": "NP0325", "adm2_name": "Lalitpur", "adm3_pcode": "NP0325101", "adm3_name": "Lalitpur", "adm4_pcode": null, "adm4_name": null, "name_latin": "Satdobato-Godawari Road", "path": "C:\\Users\\neetu\\Documents\\orimery road.geojson" }, "geometry": { "type": "MultiLineString", "coordinates": [ [ [ 85.340507, 27.6377908 ], [ 85.3404775, 27.637849 ], [ 85.3404033, 27.638021 ], [ 85.3398604, 27.6390083 ], [ 85.3398357, 27.6390522 ], [ 85.3398172, 27.639086 ], [ 85.3397435, 27.6392155 ], [ 85.3397005, 27.6393296 ], [ 85.3396584, 27.6394169 ], [ 85.3395212, 27.6397018 ], [ 85.3394706, 27.639807 ], [ 85.3390823, 27.640767 ], [ 85.3388442, 27.6413368 ], [ 85.3387605, 27.6415369 ], [ 85.338735, 27.6416098 ], [ 85.3383648, 27.642516 ], [ 85.3383469, 27.6425626 ], [ 85.33814, 27.643069 ], [ 85.3380891, 27.6431859 ], [ 85.3379872, 27.6434044 ], [ 85.3376357, 27.6442599 ], [ 85.3374929, 27.6446414 ], [ 85.337331, 27.6450459 ], [ 85.3372277, 27.6453297 ], [ 85.3371762, 27.6454713 ], [ 85.3369914, 27.6460294 ], [ 85.3368894, 27.6463685 ], [ 85.3367447, 27.6468861 ], [ 85.3366516, 27.6472628 ], [ 85.3366215, 27.6473563 ], [ 85.3365774, 27.6474332 ], [ 85.3364676, 27.64753 ], [ 85.3362072, 27.6476923 ] ] ] } },
{ "type": "Feature", "properties": { "id": "way/335627851", "name": null, "name_en": null, "name_ne": null, "highway": "primary", "surface": null, "smoothness": null, "width": "6", "lanes": null, "oneway": null, "bridge": null, "layer": null, "source": null, "adm0_pcode": "NPL", "adm0_name": "Nepal", "adm1_pcode": "NP03", "adm1_name": "Bagmati", "adm2_pcode": "NP0327", "adm2_name": "Kathmandu", "adm3_pcode": "NP0327304", "adm3_name": "Gokarneshwor", "adm4_pcode": null, "adm4_name": null, "name_latin": null, "path": "C:\\Users\\neetu\\Documents\\orimery road.geojson" }, "geometry": { "type": "MultiLineString", "coordinates": [ [ [ 85.3935874, 27.7128787 ], [ 85.393577, 27.7127329 ], [ 85.3935971, 27.7126562 ], [ 85.393665, 27.7125817 ], [ 85.3936915, 27.7125094 ], [ 85.3937027, 27.7123939 ], [ 85.3937077, 27.7118596 ], [ 85.3936908, 27.7116739 ], [ 85.3936271, 27.711349 ], [ 85.3935618, 27.7112009 ], [ 85.393519, 27.7110032 ], [ 85.3935394, 27.7108914 ], [ 85.3936099, 27.7107627 ], [ 85.3936468, 27.7107022 ], [ 85.3937617, 27.710556 ], [ 85.3938315, 27.7103828 ], [ 85.3938532, 27.7102953 ], [ 85.3938673, 27.7102284 ], [ 85.3939183, 27.7095604 ], [ 85.3939393, 27.7089391 ], [ 85.3939283, 27.7088522 ], [ 85.3939425, 27.7087465 ], [ 85.3940449, 27.7084391 ], [ 85.39407, 27.7082999 ], [ 85.3941264, 27.7080884 ], [ 85.3942213, 27.7078037 ], [ 85.3942281, 27.7072963 ], [ 85.3942294, 27.7072719 ], [ 85.3942402, 27.7068783 ], [ 85.3942585, 27.7067352 ], [ 85.3942804, 27.7066176 ], [ 85.3943132, 27.7065074 ], [ 85.3943205, 27.7064854 ] ] ] } },
{ "type": "Feature", "properties": { "id": "way/411010570", "name": null, "name_en": null, "name_ne": null, "highway": "primary", "surface": "asphalt", "smoothness": null, "width": "12", "lanes": null, "oneway": null, "bridge": null, "layer": null, "source": null, "adm0_pcode": "NPL", "adm0_name": "Nepal", "adm1_pcode": "NP03", "adm1_name": "Bagmati", "adm2_pcode": "NP0325", "adm2_name": "Lalitpur", "adm3_pcode": "NP0325101", "adm3_name": "Lalitpur", "adm4_pcode": null, "adm4_name": null, "name_latin": null, "path": "C:\\Users\\neetu\\Documents\\orimery road.geojson" }, "geometry": { "type": "MultiLineString", "coordinates": [ [ [ 85.3239273, 27.6624565 ], [ 85.3241058, 27.6630867 ], [ 85.3243305, 27.6638441 ], [ 85.3243146, 27.6639638 ], [ 85.324319, 27.6640228 ], [ 85.3242128, 27.664133 ], [ 85.3241145, 27.6642728 ], [ 85.3239876, 27.6644528 ] ] ] } },
{ "type": "Feature", "properties": { "id": "way/777629767", "name": null, "name_en": null, "name_ne": null, "highway": "primary", "surface": null, "smoothness": null, "width": "7", "lanes": "2", "oneway": "yes", "bridge": null, "layer": null, "source": null, "adm0_pcode": "NPL", "adm0_name": "Nepal", "adm1_pcode": "NP03", "adm1_name": "Bagmati", "adm2_pcode": "NP0327", "adm2_name": "Kathmandu", "adm3_pcode": "NP0327101", "adm3_name": "Kathmandu", "adm4_pcode": null, "adm4_name": null, "name_latin": null, "path": "C:\\Users\\neetu\\Documents\\orimery road.geojson" }, "geometry": { "type": "MultiLineString", "coordinates": [ [ [ 85.2834764, 27.6900299 ], [ 85.2833889, 27.6901564 ] ] ] } },
{ "type": "Feature", "properties": { "id": "way/670112944", "name": null, "name_en": null, "name_ne": null, "highway": "primary", "surface": "asphalt", "smoothness": null, "width": "7", "lanes": "2", "oneway": "yes", "bridge": null, "layer": null, "source": null, "adm0_pcode": "NPL", "adm0_name": "Nepal", "adm1_pcode": "NP03", "adm1_name": "Bagmati", "adm2_pcode": "NP0326", "adm2_name": "Bhaktapur", "adm3_pcode": "NP0326301", "adm3_name": "Madhyapur Thimi", "adm4_pcode": null, "adm4_name": null, "name_latin": null, "path": "C:\\Users\\neetu\\Documents\\orimery road.geojson" }, "geometry": { "type": "MultiLineString", "coordinates": [ [ [ 85.3486957, 27.6781465 ], [ 85.3485684, 27.6780565 ], [ 85.3479326, 27.6776481 ], [ 85.3476573, 27.6774685 ], [ 85.3464827, 27.6766915 ], [ 85.345032, 27.6757398 ], [ 85.3446027, 27.6754428 ], [ 85.3442757, 27.6751928 ], [ 85.3440832, 27.6750385 ], [ 85.3438997, 27.6748833 ], [ 85.3437321, 27.6747337 ], [ 85.3433845, 27.6744047 ], [ 85.3430465, 27.6740901 ], [ 85.3428014, 27.6738607 ], [ 85.3426501, 27.6737334 ], [ 85.3425817, 27.6736709 ], [ 85.3424937, 27.6735919 ], [ 85.3423972, 27.6734992 ], [ 85.342338, 27.6734322 ] ] ] } },
{ "type": "Feature", "properties": { "id": "way/32087698", "name": "Kanti Lokhpath", "name_en": null, "name_ne": "कान्ति लोकपथ", "highway": "primary", "surface": "asphalt", "smoothness": null, "width": null, "lanes": null, "oneway": null, "bridge": null, "layer": null, "source": null, "adm0_pcode": "NPL", "adm0_name": "Nepal", "adm1_pcode": "NP03", "adm1_name": "Bagmati", "adm2_pcode": "NP0325", "adm2_name": "Lalitpur", "adm3_pcode": "NP0325301", "adm3_name": "Godawari", "adm4_pcode": null, "adm4_name": null, "name_latin": "Kanti Lokhpath", "path": "C:\\Users\\neetu\\Documents\\orimery road.geojson" }, "geometry": { "type": "MultiLineString", "coordinates": [ [ [ 85.3191361, 27.5868728 ], [ 85.3184687, 27.587056 ], [ 85.3177913, 27.5873316 ], [ 85.3175432, 27.5873955 ], [ 85.3173922, 27.5874025 ], [ 85.3170328, 27.5873177 ], [ 85.3167393, 27.5871969 ], [ 85.3165556, 27.5869952 ], [ 85.3164598, 27.5868473 ], [ 85.3164216, 27.5867182 ], [ 85.3164151, 27.5864665 ], [ 85.3163695, 27.5862811 ], [ 85.3162569, 27.5861812 ], [ 85.3160235, 27.5861123 ], [ 85.3157097, 27.5860196 ], [ 85.315412, 27.5858365 ], [ 85.3151679, 27.5855869 ], [ 85.3148159, 27.5852537 ], [ 85.3146556, 27.5847905 ], [ 85.3145564, 27.584655 ], [ 85.3143574, 27.5845958 ], [ 85.3142004, 27.5845759 ], [ 85.3140263, 27.5846148 ], [ 85.3139146, 27.5846158 ], [ 85.3136772, 27.5845967 ], [ 85.3133681, 27.5846098 ], [ 85.3131697, 27.5845837 ], [ 85.3130409, 27.584529 ], [ 85.3129417, 27.584403 ], [ 85.3129175, 27.5842699 ], [ 85.3129414, 27.5841408 ], [ 85.3129953, 27.5839137 ], [ 85.3130484, 27.58375 ], [ 85.3131402, 27.5835852 ], [ 85.3132501, 27.583483 ], [ 85.3133467, 27.5834283 ], [ 85.3134325, 27.5833665 ], [ 85.3135049, 27.5832809 ], [ 85.3135049, 27.5831264 ], [ 85.3134379, 27.5830099 ], [ 85.3132957, 27.582853 ], [ 85.3132072, 27.5826889 ], [ 85.3130811, 27.582601 ], [ 85.3128612, 27.5825178 ], [ 85.3125098, 27.5823395 ], [ 85.3123416, 27.582073 ], [ 85.3123033, 27.5819008 ], [ 85.3122438, 27.5816553 ], [ 85.3122228, 27.5813433 ], [ 85.3122121, 27.5812364 ], [ 85.3122175, 27.5810985 ], [ 85.3121611, 27.5807609 ], [ 85.3120746, 27.5804163 ], [ 85.3120782, 27.5802493 ], [ 85.3120748, 27.580163 ], [ 85.3121002, 27.5800617 ], [ 85.3121799, 27.5799502 ], [ 85.3122282, 27.579886 ], [ 85.3122658, 27.5797909 ], [ 85.3122309, 27.579691 ], [ 85.3121558, 27.5795769 ], [ 85.3120378, 27.5794153 ], [ 85.3119707, 27.5793321 ], [ 85.3119039, 27.5791257 ], [ 85.3118795, 27.5789189 ], [ 85.3119071, 27.5787951 ], [ 85.3119687, 27.5786897 ], [ 85.3121438, 27.5785032 ], [ 85.3122666, 27.5783111 ], [ 85.3123276, 27.5781827 ], [ 85.312533, 27.5778767 ], [ 85.3126808, 27.5776587 ], [ 85.3129994, 27.577192 ], [ 85.3130705, 27.5769461 ], [ 85.3130969, 27.5767999 ], [ 85.3131835, 27.5765427 ], [ 85.3132206, 27.5764372 ], [ 85.3132676, 27.5762942 ], [ 85.3134095, 27.5761344 ], [ 85.3136727, 27.5759332 ], [ 85.3139457, 27.5757244 ], [ 85.3142214, 27.5754391 ], [ 85.3143343, 27.5753469 ], [ 85.3144146, 27.5752746 ], [ 85.3148498, 27.5751135 ], [ 85.3150247, 27.5750389 ], [ 85.315156, 27.5750143 ], [ 85.3152575, 27.5749952 ], [ 85.3153069, 27.5749757 ], [ 85.3153457, 27.574913 ], [ 85.3152881, 27.5748852 ], [ 85.3152188, 27.5748934 ], [ 85.315129, 27.5749006 ], [ 85.3147482, 27.5749644 ], [ 85.3144099, 27.5750533 ], [ 85.3140727, 27.5752791 ], [ 85.3139475, 27.5754069 ], [ 85.313808, 27.5753531 ], [ 85.3136273, 27.5753333 ], [ 85.3132109, 27.5751721 ], [ 85.3131588, 27.575194 ], [ 85.3130937, 27.5752285 ], [ 85.3130537, 27.5752985 ], [ 85.313031, 27.5754219 ], [ 85.3130034, 27.5755459 ], [ 85.3129714, 27.5756515 ] ] ] } },
{ "type": "Feature", "properties": { "id": "way/32133151", "name": "Sankhu Road", "name_en": null, "name_ne": null, "highway": "primary", "surface": null, "smoothness": null, "width": "7", "lanes": null, "oneway": null, "bridge": "yes", "layer": "1", "source": null, "adm0_pcode": "NPL", "adm0_name": "Nepal", "adm1_pcode": "NP03", "adm1_name": "Bagmati", "adm2_pcode": "NP0327", "adm2_name": "Kathmandu", "adm3_pcode": "NP0327307", "adm3_name": "Shankharapur", "adm4_pcode": null, "adm4_name": null, "name_latin": "Sankhu Road", "path": "C:\\Users\\neetu\\Documents\\orimery road.geojson" }, "geometry": { "type": "MultiLineString", "coordinates": [ [ [ 85.4456813, 27.7291571 ], [ 85.4462023, 27.729086 ] ] ] } },
{ "type": "Feature", "properties": { "id": "way/24667562", "name": "बालाजु-सौरखुट्टे सडक", "name_en": "Balaju-Sourkhutte Sadak", "name_ne": "बालाजु-सौरखुट्टे सडक", "highway": "primary", "surface": null, "smoothness": null, "width": "14", "lanes": null, "oneway": null, "bridge": null, "layer": null, "source": null, "adm0_pcode": "NPL", "adm0_name": "Nepal", "adm1_pcode": "NP03", "adm1_name": "Bagmati", "adm2_pcode": "NP0327", "adm2_name": "Kathmandu", "adm3_pcode": "NP0327101", "adm3_name": "Kathmandu", "adm4_pcode": null, "adm4_name": null, "name_latin": "Balaju-Sourkhutte Sadak", "path": "C:\\Users\\neetu\\Documents\\orimery road.geojson" }, "geometry": { "type": "MultiLineString", "coordinates": [ [ [ 85.3068725, 27.723266 ], [ 85.307353, 27.7225373 ], [ 85.3078307, 27.7218562 ], [ 85.3085676, 27.720777 ], [ 85.3086554, 27.7206401 ], [ 85.3092163, 27.7197521 ] ] ] } },
{ "type": "Feature", "properties": { "id": "way/1414293185", "name": "रिंग रोड", "name_en": "Ring Road", "name_ne": "रिंग रोड", "highway": "primary", "surface": "paved", "smoothness": null, "width": "9", "lanes": "2", "oneway": "yes", "bridge": null, "layer": null, "source": null, "adm0_pcode": "NPL", "adm0_name": "Nepal", "adm1_pcode": "NP03", "adm1_name": "Bagmati", "adm2_pcode": "NP0327", "adm2_name": "Kathmandu", "adm3_pcode": "NP0327101", "adm3_name": "Kathmandu", "adm4_pcode": null, "adm4_name": null, "name_latin": "Ring Road", "path": "C:\\Users\\neetu\\Documents\\orimery road.geojson" }, "geometry": { "type": "MultiLineString", "coordinates": [ [ [ 85.2816591, 27.6927992 ], [ 85.2816208, 27.6929294 ], [ 85.2815544, 27.6931554 ], [ 85.281534, 27.6932947 ], [ 85.2815116, 27.6936319 ] ] ] } },
{ "type": "Feature", "properties": { "id": "way/215506634", "name": "महाराजगञ्ज सडक", "name_en": "Maharajganj Sadak", "name_ne": "महाराजगञ्ज सडक", "highway": "primary", "surface": "asphalt", "smoothness": "intermediate", "width": "14", "lanes": "2", "oneway": null, "bridge": null, "layer": null, "source": null, "adm0_pcode": "NPL", "adm0_name": "Nepal", "adm1_pcode": "NP03", "adm1_name": "Bagmati", "adm2_pcode": "NP0327", "adm2_name": "Kathmandu", "adm3_pcode": "NP0327101", "adm3_name": "Kathmandu", "adm4_pcode": null, "adm4_name": null, "name_latin": "Maharajganj Sadak", "path": "C:\\Users\\neetu\\Documents\\orimery road.geojson" }, "geometry": { "type": "MultiLineString", "coordinates": [ [ [ 85.3370373, 27.7399128 ], [ 85.3365699, 27.7394247 ], [ 85.3363863, 27.739212 ], [ 85.3362694, 27.7390818 ], [ 85.3361693, 27.7389885 ], [ 85.3360572, 27.7388899 ], [ 85.3358973, 27.738761 ], [ 85.3355438, 27.7384704 ], [ 85.3354831, 27.7384205 ], [ 85.3353991, 27.7383515 ], [ 85.3352725, 27.7382476 ], [ 85.3346215, 27.7376871 ], [ 85.3343241, 27.737441 ], [ 85.3340093, 27.7371691 ], [ 85.3338701, 27.7370608 ], [ 85.3335567, 27.7368169 ], [ 85.333091, 27.7364332 ], [ 85.3327335, 27.7361391 ], [ 85.3324175, 27.7358808 ], [ 85.3322804, 27.7357687 ], [ 85.3311191, 27.7348215 ], [ 85.3310239, 27.7347475 ], [ 85.3307342, 27.73451 ] ] ] } },
{ "type": "Feature", "properties": { "id": "way/777629768", "name": null, "name_en": null, "name_ne": null, "highway": "primary", "surface": null, "smoothness": null, "width": "7", "lanes": "2", "oneway": "yes", "bridge": "yes", "layer": "1", "source": null, "adm0_pcode": "NPL", "adm0_name": "Nepal", "adm1_pcode": "NP03", "adm1_name": "Bagmati", "adm2_pcode": "NP0327", "adm2_name": "Kathmandu", "adm3_pcode": "NP0327101", "adm3_name": "Kathmandu", "adm4_pcode": null, "adm4_name": null, "name_latin": null, "path": "C:\\Users\\neetu\\Documents\\orimery road.geojson" }, "geometry": { "type": "MultiLineString", "coordinates": [ [ [ 85.2838459, 27.689484 ], [ 85.2834764, 27.6900299 ] ] ] } },
{ "type": "Feature", "properties": { "id": "way/329762128", "name": null, "name_en": null, "name_ne": null, "highway": "primary", "surface": null, "smoothness": null, "width": "6", "lanes": "2", "oneway": "yes", "bridge": null, "layer": null, "source": null, "adm0_pcode": "NPL", "adm0_name": "Nepal", "adm1_pcode": "NP03", "adm1_name": "Bagmati", "adm2_pcode": "NP0325", "adm2_name": "Lalitpur", "adm3_pcode": "NP0325101", "adm3_name": "Lalitpur", "adm4_pcode": null, "adm4_name": null, "name_latin": null, "path": "C:\\Users\\neetu\\Documents\\orimery road.geojson" }, "geometry": { "type": "MultiLineString", "coordinates": [ [ [ 85.3271347, 27.6607226 ], [ 85.3274352, 27.6611018 ], [ 85.3277214, 27.6614518 ] ] ] } },
{ "type": "Feature", "properties": { "id": "way/1091877756", "name": null, "name_en": null, "name_ne": null, "highway": "primary", "surface": null, "smoothness": null, "width": "7", "lanes": "2", "oneway": "yes", "bridge": null, "layer": null, "source": null, "adm0_pcode": "NPL", "adm0_name": "Nepal", "adm1_pcode": "NP03", "adm1_name": "Bagmati", "adm2_pcode": "NP0327", "adm2_name": "Kathmandu", "adm3_pcode": "NP0327101", "adm3_name": "Kathmandu", "adm4_pcode": null, "adm4_name": null, "name_latin": null, "path": "C:\\Users\\neetu\\Documents\\orimery road.geojson" }, "geometry": { "type": "MultiLineString", "coordinates": [ [ [ 85.2839565, 27.6893155 ], [ 85.2838459, 27.689484 ] ] ] } },
{ "type": "Feature", "properties": { "id": "way/1091877757", "name": null, "name_en": null, "name_ne": null, "highway": "primary", "surface": null, "smoothness": null, "width": "7", "lanes": null, "oneway": "yes", "bridge": null, "layer": null, "source": null, "adm0_pcode": "NPL", "adm0_name": "Nepal", "adm1_pcode": "NP03", "adm1_name": "Bagmati", "adm2_pcode": "NP0327", "adm2_name": "Kathmandu", "adm3_pcode": "NP0327101", "adm3_name": "Kathmandu", "adm4_pcode": null, "adm4_name": null, "name_latin": null, "path": "C:\\Users\\neetu\\Documents\\orimery road.geojson" }, "geometry": { "type": "MultiLineString", "coordinates": [ [ [ 85.2840464, 27.6896089 ], [ 85.2841418, 27.6894603 ] ] ] } },
{ "type": "Feature", "properties": { "id": "way/1091877758", "name": null, "name_en": null, "name_ne": null, "highway": "primary", "surface": null, "smoothness": null, "width": "7", "lanes": "2", "oneway": "yes", "bridge": null, "layer": null, "source": null, "adm0_pcode": "NPL", "adm0_name": "Nepal", "adm1_pcode": "NP03", "adm1_name": "Bagmati", "adm2_pcode": "NP0327", "adm2_name": "Kathmandu", "adm3_pcode": "NP0327101", "adm3_name": "Kathmandu", "adm4_pcode": null, "adm4_name": null, "name_latin": null, "path": "C:\\Users\\neetu\\Documents\\orimery road.geojson" }, "geometry": { "type": "MultiLineString", "coordinates": [ [ [ 85.2841418, 27.6894603 ], [ 85.2841839, 27.6894146 ], [ 85.2843841, 27.6892175 ], [ 85.2845706, 27.6890657 ], [ 85.2847349, 27.6889475 ], [ 85.2848509, 27.6888685 ], [ 85.2849769, 27.6888008 ], [ 85.2851888, 27.6887142 ], [ 85.2854058, 27.6886692 ], [ 85.2858139, 27.6886076 ], [ 85.2861588, 27.6885555 ] ] ] } },
{ "type": "Feature", "properties": { "id": "way/1091658646", "name": null, "name_en": null, "name_ne": null, "highway": "primary", "surface": "asphalt", "smoothness": null, "width": "5", "lanes": "2", "oneway": "yes", "bridge": null, "layer": null, "source": null, "adm0_pcode": "NPL", "adm0_name": "Nepal", "adm1_pcode": "NP03", "adm1_name": "Bagmati", "adm2_pcode": "NP0325", "adm2_name": "Lalitpur", "adm3_pcode": "NP0325101", "adm3_name": "Lalitpur", "adm4_pcode": null, "adm4_name": null, "name_latin": null, "path": "C:\\Users\\neetu\\Documents\\orimery road.geojson" }, "geometry": { "type": "MultiLineString", "coordinates": [ [ [ 85.3183221, 27.6614497 ], [ 85.3189428, 27.6609696 ], [ 85.3192284, 27.6607287 ], [ 85.3194045, 27.6605814 ], [ 85.319651, 27.660386 ], [ 85.3199331, 27.6601579 ], [ 85.3208876, 27.6593962 ], [ 85.3209933, 27.6593052 ], [ 85.3218871, 27.6585603 ], [ 85.3221623, 27.6583273 ], [ 85.3222529, 27.6582527 ], [ 85.3223214, 27.6581987 ], [ 85.3223724, 27.6581628 ], [ 85.3224193, 27.6581334 ], [ 85.322477, 27.6581015 ], [ 85.3225179, 27.6580819 ], [ 85.3225198, 27.6580811 ], [ 85.3225666, 27.6580626 ], [ 85.3226045, 27.6580497 ], [ 85.32261, 27.6580478 ], [ 85.3226981, 27.658023 ], [ 85.3227431, 27.6580133 ], [ 85.322789, 27.6580058 ], [ 85.322836, 27.6580004 ], [ 85.3228843, 27.6579974 ], [ 85.322934, 27.657997 ], [ 85.3229854, 27.6579993 ], [ 85.3230387, 27.6580045 ], [ 85.323094, 27.6580127 ], [ 85.3231515, 27.6580241 ], [ 85.3232151, 27.6580418 ], [ 85.323287, 27.6580676 ], [ 85.3233649, 27.6581 ], [ 85.3234466, 27.6581372 ], [ 85.3235298, 27.6581777 ], [ 85.3236123, 27.6582197 ], [ 85.3237661, 27.6583018 ], [ 85.3240437, 27.6584571 ], [ 85.3245423, 27.6587544 ], [ 85.3246466, 27.6588165 ], [ 85.3247423, 27.6588725 ], [ 85.3252494, 27.6591692 ], [ 85.325651, 27.6594075 ], [ 85.3257911, 27.6594957 ], [ 85.3259445, 27.6595961 ], [ 85.3260943, 27.6597 ], [ 85.3261627, 27.6597506 ], [ 85.326224, 27.6597988 ], [ 85.3262823, 27.6598472 ], [ 85.3264051, 27.6599537 ], [ 85.3265317, 27.6600691 ], [ 85.3265948, 27.6601288 ], [ 85.3267173, 27.6602493 ], [ 85.3268306, 27.6603677 ], [ 85.3268821, 27.6604246 ], [ 85.3271347, 27.6607226 ] ] ] } },
{ "type": "Feature", "properties": { "id": "way/1091877760", "name": null, "name_en": null, "name_ne": null, "highway": "primary", "surface": null, "smoothness": null, "width": "7", "lanes": "2", "oneway": "yes", "bridge": null, "layer": null, "source": null, "adm0_pcode": "NPL", "adm0_name": "Nepal", "adm1_pcode": "NP03", "adm1_name": "Bagmati", "adm2_pcode": "NP0327", "adm2_name": "Kathmandu", "adm3_pcode": "NP0327101", "adm3_name": "Kathmandu", "adm4_pcode": null, "adm4_name": null, "name_latin": null, "path": "C:\\Users\\neetu\\Documents\\orimery road.geojson" }, "geometry": { "type": "MultiLineString", "coordinates": [ [ [ 85.2847263, 27.6886013 ], [ 85.2844327, 27.6888159 ], [ 85.2842052, 27.6890219 ], [ 85.2840402, 27.689204 ], [ 85.2839769, 27.689289 ], [ 85.2839565, 27.6893155 ] ] ] } },
{ "type": "Feature", "properties": { "id": "way/136524570", "name": "सातदोबाटो-लगनखेल सडक", "name_en": "satdobato to lagankhel", "name_ne": "सातदोबाटो-लगनखेल सडक", "highway": "primary", "surface": "asphalt", "smoothness": null, "width": "11", "lanes": null, "oneway": null, "bridge": null, "layer": null, "source": null, "adm0_pcode": "NPL", "adm0_name": "Nepal", "adm1_pcode": "NP03", "adm1_name": "Bagmati", "adm2_pcode": "NP0325", "adm2_name": "Lalitpur", "adm3_pcode": "NP0325101", "adm3_name": "Lalitpur", "adm4_pcode": null, "adm4_name": null, "name_latin": "satdobato to lagankhel", "path": "C:\\Users\\neetu\\Documents\\orimery road.geojson" }, "geometry": { "type": "MultiLineString", "coordinates": [ [ [ 85.3247008, 27.6587503 ], [ 85.3246466, 27.6588165 ], [ 85.32459, 27.6588849 ], [ 85.3244194, 27.6591129 ], [ 85.3242394, 27.6593316 ], [ 85.3241826, 27.6594558 ], [ 85.3241343, 27.6596593 ] ] ] } },
{ "type": "Feature", "properties": { "id": "way/4847083", "name": "Bhaktapur — Nagarkot", "name_en": null, "name_ne": null, "highway": "primary", "surface": null, "smoothness": null, "width": "13", "lanes": null, "oneway": null, "bridge": null, "layer": null, "source": null, "adm0_pcode": "NPL", "adm0_name": "Nepal", "adm1_pcode": "NP03", "adm1_name": "Bagmati", "adm2_pcode": "NP0326", "adm2_name": "Bhaktapur", "adm3_pcode": "NP0326303", "adm3_name": "Bhaktapur", "adm4_pcode": null, "adm4_name": null, "name_latin": "Bhaktapur -- Nagarkot", "path": "C:\\Users\\neetu\\Documents\\orimery road.geojson" }, "geometry": { "type": "MultiLineString", "coordinates": [ [ [ 85.4092599, 27.6751643 ], [ 85.4093651, 27.675209 ], [ 85.4094824, 27.6752366 ], [ 85.4104754, 27.6754048 ], [ 85.4112982, 27.6755544 ], [ 85.4115191, 27.6755824 ], [ 85.4120412, 27.6756375 ], [ 85.413066, 27.6757574 ], [ 85.4131547, 27.6757678 ], [ 85.4133172, 27.6757868 ], [ 85.4135422, 27.6758132 ], [ 85.4140494, 27.6758725 ], [ 85.4141488, 27.6758842 ], [ 85.4149247, 27.6760034 ], [ 85.4151714, 27.6760347 ], [ 85.4152352, 27.6760428 ], [ 85.4154573, 27.6760627 ], [ 85.4159494, 27.6760998 ], [ 85.4164078, 27.6761331 ], [ 85.4166696, 27.6761484 ], [ 85.4168178, 27.6761446 ], [ 85.4169471, 27.6761395 ], [ 85.4171857, 27.6761173 ], [ 85.4173936, 27.6760828 ], [ 85.4181325, 27.6759701 ], [ 85.4184167, 27.6759375 ], [ 85.4188031, 27.6758962 ], [ 85.4193469, 27.6758498 ], [ 85.4196381, 27.6758365 ], [ 85.4198418, 27.6758361 ], [ 85.4199294, 27.6758372 ], [ 85.4200657, 27.6758253 ], [ 85.4201603, 27.6758156 ], [ 85.4202516, 27.6757963 ], [ 85.4210178, 27.6756089 ], [ 85.4215161, 27.6754743 ], [ 85.4217455, 27.6754188 ], [ 85.4219172, 27.6753857 ], [ 85.4220178, 27.6753679 ], [ 85.4220808, 27.6753643 ], [ 85.4221786, 27.6753726 ], [ 85.4223717, 27.6754249 ], [ 85.4226735, 27.6754736 ], [ 85.4229449, 27.6754956 ], [ 85.4230742, 27.675506 ], [ 85.4232407, 27.6755048 ] ] ] } },
{ "type": "Feature", "properties": { "id": "way/1205938025", "name": "सातदोबाटो-गोदावरी सडक", "name_en": "Satdobato - Godavari Road", "name_ne": "सातदोबाटो-गोदावरी सडक", "highway": "primary", "surface": null, "smoothness": null, "width": "12", "lanes": null, "oneway": null, "bridge": null, "layer": null, "source": null, "adm0_pcode": "NPL", "adm0_name": "Nepal", "adm1_pcode": "NP03", "adm1_name": "Bagmati", "adm2_pcode": "NP0325", "adm2_name": "Lalitpur", "adm3_pcode": "NP0325101", "adm3_name": "Lalitpur", "adm4_pcode": null, "adm4_name": null, "name_latin": "Satdobato - Godavari Road", "path": "C:\\Users\\neetu\\Documents\\orimery road.geojson" }, "geometry": { "type": "MultiLineString", "coordinates": [ [ [ 85.3247967, 27.6586331 ], [ 85.32474, 27.6587024 ], [ 85.3247008, 27.6587503 ] ] ] } },
{ "type": "Feature", "properties": { "id": "way/692334815", "name": "महाराजगञ्ज सडक", "name_en": "Maharajganj Road", "name_ne": "महाराजगञ्ज सडक", "highway": "primary", "surface": "asphalt", "smoothness": "excellent", "width": null, "lanes": "2", "oneway": null, "bridge": null, "layer": null, "source": null, "adm0_pcode": "NPL", "adm0_name": "Nepal", "adm1_pcode": "NP03", "adm1_name": "Bagmati", "adm2_pcode": "NP0327", "adm2_name": "Kathmandu", "adm3_pcode": "NP0327101", "adm3_name": "Kathmandu", "adm4_pcode": null, "adm4_name": null, "name_latin": "Maharajganj Road", "path": "C:\\Users\\neetu\\Documents\\orimery road.geojson" }, "geometry": { "type": "MultiLineString", "coordinates": [ [ [ 85.3370373, 27.7399128 ], [ 85.3371159, 27.7399982 ] ] ] } },
{ "type": "Feature", "properties": { "id": "way/1126627065", "name": null, "name_en": null, "name_ne": null, "highway": "primary", "surface": "asphalt", "smoothness": null, "width": "7", "lanes": "2", "oneway": "yes", "bridge": null, "layer": null, "source": null, "adm0_pcode": "NPL", "adm0_name": "Nepal", "adm1_pcode": "NP03", "adm1_name": "Bagmati", "adm2_pcode": "NP0326", "adm2_name": "Bhaktapur", "adm3_pcode": "NP0326301", "adm3_name": "Madhyapur Thimi", "adm4_pcode": null, "adm4_name": null, "name_latin": null, "path": "C:\\Users\\neetu\\Documents\\orimery road.geojson" }, "geometry": { "type": "MultiLineString", "coordinates": [ [ [ 85.3421708, 27.673565 ], [ 85.3424648, 27.6738753 ], [ 85.3428575, 27.6742898 ], [ 85.342928, 27.6743718 ], [ 85.3431769, 27.6746375 ], [ 85.3434526, 27.674903 ], [ 85.3437544, 27.6751813 ], [ 85.3439959, 27.6753746 ], [ 85.3442634, 27.6755698 ], [ 85.3444826, 27.6757237 ], [ 85.3450584, 27.6760864 ], [ 85.3455772, 27.6764171 ], [ 85.3461089, 27.6767558 ], [ 85.3465515, 27.6770529 ], [ 85.3468796, 27.6772625 ], [ 85.3472288, 27.677484 ], [ 85.3474741, 27.6776448 ], [ 85.3480345, 27.6780214 ], [ 85.3491661, 27.6787339 ], [ 85.349252, 27.6787672 ] ] ] } },
{ "type": "Feature", "properties": { "id": "way/32133466", "name": "Bode- Jorpati", "name_en": null, "name_ne": null, "highway": "primary", "surface": null, "smoothness": null, "width": "8", "lanes": null, "oneway": null, "bridge": null, "layer": null, "source": null, "adm0_pcode": "NPL", "adm0_name": "Nepal", "adm1_pcode": "NP03", "adm1_name": "Bagmati", "adm2_pcode": "NP0327", "adm2_name": "Kathmandu", "adm3_pcode": "NP0327306", "adm3_name": "Kageshwori Manahara", "adm4_pcode": null, "adm4_name": null, "name_latin": "Bode- Jorpati", "path": "C:\\Users\\neetu\\Documents\\orimery road.geojson" }, "geometry": { "type": "MultiLineString", "coordinates": [ [ [ 85.39376, 27.7029853 ], [ 85.3937506, 27.7028487 ], [ 85.3936951, 27.7022134 ], [ 85.3936453, 27.7016649 ], [ 85.3936137, 27.7014823 ], [ 85.3935171, 27.7009238 ], [ 85.3934687, 27.7006227 ], [ 85.3934578, 27.7004938 ], [ 85.3934491, 27.7002761 ], [ 85.3934505, 27.7000951 ], [ 85.3934458, 27.7000312 ], [ 85.3934166, 27.6998158 ], [ 85.3934031, 27.6996388 ], [ 85.3934035, 27.6995789 ], [ 85.3934136, 27.6995204 ], [ 85.393431, 27.6994551 ], [ 85.3934686, 27.6993398 ], [ 85.393563, 27.6990982 ], [ 85.3935942, 27.6990265 ], [ 85.393606, 27.6989665 ], [ 85.3936037, 27.6989091 ], [ 85.393589, 27.6988693 ], [ 85.3935692, 27.6988301 ], [ 85.3935448, 27.6987884 ], [ 85.3935051, 27.698734 ], [ 85.3933535, 27.6985787 ], [ 85.3933105, 27.6985192 ], [ 85.3932851, 27.6984714 ], [ 85.3932667, 27.6984341 ], [ 85.3932516, 27.6983921 ], [ 85.3932365, 27.6983179 ], [ 85.3932248, 27.698158 ], [ 85.3932192, 27.6979892 ], [ 85.3932344, 27.6978453 ], [ 85.3932569, 27.6976954 ], [ 85.3932582, 27.6975117 ], [ 85.3932558, 27.6972656 ], [ 85.3932439, 27.6971694 ], [ 85.3932228, 27.6970965 ], [ 85.3931, 27.6967623 ], [ 85.3930528, 27.6965999 ], [ 85.3929988, 27.6964902 ], [ 85.3928921, 27.6962997 ], [ 85.3928267, 27.6962042 ], [ 85.3927364, 27.6960238 ], [ 85.392715, 27.6959583 ], [ 85.3927043, 27.6958943 ], [ 85.3927039, 27.6958415 ], [ 85.3927213, 27.6957951 ], [ 85.3927756, 27.6957034 ], [ 85.3927932, 27.695665 ], [ 85.3927998, 27.6956429 ], [ 85.3928008, 27.6956012 ], [ 85.3927866, 27.6955493 ], [ 85.3926819, 27.6953637 ], [ 85.3926497, 27.6952878 ], [ 85.3925993, 27.6951232 ], [ 85.3925738, 27.6949378 ], [ 85.3925657, 27.6947288 ], [ 85.3925589, 27.6945567 ], [ 85.3925364, 27.6944417 ], [ 85.3924968, 27.694333 ], [ 85.3923022, 27.6939191 ], [ 85.3922116, 27.6937269 ], [ 85.3920551, 27.6934168 ], [ 85.3920205, 27.6933402 ], [ 85.3920031, 27.6932678 ], [ 85.392008, 27.6931964 ], [ 85.3920269, 27.6930931 ], [ 85.3920631, 27.6927497 ], [ 85.3920596, 27.6926766 ], [ 85.3920448, 27.6926189 ], [ 85.3920045, 27.6925422 ], [ 85.3919011, 27.692417 ], [ 85.3918621, 27.6923707 ], [ 85.3918202, 27.6922907 ], [ 85.3917606, 27.6921437 ], [ 85.3917082, 27.6919831 ], [ 85.3916404, 27.6916402 ], [ 85.3916082, 27.6914858 ] ] ] } },
{ "type": "Feature", "properties": { "id": "way/184872458", "name": "रिंग रोड", "name_en": "Ring Road", "name_ne": "रिंग रोड", "highway": "primary", "surface": "paved", "smoothness": null, "width": "9", "lanes": "2", "oneway": "yes", "bridge": null, "layer": null, "source": null, "adm0_pcode": "NPL", "adm0_name": "Nepal", "adm1_pcode": "NP03", "adm1_name": "Bagmati", "adm2_pcode": "NP0327", "adm2_name": "Kathmandu", "adm3_pcode": "NP0327101", "adm3_name": "Kathmandu", "adm4_pcode": null, "adm4_name": null, "name_latin": "Ring Road", "path": "C:\\Users\\neetu\\Documents\\orimery road.geojson" }, "geometry": { "type": "MultiLineString", "coordinates": [ [ [ 85.2833889, 27.6901564 ], [ 85.2833549, 27.6902006 ], [ 85.2830457, 27.6906452 ], [ 85.2826946, 27.6911616 ], [ 85.2821362, 27.6919912 ], [ 85.2819257, 27.6922905 ], [ 85.281827, 27.6924605 ], [ 85.2817328, 27.6926341 ], [ 85.2816591, 27.6927992 ] ] ] } },
{ "type": "Feature", "properties": { "id": "way/602091965", "name": null, "name_en": null, "name_ne": null, "highway": "primary", "surface": null, "smoothness": null, "width": "7", "lanes": null, "oneway": "yes", "bridge": null, "layer": null, "source": null, "adm0_pcode": "NPL", "adm0_name": "Nepal", "adm1_pcode": "NP03", "adm1_name": "Bagmati", "adm2_pcode": "NP0327", "adm2_name": "Kathmandu", "adm3_pcode": "NP0327101", "adm3_name": "Kathmandu", "adm4_pcode": null, "adm4_name": null, "name_latin": null, "path": "C:\\Users\\neetu\\Documents\\orimery road.geojson" }, "geometry": { "type": "MultiLineString", "coordinates": [ [ [ 85.3253991, 27.7140809 ], [ 85.3252879, 27.7140554 ], [ 85.3252302, 27.7140352 ], [ 85.3251846, 27.7140068 ], [ 85.3251309, 27.7139563 ], [ 85.3250885, 27.7139089 ], [ 85.3250492, 27.7138441 ], [ 85.3250288, 27.7137756 ], [ 85.3250223, 27.7137194 ], [ 85.3250251, 27.7136436 ], [ 85.3250516, 27.713436 ], [ 85.325044, 27.7133745 ], [ 85.3250264, 27.7133288 ], [ 85.3249845, 27.7132913 ] ] ] } },
{ "type": "Feature", "properties": { "id": "way/1414292999", "name": null, "name_en": null, "name_ne": null, "highway": "primary", "surface": null, "smoothness": null, "width": "7", "lanes": "2", "oneway": "yes", "bridge": null, "layer": null, "source": null, "adm0_pcode": "NPL", "adm0_name": "Nepal", "adm1_pcode": "NP03", "adm1_name": "Bagmati", "adm2_pcode": "NP0327", "adm2_name": "Kathmandu", "adm3_pcode": "NP0327101", "adm3_name": "Kathmandu", "adm4_pcode": null, "adm4_name": null, "name_latin": null, "path": "C:\\Users\\neetu\\Documents\\orimery road.geojson" }, "geometry": { "type": "MultiLineString", "coordinates": [ [ [ 85.2818522, 27.6930771 ], [ 85.2819171, 27.692879 ], [ 85.2819956, 27.6926709 ], [ 85.282052, 27.692545 ], [ 85.2821744, 27.6923379 ], [ 85.2823255, 27.6921091 ], [ 85.2825937, 27.6917382 ], [ 85.2829104, 27.6912543 ], [ 85.283251, 27.6907614 ], [ 85.2835126, 27.6903907 ], [ 85.2836834, 27.6901563 ] ] ] } },
{ "type": "Feature", "properties": { "id": "way/1091877742", "name": null, "name_en": null, "name_ne": null, "highway": "primary", "surface": "asphalt", "smoothness": null, "width": "7", "lanes": "2", "oneway": "yes", "bridge": null, "layer": null, "source": null, "adm0_pcode": "NPL", "adm0_name": "Nepal", "adm1_pcode": "NP03", "adm1_name": "Bagmati", "adm2_pcode": "NP0325", "adm2_name": "Lalitpur", "adm3_pcode": "NP0325101", "adm3_name": "Lalitpur", "adm4_pcode": null, "adm4_name": null, "name_latin": null, "path": "C:\\Users\\neetu\\Documents\\orimery road.geojson" }, "geometry": { "type": "MultiLineString", "coordinates": [ [ [ 85.3024346, 27.6810174 ], [ 85.3024055, 27.6803469 ], [ 85.3023996, 27.6800358 ], [ 85.3023725, 27.6793091 ], [ 85.3023564, 27.6787858 ], [ 85.3023258, 27.6784686 ], [ 85.3023086, 27.6782526 ], [ 85.3022597, 27.6780101 ], [ 85.3022525, 27.6778086 ], [ 85.3022488, 27.6777062 ], [ 85.302214, 27.6768167 ], [ 85.3021906, 27.6762933 ], [ 85.3021621, 27.6756622 ], [ 85.3021568, 27.6754957 ], [ 85.3021611, 27.6752828 ], [ 85.3021864, 27.6749792 ], [ 85.3022296, 27.6747249 ], [ 85.3022816, 27.6745336 ], [ 85.302347, 27.6743541 ], [ 85.3024074, 27.6742104 ], [ 85.3024786, 27.6740607 ], [ 85.3025701, 27.6739007 ], [ 85.3027563, 27.6736081 ], [ 85.3030174, 27.6732732 ], [ 85.3036252, 27.6724644 ], [ 85.303802, 27.6722324 ], [ 85.304054, 27.6718982 ], [ 85.3046378, 27.671177 ], [ 85.3051609, 27.6705098 ], [ 85.3056298, 27.6699158 ], [ 85.3060415, 27.669385 ], [ 85.3063302, 27.6690153 ], [ 85.3064867, 27.6688161 ], [ 85.3067815, 27.6684408 ], [ 85.306882, 27.6683127 ], [ 85.3071385, 27.6679918 ], [ 85.3075679, 27.6674112 ], [ 85.3077349, 27.6672187 ], [ 85.3078486, 27.6671165 ], [ 85.3079338, 27.6670471 ], [ 85.3080892, 27.6669321 ], [ 85.3082394, 27.666845 ], [ 85.3083215, 27.666788 ] ] ] } },
{ "type": "Feature", "properties": { "id": "way/1091658641", "name": null, "name_en": null, "name_ne": null, "highway": "primary", "surface": "asphalt", "smoothness": null, "width": "6", "lanes": "2", "oneway": "yes", "bridge": null, "layer": null, "source": null, "adm0_pcode": "NPL", "adm0_name": "Nepal", "adm1_pcode": "NP03", "adm1_name": "Bagmati", "adm2_pcode": "NP0325", "adm2_name": "Lalitpur", "adm3_pcode": "NP0325101", "adm3_name": "Lalitpur", "adm4_pcode": null, "adm4_name": null, "name_latin": null, "path": "C:\\Users\\neetu\\Documents\\orimery road.geojson" }, "geometry": { "type": "MultiLineString", "coordinates": [ [ [ 85.3322453, 27.666569 ], [ 85.3321856, 27.6664998 ], [ 85.3318122, 27.6660505 ], [ 85.3313948, 27.6655292 ], [ 85.3312017, 27.6652717 ], [ 85.3310535, 27.6650786 ], [ 85.3309163, 27.6649124 ], [ 85.3308856, 27.6648752 ], [ 85.3303601, 27.6642388 ], [ 85.3299388, 27.6637192 ], [ 85.3293903, 27.6630269 ], [ 85.3290971, 27.6626628 ], [ 85.3289598, 27.6624987 ], [ 85.3285719, 27.6620494 ], [ 85.3284506, 27.6619081 ], [ 85.3277877, 27.6611363 ], [ 85.3271955, 27.66041 ], [ 85.3270936, 27.6602883 ], [ 85.3270188, 27.6602018 ], [ 85.3268973, 27.6600687 ], [ 85.3267883, 27.6599623 ], [ 85.3266983, 27.6598792 ], [ 85.3266042, 27.6597947 ], [ 85.3264543, 27.6596662 ], [ 85.3263543, 27.6595861 ], [ 85.3262588, 27.659516 ], [ 85.326084, 27.6593983 ], [ 85.3258994, 27.6592797 ], [ 85.3248837, 27.6586841 ], [ 85.3247967, 27.6586331 ], [ 85.3246926, 27.6585738 ], [ 85.3243983, 27.6584079 ], [ 85.3237683, 27.658045 ], [ 85.3237305, 27.6580226 ], [ 85.3236305, 27.6579644 ], [ 85.3235049, 27.6578969 ], [ 85.3234351, 27.6578629 ], [ 85.3233621, 27.6578307 ], [ 85.3232869, 27.6578014 ], [ 85.3232105, 27.6577764 ], [ 85.3231341, 27.657757 ], [ 85.3230586, 27.6577445 ], [ 85.3229852, 27.6577402 ], [ 85.3229166, 27.6577411 ], [ 85.3227986, 27.6577465 ], [ 85.3227019, 27.6577565 ], [ 85.3226599, 27.6577632 ], [ 85.3225857, 27.6577796 ], [ 85.3225202, 27.6577999 ], [ 85.3224583, 27.657824 ], [ 85.3223956, 27.6578522 ], [ 85.3223629, 27.6578686 ], [ 85.322293, 27.6579083 ], [ 85.3222144, 27.6579596 ], [ 85.3221709, 27.6579906 ], [ 85.3220733, 27.6580652 ], [ 85.3220186, 27.6581097 ], [ 85.3218937, 27.6582155 ], [ 85.3212029, 27.6588105 ], [ 85.3210182, 27.6589603 ], [ 85.3208421, 27.6590991 ], [ 85.3208183, 27.6591183 ], [ 85.3199268, 27.6598369 ], [ 85.3194925, 27.6601759 ], [ 85.3187037, 27.6608454 ], [ 85.3181679, 27.6612855 ], [ 85.3181421, 27.6613065 ], [ 85.3180793, 27.6613577 ] ] ] } },
{ "type": "Feature", "properties": { "id": "way/32133392", "name": null, "name_en": null, "name_ne": null, "highway": "primary", "surface": "asphalt", "smoothness": null, "width": "14", "lanes": null, "oneway": null, "bridge": null, "layer": null, "source": null, "adm0_pcode": "NPL", "adm0_name": "Nepal", "adm1_pcode": "NP03", "adm1_name": "Bagmati", "adm2_pcode": "NP0326", "adm2_name": "Bhaktapur", "adm3_pcode": "NP0326301", "adm3_name": "Madhyapur Thimi", "adm4_pcode": null, "adm4_name": null, "name_latin": null, "path": "C:\\Users\\neetu\\Documents\\orimery road.geojson" }, "geometry": { "type": "MultiLineString", "coordinates": [ [ [ 85.3527968, 27.675189 ], [ 85.3527826, 27.6752949 ], [ 85.3527671, 27.6754156 ] ] ] } },
{ "type": "Feature", "properties": { "id": "way/231194712", "name": "थिरबम सडक", "name_en": "Thirbam Sadak", "name_ne": "थिरबम सडक", "highway": "primary", "surface": "asphalt", "smoothness": "excellent", "width": null, "lanes": "4", "oneway": null, "bridge": null, "layer": null, "source": null, "adm0_pcode": "NPL", "adm0_name": "Nepal", "adm1_pcode": "NP03", "adm1_name": "Bagmati", "adm2_pcode": "NP0327", "adm2_name": "Kathmandu", "adm3_pcode": "NP0327101", "adm3_name": "Kathmandu", "adm4_pcode": null, "adm4_name": null, "name_latin": "Thirbam Sadak", "path": "C:\\Users\\neetu\\Documents\\orimery road.geojson" }, "geometry": { "type": "MultiLineString", "coordinates": [ [ [ 85.3310666, 27.7191744 ], [ 85.3310571, 27.7191456 ] ] ] } },
{ "type": "Feature", "properties": { "id": "way/32133465", "name": null, "name_en": null, "name_ne": null, "highway": "primary", "surface": null, "smoothness": null, "width": "6", "lanes": null, "oneway": null, "bridge": "yes", "layer": "1", "source": null, "adm0_pcode": "NPL", "adm0_name": "Nepal", "adm1_pcode": "NP03", "adm1_name": "Bagmati", "adm2_pcode": "NP0327", "adm2_name": "Kathmandu", "adm3_pcode": "NP0327306", "adm3_name": "Kageshwori Manahara", "adm4_pcode": null, "adm4_name": null, "name_latin": null, "path": "C:\\Users\\neetu\\Documents\\orimery road.geojson" }, "geometry": { "type": "MultiLineString", "coordinates": [ [ [ 85.3937355, 27.7036909 ], [ 85.39376, 27.7029853 ] ] ] } },
{ "type": "Feature", "properties": { "id": "way/232570877", "name": "थिरबम सडक", "name_en": "Thirbam Sadak", "name_ne": "थिरबम सडक", "highway": "primary", "surface": "asphalt", "smoothness": null, "width": "9", "lanes": "2", "oneway": null, "bridge": null, "layer": null, "source": null, "adm0_pcode": "NPL", "adm0_name": "Nepal", "adm1_pcode": "NP03", "adm1_name": "Bagmati", "adm2_pcode": "NP0327", "adm2_name": "Kathmandu", "adm3_pcode": "NP0327101", "adm3_name": "Kathmandu", "adm4_pcode": null, "adm4_name": null, "name_latin": "Thirbam Sadak", "path": "C:\\Users\\neetu\\Documents\\orimery road.geojson" }, "geometry": { "type": "MultiLineString", "coordinates": [ [ [ 85.3313434, 27.7219241 ], [ 85.3313403, 27.7218737 ], [ 85.3313254, 27.721799 ], [ 85.3313243, 27.7217089 ], [ 85.3313301, 27.7216163 ], [ 85.3313457, 27.7214763 ], [ 85.331372, 27.7213199 ], [ 85.3314186, 27.7211671 ], [ 85.3315776, 27.7209376 ], [ 85.331604, 27.7208373 ], [ 85.3315933, 27.7207502 ], [ 85.3315464, 27.7205405 ], [ 85.3313615, 27.7199967 ], [ 85.3312303, 27.7196615 ], [ 85.3311557, 27.7194448 ], [ 85.3310822, 27.7192218 ], [ 85.3310666, 27.7191744 ] ] ] } },
{ "type": "Feature", "properties": { "id": "way/4840288", "name": "हात्तीसार सडक", "name_en": "Hattisar Sadak", "name_ne": "हात्तीसार सडक", "highway": "primary", "surface": "asphalt", "smoothness": null, "width": "11", "lanes": null, "oneway": null, "bridge": null, "layer": null, "source": null, "adm0_pcode": "NPL", "adm0_name": "Nepal", "adm1_pcode": "NP03", "adm1_name": "Bagmati", "adm2_pcode": "NP0327", "adm2_name": "Kathmandu", "adm3_pcode": "NP0327101", "adm3_name": "Kathmandu", "adm4_pcode": null, "adm4_name": null, "name_latin": "Hattisar Sadak", "path": "C:\\Users\\neetu\\Documents\\orimery road.geojson" }, "geometry": { "type": "MultiLineString", "coordinates": [ [ [ 85.3219451, 27.7136702 ], [ 85.3219723, 27.7134349 ], [ 85.3219903, 27.7133112 ], [ 85.3220485, 27.7127414 ], [ 85.3220865, 27.7124119 ], [ 85.3221335, 27.7121043 ] ] ] } },
{ "type": "Feature", "properties": { "id": "way/229063564", "name": null, "name_en": null, "name_ne": null, "highway": "primary", "surface": null, "smoothness": null, "width": "14", "lanes": null, "oneway": null, "bridge": null, "layer": null, "source": null, "adm0_pcode": "NPL", "adm0_name": "Nepal", "adm1_pcode": "NP03", "adm1_name": "Bagmati", "adm2_pcode": "NP0326", "adm2_name": "Bhaktapur", "adm3_pcode": "NP0326301", "adm3_name": "Madhyapur Thimi", "adm4_pcode": null, "adm4_name": null, "name_latin": null, "path": "C:\\Users\\neetu\\Documents\\orimery road.geojson" }, "geometry": { "type": "MultiLineString", "coordinates": [ [ [ 85.3527671, 27.6754156 ], [ 85.3527631, 27.6755216 ], [ 85.3527586, 27.6756317 ] ] ] } },
{ "type": "Feature", "properties": { "id": "way/28598634", "name": null, "name_en": null, "name_ne": null, "highway": "primary", "surface": "asphalt", "smoothness": null, "width": "9", "lanes": null, "oneway": null, "bridge": null, "layer": null, "source": null, "adm0_pcode": "NPL", "adm0_name": "Nepal", "adm1_pcode": "NP03", "adm1_name": "Bagmati", "adm2_pcode": "NP0327", "adm2_name": "Kathmandu", "adm3_pcode": "NP0327101", "adm3_name": "Kathmandu", "adm4_pcode": null, "adm4_name": null, "name_latin": null, "path": "C:\\Users\\neetu\\Documents\\orimery road.geojson" }, "geometry": { "type": "MultiLineString", "coordinates": [ [ [ 85.3219451, 27.7136702 ], [ 85.3223573, 27.7136714 ], [ 85.3227452, 27.713667 ], [ 85.3229672, 27.7136355 ], [ 85.3231762, 27.7135617 ], [ 85.3236749, 27.7133756 ] ] ] } },
{ "type": "Feature", "properties": { "id": "way/1091877763", "name": null, "name_en": null, "name_ne": null, "highway": "primary", "surface": "asphalt", "smoothness": null, "width": "7", "lanes": "2", "oneway": "yes", "bridge": null, "layer": null, "source": null, "adm0_pcode": "NPL", "adm0_name": "Nepal", "adm1_pcode": "NP03", "adm1_name": "Bagmati", "adm2_pcode": "NP0327", "adm2_name": "Kathmandu", "adm3_pcode": "NP0327101", "adm3_name": "Kathmandu", "adm4_pcode": null, "adm4_name": null, "name_latin": null, "path": "C:\\Users\\neetu\\Documents\\orimery road.geojson" }, "geometry": { "type": "MultiLineString", "coordinates": [ [ [ 85.2954213, 27.6852601 ], [ 85.2962849, 27.6851331 ] ] ] } },
{ "type": "Feature", "properties": { "id": "way/753805280", "name": "नारायणहिटी मार्ग", "name_en": "Narayanhiti Path", "name_ne": "नारायणहिटी मार्ग", "highway": "primary", "surface": "asphalt", "smoothness": null, "width": "9", "lanes": "2", "oneway": null, "bridge": null, "layer": null, "source": null, "adm0_pcode": "NPL", "adm0_name": "Nepal", "adm1_pcode": "NP03", "adm1_name": "Bagmati", "adm2_pcode": "NP0327", "adm2_name": "Kathmandu", "adm3_pcode": "NP0327101", "adm3_name": "Kathmandu", "adm4_pcode": null, "adm4_name": null, "name_latin": "Narayanhiti Path", "path": "C:\\Users\\neetu\\Documents\\orimery road.geojson" }, "geometry": { "type": "MultiLineString", "coordinates": [ [ [ 85.3198095, 27.7136494 ], [ 85.3199436, 27.71365 ], [ 85.3201709, 27.7136489 ], [ 85.3210171, 27.7136476 ], [ 85.3219451, 27.7136702 ] ] ] } },
{ "type": "Feature", "properties": { "id": "way/1091877762", "name": null, "name_en": null, "name_ne": null, "highway": "primary", "surface": null, "smoothness": null, "width": "7", "lanes": "2", "oneway": "yes", "bridge": null, "layer": null, "source": null, "adm0_pcode": "NPL", "adm0_name": "Nepal", "adm1_pcode": "NP03", "adm1_name": "Bagmati", "adm2_pcode": "NP0327", "adm2_name": "Kathmandu", "adm3_pcode": "NP0327101", "adm3_name": "Kathmandu", "adm4_pcode": null, "adm4_name": null, "name_latin": null, "path": "C:\\Users\\neetu\\Documents\\orimery road.geojson" }, "geometry": { "type": "MultiLineString", "coordinates": [ [ [ 85.2935838, 27.6855491 ], [ 85.2936456, 27.6855249 ], [ 85.2937403, 27.6854877 ], [ 85.2939279, 27.6854316 ], [ 85.2940924, 27.6854009 ], [ 85.2945359, 27.6853588 ], [ 85.2954213, 27.6852601 ] ] ] } },
{ "type": "Feature", "properties": { "id": "way/1307624053", "name": null, "name_en": null, "name_ne": null, "highway": "primary", "surface": "asphalt", "smoothness": null, "width": "7", "lanes": "2", "oneway": null, "bridge": null, "layer": null, "source": null, "adm0_pcode": "NPL", "adm0_name": "Nepal", "adm1_pcode": "NP03", "adm1_name": "Bagmati", "adm2_pcode": "NP0326", "adm2_name": "Bhaktapur", "adm3_pcode": "NP0326301", "adm3_name": "Madhyapur Thimi", "adm4_pcode": null, "adm4_name": null, "name_latin": null, "path": "C:\\Users\\neetu\\Documents\\orimery road.geojson" }, "geometry": { "type": "MultiLineString", "coordinates": [ [ [ 85.3858259, 27.6828756 ], [ 85.3856962, 27.6828513 ], [ 85.3853215, 27.6827812 ], [ 85.3848738, 27.6826975 ], [ 85.384735, 27.682679 ], [ 85.3836582, 27.6825051 ], [ 85.3832408, 27.6824368 ], [ 85.3818695, 27.6822417 ], [ 85.3817898, 27.6822287 ] ] ] } },
{ "type": "Feature", "properties": { "id": "way/27034171", "name": null, "name_en": null, "name_ne": null, "highway": "primary", "surface": null, "smoothness": null, "width": null, "lanes": null, "oneway": null, "bridge": "yes", "layer": "1", "source": null, "adm0_pcode": "NPL", "adm0_name": "Nepal", "adm1_pcode": "NP03", "adm1_name": "Bagmati", "adm2_pcode": "NP0326", "adm2_name": "Bhaktapur", "adm3_pcode": "NP0326302", "adm3_name": "Changunarayan", "adm4_pcode": null, "adm4_name": null, "name_latin": null, "path": "C:\\Users\\neetu\\Documents\\orimery road.geojson" }, "geometry": { "type": "MultiLineString", "coordinates": [ [ [ 85.4079794, 27.6772877 ], [ 85.4078652, 27.6774419 ] ] ] } },
{ "type": "Feature", "properties": { "id": "way/232351908", "name": null, "name_en": null, "name_ne": null, "highway": "primary_link", "surface": "asphalt", "smoothness": null, "width": "7", "lanes": null, "oneway": "yes", "bridge": null, "layer": null, "source": null, "adm0_pcode": "NPL", "adm0_name": "Nepal", "adm1_pcode": "NP03", "adm1_name": "Bagmati", "adm2_pcode": "NP0327", "adm2_name": "Kathmandu", "adm3_pcode": "NP0327101", "adm3_name": "Kathmandu", "adm4_pcode": null, "adm4_name": null, "name_latin": null, "path": "C:\\Users\\neetu\\Documents\\orimery road.geojson" }, "geometry": { "type": "MultiLineString", "coordinates": [ [ [ 85.3137205, 27.7042834 ], [ 85.3137817, 27.7044597 ] ] ] } },
{ "type": "Feature", "properties": { "id": "way/318094586", "name": null, "name_en": null, "name_ne": null, "highway": "primary", "surface": null, "smoothness": null, "width": null, "lanes": null, "oneway": null, "bridge": null, "layer": null, "source": null, "adm0_pcode": "NPL", "adm0_name": "Nepal", "adm1_pcode": "NP03", "adm1_name": "Bagmati", "adm2_pcode": "NP0331", "adm2_name": "Makwanpur", "adm3_pcode": "NP0331404", "adm3_name": "Bhimphedi", "adm4_pcode": null, "adm4_name": null, "name_latin": null, "path": "C:\\Users\\neetu\\Documents\\orimery road.geojson" }, "geometry": { "type": "MultiLineString", "coordinates": [ [ [ 85.2479357, 27.4786683 ], [ 85.2479172, 27.4786909 ], [ 85.2478931, 27.4787084 ], [ 85.247866, 27.4787134 ] ] ] } },
{ "type": "Feature", "properties": { "id": "way/172387597", "name": "कान्ति पथ", "name_en": "Kanti Path", "name_ne": "कान्ति पथ", "highway": "primary", "surface": "asphalt", "smoothness": null, "width": "8", "lanes": null, "oneway": "yes", "bridge": null, "layer": null, "source": null, "adm0_pcode": "NPL", "adm0_name": "Nepal", "adm1_pcode": "NP03", "adm1_name": "Bagmati", "adm2_pcode": "NP0327", "adm2_name": "Kathmandu", "adm3_pcode": "NP0327101", "adm3_name": "Kathmandu", "adm4_pcode": null, "adm4_name": null, "name_latin": "Kanti Path", "path": "C:\\Users\\neetu\\Documents\\orimery road.geojson" }, "geometry": { "type": "MultiLineString", "coordinates": [ [ [ 85.3136896, 27.7036951 ], [ 85.3137133, 27.703995 ], [ 85.3137378, 27.7041575 ], [ 85.3137551, 27.7042677 ], [ 85.3137718, 27.7043881 ], [ 85.3137817, 27.7044597 ] ] ] } },
{ "type": "Feature", "properties": { "id": "way/318094477", "name": null, "name_en": null, "name_ne": null, "highway": "primary", "surface": null, "smoothness": null, "width": null, "lanes": null, "oneway": null, "bridge": "yes", "layer": "1", "source": null, "adm0_pcode": "NPL", "adm0_name": "Nepal", "adm1_pcode": "NP03", "adm1_name": "Bagmati", "adm2_pcode": "NP0331", "adm2_name": "Makwanpur", "adm3_pcode": "NP0331404", "adm3_name": "Bhimphedi", "adm4_pcode": null, "adm4_name": null, "name_latin": null, "path": "C:\\Users\\neetu\\Documents\\orimery road.geojson" }, "geometry": { "type": "MultiLineString", "coordinates": [ [ [ 85.247866, 27.4787134 ], [ 85.2470264, 27.4786911 ] ] ] } },
{ "type": "Feature", "properties": { "id": "way/169191890", "name": null, "name_en": null, "name_ne": null, "highway": "primary_link", "surface": "asphalt", "smoothness": null, "width": "7", "lanes": null, "oneway": "yes", "bridge": null, "layer": null, "source": null, "adm0_pcode": "NPL", "adm0_name": "Nepal", "adm1_pcode": "NP03", "adm1_name": "Bagmati", "adm2_pcode": "NP0327", "adm2_name": "Kathmandu", "adm3_pcode": "NP0327101", "adm3_name": "Kathmandu", "adm4_pcode": null, "adm4_name": null, "name_latin": null, "path": "C:\\Users\\neetu\\Documents\\orimery road.geojson" }, "geometry": { "type": "MultiLineString", "coordinates": [ [ [ 85.3136896, 27.7036951 ], [ 85.3136496, 27.7038607 ], [ 85.313631, 27.7039505 ], [ 85.3136308, 27.704048 ], [ 85.3136495, 27.704128 ], [ 85.3136842, 27.7042106 ], [ 85.3137205, 27.7042834 ] ] ] } },
{ "type": "Feature", "properties": { "id": "way/903634823", "name": "Kanti Highway", "name_en": null, "name_ne": null, "highway": "primary", "surface": null, "smoothness": null, "width": null, "lanes": null, "oneway": null, "bridge": null, "layer": null, "source": null, "adm0_pcode": "NPL", "adm0_name": "Nepal", "adm1_pcode": "NP03", "adm1_name": "Bagmati", "adm2_pcode": "NP0331", "adm2_name": "Makwanpur", "adm3_pcode": "NP0331404", "adm3_name": "Bhimphedi", "adm4_pcode": null, "adm4_name": null, "name_latin": "Kanti Highway", "path": "C:\\Users\\neetu\\Documents\\orimery road.geojson" }, "geometry": { "type": "MultiLineString", "coordinates": [ [ [ 85.2470264, 27.4786911 ], [ 85.2470033, 27.4786894 ], [ 85.2469459, 27.478679 ], [ 85.246940608709622, 27.478677887685521 ] ] ] } },
{ "type": "Feature", "properties": { "id": "way/172387586", "name": null, "name_en": null, "name_ne": null, "highway": "primary", "surface": "asphalt", "smoothness": null, "width": "9", "lanes": null, "oneway": null, "bridge": null, "layer": null, "source": null, "adm0_pcode": "NPL", "adm0_name": "Nepal", "adm1_pcode": "NP03", "adm1_name": "Bagmati", "adm2_pcode": "NP0327", "adm2_name": "Kathmandu", "adm3_pcode": "NP0327101", "adm3_name": "Kathmandu", "adm4_pcode": null, "adm4_name": null, "name_latin": null, "path": "C:\\Users\\neetu\\Documents\\orimery road.geojson" }, "geometry": { "type": "MultiLineString", "coordinates": [ [ [ 85.3236749, 27.7133756 ], [ 85.323759, 27.7133395 ], [ 85.3238144, 27.713317 ], [ 85.3238676, 27.713298 ], [ 85.3239059, 27.7132796 ], [ 85.3239461, 27.7132677 ], [ 85.32415, 27.7132178 ], [ 85.3245739, 27.7131647 ] ] ] } },
{ "type": "Feature", "properties": { "id": "way/224839047", "name": "भगवती मार्ग", "name_en": "Bhagwati marg", "name_ne": "भगवती मार्ग", "highway": "primary", "surface": "asphalt", "smoothness": null, "width": "7", "lanes": null, "oneway": "yes", "bridge": null, "layer": null, "source": null, "adm0_pcode": "NPL", "adm0_name": "Nepal", "adm1_pcode": "NP03", "adm1_name": "Bagmati", "adm2_pcode": "NP0327", "adm2_name": "Kathmandu", "adm3_pcode": "NP0327101", "adm3_name": "Kathmandu", "adm4_pcode": null, "adm4_name": null, "name_latin": "Bhagwati marg", "path": "C:\\Users\\neetu\\Documents\\orimery road.geojson" }, "geometry": { "type": "MultiLineString", "coordinates": [ [ [ 85.3249845, 27.7132913 ], [ 85.3245739, 27.7131647 ] ] ] } },
{ "type": "Feature", "properties": { "id": "way/1032843000", "name": null, "name_en": null, "name_ne": null, "highway": "primary_link", "surface": null, "smoothness": null, "width": "4", "lanes": null, "oneway": null, "bridge": null, "layer": null, "source": null, "adm0_pcode": "NPL", "adm0_name": "Nepal", "adm1_pcode": "NP03", "adm1_name": "Bagmati", "adm2_pcode": "NP0327", "adm2_name": "Kathmandu", "adm3_pcode": "NP0327101", "adm3_name": "Kathmandu", "adm4_pcode": null, "adm4_name": null, "name_latin": null, "path": "C:\\Users\\neetu\\Documents\\orimery road.geojson" }, "geometry": { "type": "MultiLineString", "coordinates": [ [ [ 85.3249559, 27.7137949 ], [ 85.3250288, 27.7137756 ] ] ] } },
{ "type": "Feature", "properties": { "id": "way/753805314", "name": "नारायण गोपाल सडक", "name_en": "Narayan Gopal Road", "name_ne": "नारायण गोपाल सडक", "highway": "primary", "surface": "asphalt", "smoothness": "good", "width": "14", "lanes": "4", "oneway": null, "bridge": null, "layer": null, "source": null, "adm0_pcode": "NPL", "adm0_name": "Nepal", "adm1_pcode": "NP03", "adm1_name": "Bagmati", "adm2_pcode": "NP0327", "adm2_name": "Kathmandu", "adm3_pcode": "NP0327101", "adm3_name": "Kathmandu", "adm4_pcode": null, "adm4_name": null, "name_latin": "Narayan Gopal Road", "path": "C:\\Users\\neetu\\Documents\\orimery road.geojson" }, "geometry": { "type": "MultiLineString", "coordinates": [ [ [ 85.3188511, 27.7200047 ], [ 85.3187606, 27.7199092 ], [ 85.3186117, 27.7197398 ], [ 85.3181716, 27.7192486 ], [ 85.3176698, 27.7186966 ] ] ] } },
{ "type": "Feature", "properties": { "id": "way/4840054", "name": null, "name_en": null, "name_ne": null, "highway": "primary", "surface": null, "smoothness": null, "width": "11", "lanes": null, "oneway": null, "bridge": null, "layer": null, "source": null, "adm0_pcode": "NPL", "adm0_name": "Nepal", "adm1_pcode": "NP03", "adm1_name": "Bagmati", "adm2_pcode": "NP0327", "adm2_name": "Kathmandu", "adm3_pcode": "NP0327101", "adm3_name": "Kathmandu", "adm4_pcode": null, "adm4_name": null, "name_latin": null, "path": "C:\\Users\\neetu\\Documents\\orimery road.geojson" }, "geometry": { "type": "MultiLineString", "coordinates": [ [ [ 85.3218188, 27.7079892 ], [ 85.3218359, 27.7080673 ], [ 85.3218606, 27.7081802 ], [ 85.3219087, 27.708531 ], [ 85.3219638, 27.708932 ], [ 85.3220779, 27.7096378 ] ] ] } },
{ "type": "Feature", "properties": { "id": "way/177582765", "name": "जावलाखेल देखि पुल्चोक सडक", "name_en": "Jwalakhel to Pulchowk Road", "name_ne": "जावलाखेल देखि पुल्चोक सडक", "highway": "primary", "surface": "asphalt", "smoothness": "intermediate", "width": "7", "lanes": "2", "oneway": "yes", "bridge": null, "layer": null, "source": null, "adm0_pcode": "NPL", "adm0_name": "Nepal", "adm1_pcode": "NP03", "adm1_name": "Bagmati", "adm2_pcode": "NP0325", "adm2_name": "Lalitpur", "adm3_pcode": "NP0325101", "adm3_name": "Lalitpur", "adm4_pcode": null, "adm4_name": null, "name_latin": "Jwalakhel to Pulchowk Road", "path": "C:\\Users\\neetu\\Documents\\orimery road.geojson" }, "geometry": { "type": "MultiLineString", "coordinates": [ [ [ 85.314124, 27.6734828 ], [ 85.3142311, 27.6737736 ], [ 85.3143471, 27.6741018 ], [ 85.3144836, 27.6744773 ], [ 85.3145333, 27.6745643 ], [ 85.3146264, 27.6746668 ], [ 85.3154142, 27.675426 ], [ 85.3155466, 27.6755732 ], [ 85.3156152, 27.6756749 ], [ 85.3156845, 27.6758431 ], [ 85.3157944, 27.6761011 ], [ 85.3159498, 27.6764855 ], [ 85.3161191, 27.6768562 ], [ 85.3162246, 27.6771247 ] ] ] } },
{ "type": "Feature", "properties": { "id": "way/1200990066", "name": "Putalisadak Road", "name_en": null, "name_ne": null, "highway": "primary", "surface": null, "smoothness": null, "width": null, "lanes": null, "oneway": "yes", "bridge": null, "layer": null, "source": null, "adm0_pcode": "NPL", "adm0_name": "Nepal", "adm1_pcode": "NP03", "adm1_name": "Bagmati", "adm2_pcode": "NP0327", "adm2_name": "Kathmandu", "adm3_pcode": "NP0327101", "adm3_name": "Kathmandu", "adm4_pcode": null, "adm4_name": null, "name_latin": "Putalisadak Road", "path": "C:\\Users\\neetu\\Documents\\orimery road.geojson" }, "geometry": { "type": "MultiLineString", "coordinates": [ [ [ 85.3218188, 27.7079892 ], [ 85.3218924, 27.7079362 ], [ 85.3220275, 27.707796 ], [ 85.3222026, 27.7076069 ], [ 85.3224193, 27.7073691 ], [ 85.3226045, 27.7071522 ], [ 85.3227252, 27.7069818 ], [ 85.3228084, 27.7068511 ], [ 85.322873, 27.7067121 ] ] ] } },
{ "type": "Feature", "properties": { "id": "way/232429763", "name": null, "name_en": null, "name_ne": null, "highway": "primary", "surface": null, "smoothness": null, "width": "7", "lanes": "2", "oneway": "yes", "bridge": null, "layer": null, "source": null, "adm0_pcode": "NPL", "adm0_name": "Nepal", "adm1_pcode": "NP03", "adm1_name": "Bagmati", "adm2_pcode": "NP0325", "adm2_name": "Lalitpur", "adm3_pcode": "NP0325101", "adm3_name": "Lalitpur", "adm4_pcode": null, "adm4_name": null, "name_latin": null, "path": "C:\\Users\\neetu\\Documents\\orimery road.geojson" }, "geometry": { "type": "MultiLineString", "coordinates": [ [ [ 85.3158213, 27.6760068 ], [ 85.3157477, 27.6757843 ] ] ] } },
{ "type": "Feature", "properties": { "id": "way/229195912", "name": "पुतली सडक", "name_en": "Putali Sadak", "name_ne": "पुतली सडक", "highway": "primary", "surface": "paved", "smoothness": null, "width": "14", "lanes": "2", "oneway": "yes", "bridge": null, "layer": null, "source": null, "adm0_pcode": "NPL", "adm0_name": "Nepal", "adm1_pcode": "NP03", "adm1_name": "Bagmati", "adm2_pcode": "NP0327", "adm2_name": "Kathmandu", "adm3_pcode": "NP0327101", "adm3_name": "Kathmandu", "adm4_pcode": null, "adm4_name": null, "name_latin": "Putali Sadak", "path": "C:\\Users\\neetu\\Documents\\orimery road.geojson" }, "geometry": { "type": "MultiLineString", "coordinates": [ [ [ 85.3228321, 27.7067047 ], [ 85.3227616, 27.7068454 ], [ 85.3226771, 27.7069848 ], [ 85.3225509, 27.7071641 ], [ 85.3219502, 27.707823 ], [ 85.3218891, 27.7078908 ], [ 85.3218487, 27.7079327 ], [ 85.3218188, 27.7079892 ] ] ] } },
{ "type": "Feature", "properties": { "id": "way/1161671407", "name": "थिरबम सडक", "name_en": "Thirbam Sadak", "name_ne": "थिरबम सडक", "highway": "primary", "surface": "asphalt", "smoothness": null, "width": null, "lanes": "2", "oneway": null, "bridge": "yes", "layer": "1", "source": null, "adm0_pcode": "NPL", "adm0_name": "Nepal", "adm1_pcode": "NP03", "adm1_name": "Bagmati", "adm2_pcode": "NP0327", "adm2_name": "Kathmandu", "adm3_pcode": "NP0327101", "adm3_name": "Kathmandu", "adm4_pcode": null, "adm4_name": null, "name_latin": "Thirbam Sadak", "path": "C:\\Users\\neetu\\Documents\\orimery road.geojson" }, "geometry": { "type": "MultiLineString", "coordinates": [ [ [ 85.3313427, 27.7220203 ], [ 85.3313434, 27.7219241 ] ] ] } },
{ "type": "Feature", "properties": { "id": "way/573396463", "name": "Kanti Lokhpath", "name_en": null, "name_ne": null, "highway": "primary", "surface": null, "smoothness": null, "width": null, "lanes": null, "oneway": null, "bridge": null, "layer": null, "source": null, "adm0_pcode": "NPL", "adm0_name": "Nepal", "adm1_pcode": "NP03", "adm1_name": "Bagmati", "adm2_pcode": "NP0325", "adm2_name": "Lalitpur", "adm3_pcode": "NP0325301", "adm3_name": "Godawari", "adm4_pcode": null, "adm4_name": null, "name_latin": "Kanti Lokhpath", "path": "C:\\Users\\neetu\\Documents\\orimery road.geojson" }, "geometry": { "type": "MultiLineString", "coordinates": [ [ [ 85.2978288, 27.5532462 ], [ 85.2978946, 27.5531002 ], [ 85.2979862, 27.5529712 ], [ 85.2980834, 27.5529176 ], [ 85.2982513, 27.5528413 ], [ 85.2983763, 27.5527748 ], [ 85.2985254, 27.5526679 ], [ 85.2985856, 27.5526248 ], [ 85.2986714, 27.5525711 ], [ 85.2987289, 27.5525737 ], [ 85.2987597, 27.5525707 ], [ 85.2988227, 27.5525839 ], [ 85.298926, 27.5526552 ], [ 85.2989783, 27.5526932 ], [ 85.2990266, 27.552717 ], [ 85.2990762, 27.5527301 ], [ 85.2991312, 27.5527289 ], [ 85.2991916, 27.5527135 ], [ 85.2993394, 27.5526504 ], [ 85.2994531, 27.5525993 ], [ 85.2995389, 27.5525755 ], [ 85.2996783, 27.5525871 ], [ 85.2999472, 27.5527974 ], [ 85.3001291, 27.5527904 ], [ 85.3004139, 27.5526696 ], [ 85.3005403, 27.5526151 ], [ 85.30068, 27.5525926 ], [ 85.3008673, 27.5525244 ], [ 85.3010743, 27.5524301 ], [ 85.3012478, 27.552299 ], [ 85.3013365, 27.5521731 ], [ 85.3014033, 27.552067 ], [ 85.3014883, 27.5520106 ], [ 85.3015592, 27.5519914 ], [ 85.3016854, 27.5520123 ], [ 85.3018786, 27.5520385 ], [ 85.3020344, 27.5520176 ], [ 85.3022354, 27.5519581 ], [ 85.3024405, 27.5519075 ], [ 85.3026534, 27.5519354 ], [ 85.3028052, 27.5519861 ], [ 85.3028762, 27.5520543 ], [ 85.302886, 27.5521609 ], [ 85.3028486, 27.5522448 ], [ 85.3026849, 27.5523514 ] ] ] } },
{ "type": "Feature", "properties": { "id": "way/232096102", "name": "नारायण गोपाल सडक", "name_en": "Narayan Gopal Road", "name_ne": "नारायण गोपाल सडक", "highway": "primary", "surface": "asphalt", "smoothness": "intermediate", "width": "14", "lanes": "2", "oneway": null, "bridge": null, "layer": null, "source": null, "adm0_pcode": "NPL", "adm0_name": "Nepal", "adm1_pcode": "NP03", "adm1_name": "Bagmati", "adm2_pcode": "NP0327", "adm2_name": "Kathmandu", "adm3_pcode": "NP0327101", "adm3_name": "Kathmandu", "adm4_pcode": null, "adm4_name": null, "name_latin": "Narayan Gopal Road", "path": "C:\\Users\\neetu\\Documents\\orimery road.geojson" }, "geometry": { "type": "MultiLineString", "coordinates": [ [ [ 85.3209237, 27.7225227 ], [ 85.3207417, 27.7222552 ], [ 85.3198936, 27.7210905 ], [ 85.3198463, 27.7210073 ], [ 85.3196534, 27.7208325 ], [ 85.3194685, 27.7206561 ], [ 85.3193315, 27.7205023 ], [ 85.3192177, 27.7203909 ], [ 85.3188511, 27.7200047 ] ] ] } },
{ "type": "Feature", "properties": { "id": "way/216283597", "name": null, "name_en": null, "name_ne": null, "highway": "primary", "surface": "asphalt", "smoothness": "good", "width": "7", "lanes": "2", "oneway": "yes", "bridge": null, "layer": null, "source": null, "adm0_pcode": "NPL", "adm0_name": "Nepal", "adm1_pcode": "NP03", "adm1_name": "Bagmati", "adm2_pcode": "NP0325", "adm2_name": "Lalitpur", "adm3_pcode": "NP0325101", "adm3_name": "Lalitpur", "adm4_pcode": null, "adm4_name": null, "name_latin": null, "path": "C:\\Users\\neetu\\Documents\\orimery road.geojson" }, "geometry": { "type": "MultiLineString", "coordinates": [ [ [ 85.3163299, 27.6773606 ], [ 85.3163251, 27.6772595 ], [ 85.3163035, 27.6771395 ], [ 85.3162026, 27.6768796 ], [ 85.3161505, 27.6767823 ], [ 85.316138, 27.6767548 ], [ 85.3160495, 27.6765596 ], [ 85.31599, 27.676419 ], [ 85.3158213, 27.6760068 ] ] ] } },
{ "type": "Feature", "properties": { "id": "way/573459228", "name": "BHAKTAPUR NALA ROAD (GANESHMAN MARG)", "name_en": null, "name_ne": null, "highway": "primary", "surface": null, "smoothness": null, "width": "6", "lanes": null, "oneway": "no", "bridge": null, "layer": null, "source": null, "adm0_pcode": "NPL", "adm0_name": "Nepal", "adm1_pcode": "NP03", "adm1_name": "Bagmati", "adm2_pcode": "NP0326", "adm2_name": "Bhaktapur", "adm3_pcode": "NP0326302", "adm3_name": "Changunarayan", "adm4_pcode": null, "adm4_name": null, "name_latin": "BHAKTAPUR NALA ROAD (GANESHMAN MARG)", "path": "C:\\Users\\neetu\\Documents\\orimery road.geojson" }, "geometry": { "type": "MultiLineString", "coordinates": [ [ [ 85.4667936, 27.6689445 ], [ 85.4670399, 27.6691835 ], [ 85.4672084, 27.6693409 ], [ 85.467402, 27.6694828 ], [ 85.4674986, 27.6695374 ], [ 85.4676076, 27.669574 ], [ 85.4678407, 27.6696365 ], [ 85.4680213, 27.6696765 ], [ 85.46806, 27.669685 ], [ 85.4684588, 27.6697231 ], [ 85.4685298, 27.669725 ], [ 85.4687566, 27.6697322 ], [ 85.4689435, 27.6696804 ], [ 85.4691294, 27.6695517 ], [ 85.4702644, 27.6687396 ], [ 85.4704168, 27.6686609 ], [ 85.4705783, 27.6686316 ], [ 85.4708326, 27.668592 ], [ 85.4711089, 27.6685706 ], [ 85.471817, 27.6684542 ], [ 85.4723797, 27.6683178 ], [ 85.4727214, 27.6682349 ], [ 85.4729435, 27.6681359 ], [ 85.473118, 27.6679991 ], [ 85.4735041, 27.6676964 ], [ 85.4738835, 27.6674293 ], [ 85.4740638, 27.6673398 ], [ 85.4742122, 27.6672885 ], [ 85.4748389, 27.6673077 ], [ 85.4756291, 27.6671822 ], [ 85.4757794, 27.6671326 ], [ 85.4764291, 27.6668907 ], [ 85.4775736, 27.6665492 ], [ 85.4780941, 27.6664482 ], [ 85.4782582, 27.6664758 ], [ 85.4786894, 27.6668121 ], [ 85.4791652, 27.667357 ], [ 85.4793288, 27.667457 ], [ 85.4798979, 27.6676665 ], [ 85.4800621, 27.6677962 ], [ 85.4801372, 27.6678128 ] ] ] } },
{ "type": "Feature", "properties": { "id": "way/340962616", "name": "Kanti Lokhpath", "name_en": null, "name_ne": null, "highway": "primary", "surface": null, "smoothness": null, "width": null, "lanes": null, "oneway": null, "bridge": null, "layer": null, "source": null, "adm0_pcode": "NPL", "adm0_name": "Nepal", "adm1_pcode": "NP03", "adm1_name": "Bagmati", "adm2_pcode": "NP0325", "adm2_name": "Lalitpur", "adm3_pcode": "NP0325401", "adm3_name": "Bagmati", "adm4_pcode": null, "adm4_name": null, "name_latin": "Kanti Lokhpath", "path": "C:\\Users\\neetu\\Documents\\orimery road.geojson" }, "geometry": { "type": "MultiLineString", "coordinates": [ [ [ 85.2957433, 27.5374409 ], [ 85.2958453, 27.5375562 ], [ 85.2959083, 27.5376501 ], [ 85.2959499, 27.5377548 ], [ 85.2959928, 27.5378797 ], [ 85.2960451, 27.5379635 ], [ 85.2961101, 27.5380354 ], [ 85.2962449, 27.5381306 ], [ 85.2964052, 27.5382085 ], [ 85.296544, 27.5382822 ], [ 85.2966949, 27.5383761 ], [ 85.2968156, 27.5384683 ], [ 85.2969195, 27.5385878 ], [ 85.2970482, 27.5387085 ], [ 85.2972293, 27.5388482 ], [ 85.2974117, 27.5390319 ], [ 85.2975874, 27.539227 ], [ 85.2977584, 27.5394707 ], [ 85.2978586, 27.5395909 ], [ 85.2978959, 27.5395965 ], [ 85.2980272, 27.539771 ], [ 85.2981547, 27.5399191 ], [ 85.2982935, 27.5400445 ], [ 85.2985355, 27.5401753 ], [ 85.2986274, 27.5402383 ], [ 85.2986616, 27.5402966 ], [ 85.298667, 27.5403561 ], [ 85.2986468, 27.5404345 ], [ 85.29861, 27.5405124 ], [ 85.2985315, 27.5406242 ], [ 85.298382, 27.5407372 ], [ 85.2983062, 27.5407841 ], [ 85.2982532, 27.5408305 ], [ 85.2982237, 27.5409043 ], [ 85.2982298, 27.5409821 ], [ 85.2982613, 27.5410523 ], [ 85.2982931, 27.5411317 ], [ 85.2983109, 27.541189 ], [ 85.2983099, 27.5412449 ], [ 85.2982938, 27.5412824 ], [ 85.2982408, 27.5413401 ], [ 85.2981748, 27.5414078 ], [ 85.2981111, 27.5414917 ], [ 85.2980413, 27.5416469 ], [ 85.2980179, 27.5417402 ], [ 85.2980031, 27.5418734 ], [ 85.2980252, 27.5421695 ], [ 85.2980222, 27.5422147 ], [ 85.2980071, 27.5422506 ], [ 85.2979706, 27.5422991 ], [ 85.2979173, 27.5423586 ], [ 85.2978455, 27.5424561 ], [ 85.297816, 27.5425785 ], [ 85.2978194, 27.5426808 ], [ 85.2978502, 27.5427967 ], [ 85.2978643, 27.5428699 ], [ 85.2978569, 27.5429472 ], [ 85.2978301, 27.5430025 ], [ 85.2977664, 27.5430589 ], [ 85.2976668, 27.5431398 ], [ 85.2976075, 27.5432105 ], [ 85.2975666, 27.5432956 ], [ 85.2975538, 27.5433871 ], [ 85.2975626, 27.5434852 ], [ 85.2975941, 27.5436291 ], [ 85.2976605, 27.5437605 ], [ 85.2977503, 27.5438628 ], [ 85.2979414, 27.5440049 ], [ 85.2982264, 27.544191 ], [ 85.298439, 27.5443652 ], [ 85.2987132, 27.5446291 ], [ 85.2987863, 27.5447002 ], [ 85.2988229, 27.5447481 ], [ 85.2988363, 27.5447891 ], [ 85.2988379, 27.5448233 ], [ 85.2988195, 27.5448607 ], [ 85.2987917, 27.5448866 ], [ 85.2987216, 27.5449261 ], [ 85.298557, 27.544977 ], [ 85.2984842, 27.5450251 ], [ 85.298441, 27.5450661 ], [ 85.2984309, 27.5451089 ], [ 85.2984339, 27.5451523 ], [ 85.29845, 27.5451824 ], [ 85.2984805, 27.5452213 ], [ 85.2985751, 27.5453378 ], [ 85.298789, 27.5456708 ], [ 85.2990223, 27.5459585 ], [ 85.2990666, 27.5460596 ], [ 85.29908, 27.5461179 ], [ 85.299078, 27.5461785 ], [ 85.2990304, 27.5462576 ], [ 85.2989479, 27.5463087 ], [ 85.2988312, 27.5463438 ], [ 85.2986777, 27.5463711 ], [ 85.2982754, 27.5463902 ], [ 85.2980903, 27.5464033 ], [ 85.2979766, 27.5464264 ], [ 85.2979163, 27.5464591 ], [ 85.2978791, 27.5464987 ], [ 85.2978542, 27.5465584 ], [ 85.2978214, 27.5466928 ], [ 85.2977832, 27.5467867 ], [ 85.2977403, 27.5468444 ], [ 85.2976725, 27.5469151 ], [ 85.2976098, 27.5469695 ], [ 85.2975619, 27.5470254 ], [ 85.2975478, 27.5470656 ], [ 85.2975451, 27.5471006 ], [ 85.2975595, 27.5471434 ], [ 85.2976001, 27.5472172 ], [ 85.2977, 27.5473343 ], [ 85.2978046, 27.5474146 ], [ 85.2979126, 27.5474681 ], [ 85.298099, 27.5475329 ], [ 85.2984215, 27.5476803 ], [ 85.298616, 27.5478135 ], [ 85.2987273, 27.5478967 ], [ 85.2987823, 27.5479621 ], [ 85.2987997, 27.5480364 ], [ 85.298795, 27.5480888 ], [ 85.2987675, 27.548147 ], [ 85.2986924, 27.5482213 ], [ 85.298557, 27.5483188 ], [ 85.2982056, 27.5485602 ], [ 85.2979361, 27.5488943 ], [ 85.2978033, 27.5490679 ], [ 85.2977054, 27.5491856 ], [ 85.2975753, 27.549326 ], [ 85.2975297, 27.5493818 ], [ 85.2974928, 27.549474 ], [ 85.2974828, 27.549559 ], [ 85.2974794, 27.5496434 ], [ 85.2974801, 27.5497493 ], [ 85.2974707, 27.5498218 ], [ 85.2974338, 27.5499056 ], [ 85.2973728, 27.5500073 ], [ 85.2973399, 27.5500834 ], [ 85.2973212, 27.5501725 ], [ 85.2973191, 27.5502903 ], [ 85.2973305, 27.5504781 ], [ 85.2973245, 27.5505673 ], [ 85.2972997, 27.5506612 ], [ 85.2972521, 27.5507427 ], [ 85.2971642, 27.5508218 ], [ 85.2970167, 27.5509413 ], [ 85.2969678, 27.5510037 ], [ 85.2969255, 27.5510857 ], [ 85.2969188, 27.5511755 ], [ 85.2969235, 27.551289 ], [ 85.2969188, 27.5513913 ], [ 85.2968913, 27.551468 ], [ 85.2968605, 27.5515358 ], [ 85.2968323, 27.551597 ], [ 85.296827, 27.5516517 ], [ 85.296827, 27.5517403 ], [ 85.296839, 27.551836 ], [ 85.296827, 27.5519377 ], [ 85.2967988, 27.5520393 ], [ 85.2967854, 27.5521362 ], [ 85.2967954, 27.5522177 ], [ 85.2968323, 27.5522831 ], [ 85.2968907, 27.5523508 ], [ 85.2969809, 27.5524311 ], [ 85.2970362, 27.5524908 ], [ 85.2970583, 27.5525363 ], [ 85.297067, 27.5525898 ], [ 85.2970627, 27.5526615 ], [ 85.2970288, 27.5528306 ], [ 85.2970033, 27.552956 ], [ 85.2970006, 27.5530791 ], [ 85.2970201, 27.5531718 ], [ 85.297067, 27.5532931 ], [ 85.2972159, 27.5535814 ], [ 85.2973735, 27.553865 ], [ 85.2974288, 27.5539271 ], [ 85.2974754, 27.5539622 ], [ 85.297524, 27.5539768 ], [ 85.2975786, 27.5539786 ], [ 85.2976296, 27.5539628 ], [ 85.2976638, 27.5539239 ], [ 85.29769, 27.5538751 ], [ 85.2977563, 27.553566 ], [ 85.2978288, 27.5532462 ] ] ] } },
{ "type": "Feature", "properties": { "id": "way/169846463", "name": null, "name_en": null, "name_ne": null, "highway": "primary_link", "surface": "paved", "smoothness": null, "width": "4", "lanes": null, "oneway": "yes", "bridge": null, "layer": null, "source": null, "adm0_pcode": "NPL", "adm0_name": "Nepal", "adm1_pcode": "NP03", "adm1_name": "Bagmati", "adm2_pcode": "NP0325", "adm2_name": "Lalitpur", "adm3_pcode": "NP0325101", "adm3_name": "Lalitpur", "adm4_pcode": null, "adm4_name": null, "name_latin": null, "path": "C:\\Users\\neetu\\Documents\\orimery road.geojson" }, "geometry": { "type": "MultiLineString", "coordinates": [ [ [ 85.3165426, 27.6769986 ], [ 85.3164501, 27.6769891 ], [ 85.3163608, 27.6769655 ], [ 85.3162775, 27.6769286 ], [ 85.3162026, 27.6768796 ] ] ] } },
{ "type": "Feature", "properties": { "id": "way/335622340", "name": "SanoThimi-Bode", "name_en": null, "name_ne": null, "highway": "primary", "surface": null, "smoothness": null, "width": "8", "lanes": null, "oneway": null, "bridge": null, "layer": null, "source": null, "adm0_pcode": "NPL", "adm0_name": "Nepal", "adm1_pcode": "NP03", "adm1_name": "Bagmati", "adm2_pcode": "NP0327", "adm2_name": "Kathmandu", "adm3_pcode": "NP0327306", "adm3_name": "Kageshwori Manahara", "adm4_pcode": null, "adm4_name": null, "name_latin": "SanoThimi-Bode", "path": "C:\\Users\\neetu\\Documents\\orimery road.geojson" }, "geometry": { "type": "MultiLineString", "coordinates": [ [ [ 85.3897073, 27.6894627 ], [ 85.389791, 27.6895537 ], [ 85.3898674, 27.6896226 ], [ 85.3900297, 27.689758 ], [ 85.3901409, 27.6898181 ], [ 85.3903118, 27.6899004 ], [ 85.3903738, 27.6899337 ], [ 85.3904389, 27.6899419 ], [ 85.3904865, 27.6899666 ], [ 85.3905786, 27.6900612 ], [ 85.3907032, 27.6902867 ], [ 85.3907724, 27.6903512 ], [ 85.390846, 27.6903944 ], [ 85.3912543, 27.6904982 ], [ 85.3913333, 27.690534 ], [ 85.3913999, 27.690595 ], [ 85.3914664, 27.6907255 ], [ 85.3915148, 27.6909791 ], [ 85.39157, 27.6912935 ], [ 85.3915974, 27.6913825 ], [ 85.3916082, 27.6914858 ] ] ] } },
{ "type": "Feature", "properties": { "id": "way/172385216", "name": "हत्तिसार सडक", "name_en": "Hattisar Sadak", "name_ne": "हत्तिसार सडक", "highway": "primary", "surface": "asphalt", "smoothness": null, "width": "11", "lanes": null, "oneway": null, "bridge": null, "layer": null, "source": null, "adm0_pcode": "NPL", "adm0_name": "Nepal", "adm1_pcode": "NP03", "adm1_name": "Bagmati", "adm2_pcode": "NP0327", "adm2_name": "Kathmandu", "adm3_pcode": "NP0327101", "adm3_name": "Kathmandu", "adm4_pcode": null, "adm4_name": null, "name_latin": "Hattisar Sadak", "path": "C:\\Users\\neetu\\Documents\\orimery road.geojson" }, "geometry": { "type": "MultiLineString", "coordinates": [ [ [ 85.3221256, 27.7102787 ], [ 85.3220798, 27.710354 ], [ 85.3220075, 27.7104616 ], [ 85.3219708, 27.7105115 ], [ 85.3219617, 27.7105563 ], [ 85.3219618, 27.7106088 ], [ 85.3219772, 27.7107196 ], [ 85.3220207, 27.7109317 ], [ 85.3221501, 27.7113894 ], [ 85.3221628, 27.7114367 ], [ 85.3221689, 27.7114798 ], [ 85.322173, 27.711523 ], [ 85.3221743, 27.7115644 ], [ 85.3221724, 27.7117027 ], [ 85.3221335, 27.7121043 ] ] ] } },
{ "type": "Feature", "properties": { "id": "way/38605243", "name": "CHYAMASINGH NALA ROAD", "name_en": null, "name_ne": null, "highway": "primary", "surface": null, "smoothness": null, "width": "6", "lanes": null, "oneway": "no", "bridge": null, "layer": null, "source": null, "adm0_pcode": "NPL", "adm0_name": "Nepal", "adm1_pcode": "NP03", "adm1_name": "Bagmati", "adm2_pcode": "NP0326", "adm2_name": "Bhaktapur", "adm3_pcode": "NP0326302", "adm3_name": "Changunarayan", "adm4_pcode": null, "adm4_name": null, "name_latin": "CHYAMASINGH NALA ROAD", "path": "C:\\Users\\neetu\\Documents\\orimery road.geojson" }, "geometry": { "type": "MultiLineString", "coordinates": [ [ [ 85.4383363, 27.6734343 ], [ 85.4387266, 27.6734712 ], [ 85.4390123, 27.6735056 ], [ 85.4394525, 27.6735701 ], [ 85.4403761, 27.6737064 ], [ 85.4407529, 27.673761 ], [ 85.4410318, 27.6737978 ], [ 85.4412907, 27.6738227 ], [ 85.4414477, 27.6738441 ], [ 85.4420874, 27.6739285 ], [ 85.4425605, 27.674001 ], [ 85.4427493, 27.6740395 ], [ 85.4431711, 27.6741116 ], [ 85.4432751, 27.6741342 ], [ 85.4435048, 27.6741996 ], [ 85.443608, 27.6742744 ], [ 85.443709, 27.6744313 ], [ 85.4438073, 27.6745525 ], [ 85.4438766, 27.6746035 ], [ 85.4439983, 27.6746735 ], [ 85.4442944, 27.6747756 ], [ 85.4445743, 27.6748493 ], [ 85.4447919, 27.6748901 ], [ 85.4450136, 27.6749083 ], [ 85.4451974, 27.6749017 ], [ 85.4453282, 27.6748821 ], [ 85.4454981, 27.6748245 ], [ 85.4456594, 27.6747562 ], [ 85.4461643, 27.6745234 ], [ 85.4464754, 27.6743548 ], [ 85.4469851, 27.6740009 ], [ 85.4475456, 27.6736137 ], [ 85.4476308, 27.6735688 ], [ 85.4477643, 27.6735127 ] ] ] } },
{ "type": "Feature", "properties": { "id": "way/171203196", "name": "राम शाह पथ", "name_en": "Ram Shah Path", "name_ne": "राम शाह पथ", "highway": "primary", "surface": "asphalt", "smoothness": null, "width": "6", "lanes": "1", "oneway": "yes", "bridge": null, "layer": null, "source": null, "adm0_pcode": "NPL", "adm0_name": "Nepal", "adm1_pcode": "NP03", "adm1_name": "Bagmati", "adm2_pcode": "NP0327", "adm2_name": "Kathmandu", "adm3_pcode": "NP0327101", "adm3_name": "Kathmandu", "adm4_pcode": null, "adm4_name": null, "name_latin": "Ram Shah Path", "path": "C:\\Users\\neetu\\Documents\\orimery road.geojson" }, "geometry": { "type": "MultiLineString", "coordinates": [ [ [ 85.321619, 27.6984162 ], [ 85.3215792, 27.6982304 ], [ 85.3215681, 27.698191 ], [ 85.3214135, 27.6975079 ] ] ] } },
{ "type": "Feature", "properties": { "id": "way/172673099", "name": null, "name_en": null, "name_ne": null, "highway": "primary", "surface": null, "smoothness": null, "width": "6", "lanes": null, "oneway": null, "bridge": null, "layer": null, "source": null, "adm0_pcode": "NPL", "adm0_name": "Nepal", "adm1_pcode": "NP03", "adm1_name": "Bagmati", "adm2_pcode": "NP0327", "adm2_name": "Kathmandu", "adm3_pcode": "NP0327304", "adm3_name": "Gokarneshwor", "adm4_pcode": null, "adm4_name": null, "name_latin": null, "path": "C:\\Users\\neetu\\Documents\\orimery road.geojson" }, "geometry": { "type": "MultiLineString", "coordinates": [ [ [ 85.3912132, 27.7215838 ], [ 85.3911305, 27.7213709 ], [ 85.3910861, 27.7212643 ], [ 85.3910532, 27.7211723 ], [ 85.3910326, 27.7210777 ], [ 85.3910191, 27.7209848 ], [ 85.391017, 27.7208996 ], [ 85.391021, 27.7207459 ], [ 85.3910164, 27.7207042 ], [ 85.3909935, 27.7206682 ], [ 85.3909323, 27.7206139 ], [ 85.3907427, 27.7205163 ], [ 85.3905275, 27.7203904 ], [ 85.3904483, 27.7203415 ], [ 85.3903944, 27.7203003 ], [ 85.3903468, 27.7202395 ], [ 85.3902429, 27.7200948 ], [ 85.3900956, 27.7198665 ], [ 85.3900589, 27.7197979 ], [ 85.3900256, 27.7197188 ], [ 85.3900045, 27.7196398 ], [ 85.3899925, 27.7195678 ], [ 85.3899911, 27.7194549 ], [ 85.390016, 27.7193527 ], [ 85.3900498, 27.719278 ], [ 85.3900945, 27.7192048 ], [ 85.3901656, 27.7191348 ], [ 85.3902174, 27.7190963 ], [ 85.390255, 27.7190667 ], [ 85.39029, 27.7190087 ], [ 85.3903134, 27.7189417 ], [ 85.3904043, 27.7186812 ], [ 85.3904661, 27.7185692 ], [ 85.3905282, 27.7184901 ], [ 85.3906058, 27.7184184 ], [ 85.3906991, 27.7183509 ], [ 85.3908205, 27.7182714 ], [ 85.3909524, 27.7181753 ], [ 85.3910682, 27.7180744 ], [ 85.3911763, 27.7179531 ], [ 85.3912822, 27.7178327 ], [ 85.3913451, 27.7177361 ], [ 85.3914224, 27.7176013 ], [ 85.3915075, 27.7175151 ], [ 85.3916137, 27.7174325 ], [ 85.3915606, 27.717348 ], [ 85.3915386, 27.7172464 ], [ 85.3915322, 27.717186 ], [ 85.3915349, 27.7171164 ], [ 85.3915541, 27.7170243 ], [ 85.3915836, 27.7169392 ], [ 85.3916312, 27.7168851 ], [ 85.3916846, 27.7168353 ], [ 85.3917768, 27.7167462 ], [ 85.3918661, 27.7166436 ], [ 85.3919132, 27.7165713 ], [ 85.3919518, 27.7164865 ], [ 85.3920529, 27.7161995 ], [ 85.3920914, 27.7161145 ], [ 85.3921472, 27.716012 ], [ 85.3922278, 27.715919 ], [ 85.3923722, 27.7157895 ], [ 85.3924959, 27.7156426 ], [ 85.3926104, 27.7154677 ], [ 85.3926631, 27.7153673 ], [ 85.3926802, 27.7153072 ], [ 85.3926877, 27.7152388 ], [ 85.3926781, 27.7151221 ], [ 85.3926783, 27.7150485 ], [ 85.3926958, 27.7149891 ], [ 85.3927236, 27.7149395 ], [ 85.3927688, 27.714884 ], [ 85.3929139, 27.7147879 ], [ 85.3930397, 27.7147041 ], [ 85.393152, 27.7146194 ], [ 85.3932604, 27.714537 ], [ 85.3933058, 27.7144973 ], [ 85.3933455, 27.7144544 ], [ 85.3933677, 27.7144133 ], [ 85.3933842, 27.714362 ], [ 85.3933947, 27.7143147 ], [ 85.3934032, 27.7141954 ], [ 85.3934132, 27.7140604 ], [ 85.3934327, 27.7139455 ], [ 85.3934372, 27.7138904 ], [ 85.3934196, 27.7137299 ], [ 85.393421, 27.7136661 ], [ 85.3934278, 27.713625 ], [ 85.3934469, 27.7135815 ], [ 85.3934789, 27.7135291 ], [ 85.393515, 27.7134847 ], [ 85.3935775, 27.713394 ], [ 85.3935848, 27.7133818 ], [ 85.3935966, 27.713362 ], [ 85.3936097, 27.7133271 ], [ 85.3936228, 27.7132262 ], [ 85.3936277, 27.7131289 ], [ 85.3936245, 27.713048 ], [ 85.3935874, 27.7128787 ] ] ] } },
{ "type": "Feature", "properties": { "id": "way/172387571", "name": "राम शाह पथ", "name_en": "Ram Shah Path", "name_ne": "राम शाह पथ", "highway": "primary", "surface": "asphalt", "smoothness": null, "width": "6", "lanes": "1", "oneway": "yes", "bridge": null, "layer": null, "source": null, "adm0_pcode": "NPL", "adm0_name": "Nepal", "adm1_pcode": "NP03", "adm1_name": "Bagmati", "adm2_pcode": "NP0327", "adm2_name": "Kathmandu", "adm3_pcode": "NP0327101", "adm3_name": "Kathmandu", "adm4_pcode": null, "adm4_name": null, "name_latin": "Ram Shah Path", "path": "C:\\Users\\neetu\\Documents\\orimery road.geojson" }, "geometry": { "type": "MultiLineString", "coordinates": [ [ [ 85.3215106, 27.6982099 ], [ 85.3215142, 27.6982372 ], [ 85.3215173, 27.6982599 ], [ 85.3215525, 27.6984303 ] ] ] } },
{ "type": "Feature", "properties": { "id": "way/231880679", "name": "राम शाह पथ", "name_en": "Ram Shah Path", "name_ne": "राम शाह पथ", "highway": "primary", "surface": "asphalt", "smoothness": null, "width": "6", "lanes": "1", "oneway": "yes", "bridge": null, "layer": null, "source": null, "adm0_pcode": "NPL", "adm0_name": "Nepal", "adm1_pcode": "NP03", "adm1_name": "Bagmati", "adm2_pcode": "NP0327", "adm2_name": "Kathmandu", "adm3_pcode": "NP0327101", "adm3_name": "Kathmandu", "adm4_pcode": null, "adm4_name": null, "name_latin": "Ram Shah Path", "path": "C:\\Users\\neetu\\Documents\\orimery road.geojson" }, "geometry": { "type": "MultiLineString", "coordinates": [ [ [ 85.3211998, 27.6965662 ], [ 85.321048, 27.695921 ], [ 85.3209567, 27.6954853 ], [ 85.3208762, 27.6951319 ], [ 85.3208631, 27.695065 ] ] ] } },
{ "type": "Feature", "properties": { "id": "way/278787224", "name": "Kanti Lokhpath", "name_en": null, "name_ne": "कान्ति लोकपथ", "highway": "primary", "surface": null, "smoothness": null, "width": null, "lanes": null, "oneway": null, "bridge": null, "layer": null, "source": null, "adm0_pcode": "NPL", "adm0_name": "Nepal", "adm1_pcode": "NP03", "adm1_name": "Bagmati", "adm2_pcode": "NP0325", "adm2_name": "Lalitpur", "adm3_pcode": "NP0325301", "adm3_name": "Godawari", "adm4_pcode": null, "adm4_name": null, "name_latin": "Kanti Lokhpath", "path": "C:\\Users\\neetu\\Documents\\orimery road.geojson" }, "geometry": { "type": "MultiLineString", "coordinates": [ [ [ 85.3191361, 27.5868728 ], [ 85.3192261, 27.5867874 ], [ 85.3197036, 27.5863277 ], [ 85.3197497, 27.5862888 ], [ 85.3198093, 27.5862748 ], [ 85.3198682, 27.5862667 ], [ 85.3199277, 27.5862947 ], [ 85.3199829, 27.5863949 ], [ 85.3200025, 27.5865665 ], [ 85.3199844, 27.5867735 ], [ 85.3199665, 27.5870992 ], [ 85.3199583, 27.5874388 ], [ 85.3199986, 27.5875291 ], [ 85.3200388, 27.5875957 ], [ 85.3201152, 27.587681 ], [ 85.3203499, 27.5877526 ], [ 85.3204599, 27.5877312 ], [ 85.3205753, 27.5876905 ], [ 85.3209841, 27.5874753 ], [ 85.3211075, 27.5874206 ], [ 85.3212363, 27.5873992 ], [ 85.3213126, 27.5874098 ], [ 85.3213757, 27.5874372 ], [ 85.3215367, 27.5876155 ], [ 85.3216332, 27.587694 ], [ 85.3217137, 27.5877225 ], [ 85.3219014, 27.5877415 ], [ 85.322006, 27.5878057 ], [ 85.3220516, 27.5878556 ], [ 85.3220785, 27.5879127 ], [ 85.3220999, 27.5880363 ], [ 85.3220938, 27.5881246 ], [ 85.3218939, 27.5882834 ], [ 85.3217475, 27.5883532 ], [ 85.321736, 27.5883683 ], [ 85.3216867, 27.5884333 ], [ 85.3216672, 27.5885199 ], [ 85.3215152, 27.5890086 ], [ 85.3214964, 27.5891679 ], [ 85.3215072, 27.5893156 ], [ 85.3215339, 27.5894889 ], [ 85.3219128, 27.5901348 ], [ 85.3220975, 27.5904924 ], [ 85.3223319, 27.591069 ], [ 85.322623, 27.5918089 ], [ 85.3226799, 27.5919236 ], [ 85.3227363, 27.5920686 ], [ 85.3227604, 27.5923634 ], [ 85.3227602, 27.5925987 ], [ 85.3227772, 27.592913 ], [ 85.3227772, 27.5932548 ], [ 85.32278, 27.5933414 ], [ 85.322772, 27.5934302 ], [ 85.3227615, 27.5936022 ], [ 85.3227436, 27.5938795 ], [ 85.3227406, 27.5940605 ], [ 85.3227825, 27.59481 ], [ 85.3228087, 27.5950174 ], [ 85.322873, 27.5952154 ], [ 85.3229703, 27.5954102 ], [ 85.3231265, 27.5956661 ], [ 85.3231922, 27.5958242 ] ] ] } },
{ "type": "Feature", "properties": { "id": "way/224835843", "name": null, "name_en": null, "name_ne": null, "highway": "primary", "surface": null, "smoothness": null, "width": "7", "lanes": null, "oneway": null, "bridge": null, "layer": null, "source": null, "adm0_pcode": "NPL", "adm0_name": "Nepal", "adm1_pcode": "NP03", "adm1_name": "Bagmati", "adm2_pcode": "NP0326", "adm2_name": "Bhaktapur", "adm3_pcode": "NP0326302", "adm3_name": "Changunarayan", "adm4_pcode": null, "adm4_name": null, "name_latin": null, "path": "C:\\Users\\neetu\\Documents\\orimery road.geojson" }, "geometry": { "type": "MultiLineString", "coordinates": [ [ [ 85.4383363, 27.6734343 ], [ 85.4383276, 27.6735713 ], [ 85.4383096, 27.673706 ], [ 85.4382686, 27.673853 ], [ 85.4382117, 27.6739749 ], [ 85.4381573, 27.6740693 ], [ 85.4380929, 27.6741451 ], [ 85.4380198, 27.6742134 ], [ 85.4379038, 27.6743159 ], [ 85.4378005, 27.6744029 ], [ 85.4376749, 27.6745057 ], [ 85.437513, 27.6746339 ], [ 85.4372897, 27.6748099 ], [ 85.4372008, 27.6748901 ], [ 85.4371522, 27.674943 ], [ 85.4371056, 27.6750219 ], [ 85.4370816, 27.6750889 ], [ 85.4370676, 27.6751927 ], [ 85.437085, 27.6753388 ], [ 85.4371137, 27.6754959 ], [ 85.4371481, 27.6757675 ], [ 85.4371355, 27.6760821 ], [ 85.437129, 27.6762014 ], [ 85.4371166, 27.6763417 ], [ 85.4371006, 27.6764541 ], [ 85.4370991, 27.6764626 ], [ 85.4370514, 27.676729 ], [ 85.4369646, 27.677075 ], [ 85.4368917, 27.6773757 ] ] ] } },
{ "type": "Feature", "properties": { "id": "way/171215514", "name": "तिन धारा सडक", "name_en": "Tin Dhara Sadak", "name_ne": "तिन धारा सडक", "highway": "primary", "surface": "asphalt", "smoothness": null, "width": "11", "lanes": "2", "oneway": null, "bridge": null, "layer": null, "source": null, "adm0_pcode": "NPL", "adm0_name": "Nepal", "adm1_pcode": "NP03", "adm1_name": "Bagmati", "adm2_pcode": "NP0327", "adm2_name": "Kathmandu", "adm3_pcode": "NP0327101", "adm3_name": "Kathmandu", "adm4_pcode": null, "adm4_name": null, "name_latin": "Tin Dhara Sadak", "path": "C:\\Users\\neetu\\Documents\\orimery road.geojson" }, "geometry": { "type": "MultiLineString", "coordinates": [ [ [ 85.3220779, 27.7096378 ], [ 85.3221684, 27.7101133 ], [ 85.3221649, 27.7101576 ], [ 85.3221578, 27.7101955 ], [ 85.3221256, 27.7102787 ] ] ] } },
{ "type": "Feature", "properties": { "id": "way/173044198", "name": "राम शाह पथ", "name_en": "Ram Shah Path", "name_ne": "राम शाह पथ", "highway": "primary", "surface": "asphalt", "smoothness": null, "width": "6", "lanes": "1", "oneway": "yes", "bridge": null, "layer": null, "source": null, "adm0_pcode": "NPL", "adm0_name": "Nepal", "adm1_pcode": "NP03", "adm1_name": "Bagmati", "adm2_pcode": "NP0327", "adm2_name": "Kathmandu", "adm3_pcode": "NP0327101", "adm3_name": "Kathmandu", "adm4_pcode": null, "adm4_name": null, "name_latin": "Ram Shah Path", "path": "C:\\Users\\neetu\\Documents\\orimery road.geojson" }, "geometry": { "type": "MultiLineString", "coordinates": [ [ [ 85.320728, 27.6950287 ], [ 85.3207818, 27.6951005 ], [ 85.3208126, 27.6951757 ], [ 85.3209069, 27.6956279 ], [ 85.320967, 27.6959161 ], [ 85.3211274, 27.6966292 ] ] ] } },
{ "type": "Feature", "properties": { "id": "way/32133065", "name": "Puspalal Marg", "name_en": null, "name_ne": null, "highway": "primary", "surface": "paved", "smoothness": null, "width": "8", "lanes": "4", "oneway": "no", "bridge": null, "layer": null, "source": null, "adm0_pcode": "NPL", "adm0_name": "Nepal", "adm1_pcode": "NP03", "adm1_name": "Bagmati", "adm2_pcode": "NP0327", "adm2_name": "Kathmandu", "adm3_pcode": "NP0327306", "adm3_name": "Kageshwori Manahara", "adm4_pcode": null, "adm4_name": null, "name_latin": "Puspalal Marg", "path": "C:\\Users\\neetu\\Documents\\orimery road.geojson" }, "geometry": { "type": "MultiLineString", "coordinates": [ [ [ 85.3865084, 27.7222908 ], [ 85.386592, 27.722303 ], [ 85.3871735, 27.7223952 ], [ 85.3875281, 27.7224824 ], [ 85.3877756, 27.7225491 ], [ 85.3881882, 27.722654 ], [ 85.3884671, 27.7227114 ], [ 85.3885804, 27.7227228 ], [ 85.388634, 27.7227253 ], [ 85.3886616, 27.7227255 ], [ 85.3887432, 27.7227202 ], [ 85.3888244, 27.7227035 ], [ 85.3889063, 27.7226769 ], [ 85.3890295, 27.7226211 ], [ 85.3894483, 27.7224257 ], [ 85.38952, 27.722398 ], [ 85.3896045, 27.7223652 ], [ 85.3897077, 27.7223286 ], [ 85.3898288, 27.7223014 ], [ 85.3899503, 27.7222888 ], [ 85.3901595, 27.7222827 ], [ 85.3902415, 27.7222756 ], [ 85.3903089, 27.7222586 ], [ 85.3903804, 27.7222233 ], [ 85.3904606, 27.7221699 ], [ 85.3906244, 27.7220588 ], [ 85.3907262, 27.7220046 ], [ 85.3908158, 27.7219675 ], [ 85.3909323, 27.7219207 ], [ 85.3910172, 27.7218775 ], [ 85.3910865, 27.7218196 ], [ 85.391114, 27.7217853 ], [ 85.3911415, 27.7217509 ], [ 85.3911705, 27.7216999 ], [ 85.3911925, 27.7216421 ], [ 85.3912132, 27.7215838 ], [ 85.3912957, 27.7215022 ], [ 85.391378, 27.7214402 ], [ 85.3914172, 27.7214107 ], [ 85.3917522, 27.7211941 ], [ 85.3920741, 27.7209679 ], [ 85.3922282, 27.7208452 ], [ 85.3923698, 27.7207127 ], [ 85.3925056, 27.7205617 ], [ 85.3926635, 27.7203672 ], [ 85.3927989, 27.7201931 ], [ 85.3929005, 27.7200071 ], [ 85.3929621, 27.7198746 ], [ 85.3931113, 27.7195308 ], [ 85.3932446, 27.7191967 ], [ 85.3933345, 27.7190322 ], [ 85.3934001, 27.7189767 ], [ 85.3934749, 27.7189442 ], [ 85.3935424, 27.7189333 ], [ 85.3936397, 27.7189421 ], [ 85.3937365, 27.7189688 ], [ 85.3938387, 27.7190287 ], [ 85.3940213, 27.7191972 ], [ 85.3942161, 27.7194162 ], [ 85.3943708, 27.7195973 ], [ 85.3945584, 27.7197641 ], [ 85.3947168, 27.7198888 ], [ 85.3950643, 27.7201404 ], [ 85.3952618, 27.7203266 ], [ 85.3953365, 27.7204136 ], [ 85.3953951, 27.7204796 ], [ 85.3954857, 27.7205591 ], [ 85.3959041, 27.7208299 ], [ 85.3959847, 27.7208834 ], [ 85.3960751, 27.7209607 ], [ 85.39621, 27.7211093 ], [ 85.3963137, 27.7211868 ], [ 85.3963868, 27.7212242 ], [ 85.3965095, 27.7212341 ], [ 85.3966349, 27.721182 ], [ 85.3969759, 27.7210148 ], [ 85.3970801, 27.7209814 ], [ 85.3971492, 27.7209714 ], [ 85.3972182, 27.7209677 ], [ 85.3973354, 27.7209758 ], [ 85.3976458, 27.7210395 ], [ 85.3978554, 27.7210874 ], [ 85.3979786, 27.7211262 ], [ 85.3980917, 27.7211731 ], [ 85.3981681, 27.7212336 ], [ 85.3982383, 27.7213076 ], [ 85.3983208, 27.7214326 ], [ 85.3984051, 27.7216057 ], [ 85.398473, 27.7217858 ], [ 85.3984861, 27.7219238 ], [ 85.398458, 27.7220473 ], [ 85.3983934, 27.7222666 ], [ 85.3983623, 27.722374 ], [ 85.3983424, 27.7225046 ], [ 85.3983338, 27.7226351 ], [ 85.3983484, 27.7228213 ], [ 85.3983669, 27.7229105 ], [ 85.3983828, 27.7229567 ], [ 85.398411, 27.7229974 ], [ 85.3984503, 27.7230299 ], [ 85.3984931, 27.723049 ], [ 85.3985825, 27.7230701 ], [ 85.3987802, 27.7230812 ], [ 85.3989057, 27.7230882 ], [ 85.3990536, 27.7231097 ], [ 85.3994799, 27.7232181 ], [ 85.3997848, 27.723306 ], [ 85.3998722, 27.7233452 ], [ 85.3999437, 27.7234042 ], [ 85.4002278, 27.7237483 ], [ 85.4004678, 27.724039 ], [ 85.4005499, 27.724112 ], [ 85.4006259, 27.7241631 ], [ 85.4007982, 27.7242653 ], [ 85.4008915, 27.7243118 ], [ 85.4011489, 27.7244372 ], [ 85.4016913, 27.724664 ], [ 85.4018074, 27.7246878 ], [ 85.4019322, 27.7246961 ], [ 85.4021977, 27.7246806 ], [ 85.4023907, 27.7246535 ], [ 85.4024631, 27.7246488 ], [ 85.4025382, 27.7246559 ], [ 85.4026032, 27.7246737 ], [ 85.4026522, 27.7247069 ], [ 85.4027769, 27.7248482 ], [ 85.4029185, 27.7250559 ], [ 85.4031244, 27.7253714 ], [ 85.4032275, 27.7254786 ], [ 85.4033078, 27.7255398 ], [ 85.4033989, 27.7255954 ], [ 85.4036471, 27.7257328 ], [ 85.4039831, 27.7259467 ], [ 85.4043153, 27.7262306 ], [ 85.4044811, 27.7263837 ], [ 85.4051535, 27.7269252 ], [ 85.4057094, 27.7273025 ], [ 85.4058183, 27.7273511 ], [ 85.405969, 27.7273725 ], [ 85.4061427, 27.7273632 ], [ 85.4062214, 27.7273415 ], [ 85.406332, 27.7272992 ], [ 85.4066429, 27.7271602 ], [ 85.4067179, 27.7271361 ], [ 85.4068141, 27.7271193 ], [ 85.4069235, 27.7271125 ], [ 85.4071098, 27.7271149 ], [ 85.4072303, 27.7271096 ], [ 85.4073777, 27.7270944 ], [ 85.4075027, 27.727082 ], [ 85.4076437, 27.7270807 ], [ 85.407761, 27.727091 ], [ 85.4079031, 27.7271183 ], [ 85.4080666, 27.7271699 ], [ 85.4081921, 27.7272196 ], [ 85.4085063, 27.7273464 ], [ 85.4088898, 27.7274746 ], [ 85.409111, 27.7275323 ], [ 85.4093086, 27.7275712 ], [ 85.409423, 27.7275853 ], [ 85.4095536, 27.7275907 ], [ 85.4096793, 27.7275611 ], [ 85.4097707, 27.727522 ], [ 85.4098832, 27.7274568 ], [ 85.4100184, 27.7273556 ], [ 85.4101431, 27.7272362 ], [ 85.4102253, 27.7271418 ], [ 85.410263, 27.7270729 ], [ 85.4103368, 27.7268491 ], [ 85.4103714, 27.726778 ], [ 85.4104225, 27.7267157 ], [ 85.4105084, 27.726674 ], [ 85.4105798, 27.726656 ], [ 85.410663, 27.7266615 ], [ 85.4107272, 27.726691 ], [ 85.4107695, 27.7267269 ], [ 85.4108242, 27.7268023 ], [ 85.4108584, 27.7268531 ], [ 85.4108783, 27.726883 ], [ 85.4109194, 27.7269115 ], [ 85.4109766, 27.7269278 ], [ 85.4111037, 27.7269489 ], [ 85.4114095, 27.7269738 ], [ 85.4117525, 27.7270074 ], [ 85.4124262, 27.7270128 ], [ 85.4127529, 27.7269973 ], [ 85.4129061, 27.7269841 ], [ 85.4132577, 27.7269428 ], [ 85.4134204, 27.7269338 ], [ 85.4135608, 27.7269373 ], [ 85.4136815, 27.7269359 ], [ 85.413927, 27.7269204 ], [ 85.4141098, 27.7269207 ], [ 85.4144175, 27.7269362 ], [ 85.414568, 27.7269466 ], [ 85.4146885, 27.7269613 ], [ 85.4151219, 27.7270932 ], [ 85.4154259, 27.7271679 ], [ 85.4155305, 27.727188 ], [ 85.4156424, 27.7271937 ], [ 85.415766, 27.7271924 ], [ 85.4161059, 27.7271711 ], [ 85.4161996, 27.7271691 ], [ 85.4162817, 27.727176 ], [ 85.4163877, 27.7272025 ], [ 85.4166502, 27.7272765 ], [ 85.4167626, 27.7272931 ], [ 85.4168481, 27.7272951 ], [ 85.4169308, 27.7272932 ], [ 85.4170742, 27.7272725 ], [ 85.4175872, 27.7271555 ], [ 85.4177298, 27.7271201 ], [ 85.4180056, 27.7270561 ], [ 85.4182626, 27.7270032 ], [ 85.4183633, 27.7269796 ], [ 85.4184532, 27.7269508 ], [ 85.4186594, 27.7268688 ], [ 85.4188365, 27.7268001 ], [ 85.419042, 27.7267338 ], [ 85.4191437, 27.7267092 ], [ 85.4192341, 27.7266973 ], [ 85.4196033, 27.7266638 ], [ 85.419809, 27.7266305 ], [ 85.4200026, 27.7265852 ], [ 85.4202057, 27.7265532 ], [ 85.4203221, 27.7265478 ], [ 85.4204828, 27.7265638 ], [ 85.4205918, 27.7265804 ], [ 85.4206926, 27.7265907 ], [ 85.4207766, 27.7265877 ], [ 85.420831, 27.7265825 ], [ 85.4209349, 27.726545 ], [ 85.421033, 27.7264938 ], [ 85.4213877, 27.7262912 ], [ 85.4215162, 27.7262406 ], [ 85.4216359, 27.7262017 ], [ 85.4217218, 27.7261891 ], [ 85.4218032, 27.7261949 ], [ 85.4218854, 27.7262165 ], [ 85.4220723, 27.7263345 ], [ 85.4222086, 27.7264149 ], [ 85.42238, 27.7264922 ], [ 85.4225114, 27.7265267 ], [ 85.4226546, 27.72655 ], [ 85.4227491, 27.726562 ], [ 85.4228467, 27.7265857 ], [ 85.4228878, 27.7266101 ], [ 85.4229182, 27.7266572 ], [ 85.4229206, 27.7267079 ], [ 85.4228875, 27.7268611 ], [ 85.4228732, 27.7269964 ], [ 85.422869, 27.7271248 ], [ 85.4228925, 27.727252 ], [ 85.4229631, 27.7273838 ], [ 85.4231179, 27.7275709 ], [ 85.4235096, 27.7279333 ], [ 85.4236681, 27.728061 ], [ 85.4238369, 27.7281507 ], [ 85.4238994, 27.7281799 ], [ 85.4240982, 27.7282535 ], [ 85.4243148, 27.7283145 ], [ 85.424505, 27.728358 ], [ 85.4246737, 27.7283816 ], [ 85.4247224, 27.7283856 ], [ 85.4248832, 27.7283881 ], [ 85.42507, 27.7283681 ], [ 85.4252919, 27.7283315 ], [ 85.4254731, 27.7283241 ], [ 85.4256113, 27.7283365 ], [ 85.4257142, 27.7283653 ], [ 85.4258232, 27.7283958 ], [ 85.4261084, 27.7284777 ], [ 85.426261, 27.7285543 ], [ 85.4263625, 27.7286415 ], [ 85.4265906, 27.7288801 ], [ 85.4266746, 27.728942 ], [ 85.4267411, 27.728978 ], [ 85.4268888, 27.7290293 ], [ 85.4276074, 27.7291451 ], [ 85.4281989, 27.7292405 ], [ 85.4292743, 27.72939 ], [ 85.429496, 27.7294208 ] ] ] } },
{ "type": "Feature", "properties": { "id": "way/340962608", "name": null, "name_en": null, "name_ne": null, "highway": "primary", "surface": null, "smoothness": null, "width": null, "lanes": null, "oneway": null, "bridge": null, "layer": null, "source": null, "adm0_pcode": "NPL", "adm0_name": "Nepal", "adm1_pcode": "NP03", "adm1_name": "Bagmati", "adm2_pcode": "NP0325", "adm2_name": "Lalitpur", "adm3_pcode": "NP0325401", "adm3_name": "Bagmati", "adm4_pcode": null, "adm4_name": null, "name_latin": null, "path": "C:\\Users\\neetu\\Documents\\orimery road.geojson" }, "geometry": { "type": "MultiLineString", "coordinates": [ [ [ 85.2920412, 27.5307514 ], [ 85.2920588, 27.5307159 ], [ 85.2920822, 27.5306949 ], [ 85.292183, 27.5306248 ], [ 85.2922132, 27.5305731 ], [ 85.2923123, 27.5305291 ], [ 85.292453, 27.5304893 ], [ 85.2924685, 27.5304697 ], [ 85.292553, 27.5304387 ], [ 85.2926288, 27.5303818 ], [ 85.2926725, 27.5302887 ], [ 85.2926959, 27.5301621 ], [ 85.2927232, 27.5301058 ], [ 85.2928784, 27.5299583 ], [ 85.2930328, 27.5299026 ], [ 85.2931987, 27.5298178 ], [ 85.2933827, 27.5296962 ], [ 85.2934665, 27.5296385 ], [ 85.2935416, 27.5295648 ], [ 85.2935915, 27.5294841 ], [ 85.2935834, 27.5293663 ], [ 85.2935736, 27.529244 ], [ 85.2935823, 27.5291801 ], [ 85.2936012, 27.5290905 ] ] ] } },
{ "type": "Feature", "properties": { "id": "way/257752684", "name": "राम शाह पथ", "name_en": "Ram Shah Path", "name_ne": "राम शाह पथ", "highway": "primary", "surface": "asphalt", "smoothness": null, "width": "6", "lanes": "1", "oneway": "yes", "bridge": null, "layer": null, "source": null, "adm0_pcode": "NPL", "adm0_name": "Nepal", "adm1_pcode": "NP03", "adm1_name": "Bagmati", "adm2_pcode": "NP0327", "adm2_name": "Kathmandu", "adm3_pcode": "NP0327101", "adm3_name": "Kathmandu", "adm4_pcode": null, "adm4_name": null, "name_latin": "Ram Shah Path", "path": "C:\\Users\\neetu\\Documents\\orimery road.geojson" }, "geometry": { "type": "MultiLineString", "coordinates": [ [ [ 85.3214135, 27.6975079 ], [ 85.3211998, 27.6965662 ] ] ] } },
{ "type": "Feature", "properties": { "id": "way/753805285", "name": "कान्ति पथ", "name_en": "Kanti Path", "name_ne": "कान्ति पथ", "highway": "primary", "surface": "asphalt", "smoothness": "good", "width": "14", "lanes": "2", "oneway": null, "bridge": null, "layer": null, "source": null, "adm0_pcode": "NPL", "adm0_name": "Nepal", "adm1_pcode": "NP03", "adm1_name": "Bagmati", "adm2_pcode": "NP0327", "adm2_name": "Kathmandu", "adm3_pcode": "NP0327101", "adm3_name": "Kathmandu", "adm4_pcode": null, "adm4_name": null, "name_latin": "Kanti Path", "path": "C:\\Users\\neetu\\Documents\\orimery road.geojson" }, "geometry": { "type": "MultiLineString", "coordinates": [ [ [ 85.3149779, 27.7114773 ], [ 85.315187, 27.7126665 ] ] ] } },
{ "type": "Feature", "properties": { "id": "way/232095626", "name": null, "name_en": null, "name_ne": null, "highway": "primary", "surface": "asphalt", "smoothness": null, "width": "7", "lanes": "2", "oneway": null, "bridge": null, "layer": null, "source": null, "adm0_pcode": "NPL", "adm0_name": "Nepal", "adm1_pcode": "NP03", "adm1_name": "Bagmati", "adm2_pcode": "NP0326", "adm2_name": "Bhaktapur", "adm3_pcode": "NP0326302", "adm3_name": "Changunarayan", "adm4_pcode": null, "adm4_name": null, "name_latin": null, "path": "C:\\Users\\neetu\\Documents\\orimery road.geojson" }, "geometry": { "type": "MultiLineString", "coordinates": [ [ [ 85.3984387, 27.6800095 ], [ 85.3978791, 27.6801298 ], [ 85.3973575, 27.6802443 ], [ 85.3968742, 27.680349 ], [ 85.3956899, 27.6805909 ], [ 85.3952722, 27.6806825 ], [ 85.3944973, 27.6808481 ], [ 85.393869, 27.6809894 ], [ 85.3935324, 27.6810565 ], [ 85.3932253, 27.6811121 ], [ 85.392969, 27.6811656 ], [ 85.3927116, 27.6812475 ], [ 85.3925077, 27.6813521 ], [ 85.3921799, 27.6815262 ], [ 85.3912111, 27.6820083 ], [ 85.3906015, 27.6823202 ], [ 85.3901567, 27.682545 ], [ 85.3901035, 27.6825697 ], [ 85.3900449, 27.6825944 ], [ 85.3899866, 27.6826139 ], [ 85.3893543, 27.6827356 ], [ 85.3881457, 27.6829593 ], [ 85.3875853, 27.6830644 ], [ 85.3875192, 27.6830751 ], [ 85.387317, 27.683088 ], [ 85.387294, 27.6830874 ], [ 85.386876, 27.6830694 ], [ 85.3864954, 27.6830008 ], [ 85.3858259, 27.6828756 ] ] ] } },
{ "type": "Feature", "properties": { "id": "way/232095617", "name": "राम शाह पथ", "name_en": "Ram Shah Path", "name_ne": "राम शाह पथ", "highway": "primary", "surface": "asphalt", "smoothness": null, "width": "6", "lanes": "1", "oneway": "yes", "bridge": null, "layer": null, "source": null, "adm0_pcode": "NPL", "adm0_name": "Nepal", "adm1_pcode": "NP03", "adm1_name": "Bagmati", "adm2_pcode": "NP0327", "adm2_name": "Kathmandu", "adm3_pcode": "NP0327101", "adm3_name": "Kathmandu", "adm4_pcode": null, "adm4_name": null, "name_latin": "Ram Shah Path", "path": "C:\\Users\\neetu\\Documents\\orimery road.geojson" }, "geometry": { "type": "MultiLineString", "coordinates": [ [ [ 85.3211274, 27.6966292 ], [ 85.3214495, 27.6979654 ], [ 85.3215106, 27.6982099 ] ] ] } },
{ "type": "Feature", "properties": { "id": "way/342998885", "name": null, "name_en": null, "name_ne": null, "highway": "primary", "surface": null, "smoothness": null, "width": "6", "lanes": "2", "oneway": "yes", "bridge": null, "layer": null, "source": null, "adm0_pcode": "NPL", "adm0_name": "Nepal", "adm1_pcode": "NP03", "adm1_name": "Bagmati", "adm2_pcode": "NP0325", "adm2_name": "Lalitpur", "adm3_pcode": "NP0325101", "adm3_name": "Lalitpur", "adm4_pcode": null, "adm4_name": null, "name_latin": null, "path": "C:\\Users\\neetu\\Documents\\orimery road.geojson" }, "geometry": { "type": "MultiLineString", "coordinates": [ [ [ 85.3277214, 27.6614518 ], [ 85.3288926, 27.6628809 ], [ 85.3291667, 27.6632154 ], [ 85.3298301, 27.663999 ], [ 85.3299824, 27.6641908 ], [ 85.3301018, 27.6643312 ], [ 85.3302891, 27.664561 ], [ 85.3305299, 27.6648627 ], [ 85.3307904, 27.6651748 ], [ 85.331016, 27.6654497 ], [ 85.3313863, 27.6658965 ], [ 85.3315942, 27.6661566 ], [ 85.3318217, 27.6664267 ], [ 85.3319846, 27.6666258 ] ] ] } },
{ "type": "Feature", "properties": { "id": "way/231194709", "name": "कान्ति पथ", "name_en": "Kanti Path", "name_ne": "कान्ति पथ", "highway": "primary", "surface": "asphalt", "smoothness": null, "width": "14", "lanes": "4", "oneway": "yes", "bridge": null, "layer": null, "source": null, "adm0_pcode": "NPL", "adm0_name": "Nepal", "adm1_pcode": "NP03", "adm1_name": "Bagmati", "adm2_pcode": "NP0327", "adm2_name": "Kathmandu", "adm3_pcode": "NP0327101", "adm3_name": "Kathmandu", "adm4_pcode": null, "adm4_name": null, "name_latin": "Kanti Path", "path": "C:\\Users\\neetu\\Documents\\orimery road.geojson" }, "geometry": { "type": "MultiLineString", "coordinates": [ [ [ 85.3136218, 27.7022125 ], [ 85.3136751, 27.7028812 ] ] ] } },
{ "type": "Feature", "properties": { "id": "way/1076312959", "name": "Shree Ganesh Marga", "name_en": null, "name_ne": null, "highway": "primary", "surface": null, "smoothness": null, "width": null, "lanes": null, "oneway": null, "bridge": null, "layer": null, "source": null, "adm0_pcode": "NPL", "adm0_name": "Nepal", "adm1_pcode": "NP03", "adm1_name": "Bagmati", "adm2_pcode": "NP0327", "adm2_name": "Kathmandu", "adm3_pcode": "NP0327101", "adm3_name": "Kathmandu", "adm4_pcode": null, "adm4_name": null, "name_latin": "Shree Ganesh Marga", "path": "C:\\Users\\neetu\\Documents\\orimery road.geojson" }, "geometry": { "type": "MultiLineString", "coordinates": [ [ [ 85.3446458, 27.6861978 ], [ 85.3446733, 27.6862612 ] ] ] } },
{ "type": "Feature", "properties": { "id": "way/172387593", "name": "कान्ति पथ", "name_en": "Kanti Path", "name_ne": "कान्ति पथ", "highway": "primary", "surface": "asphalt", "smoothness": null, "width": "14", "lanes": null, "oneway": "yes", "bridge": null, "layer": null, "source": null, "adm0_pcode": "NPL", "adm0_name": "Nepal", "adm1_pcode": "NP03", "adm1_name": "Bagmati", "adm2_pcode": "NP0327", "adm2_name": "Kathmandu", "adm3_pcode": "NP0327101", "adm3_name": "Kathmandu", "adm4_pcode": null, "adm4_name": null, "name_latin": "Kanti Path", "path": "C:\\Users\\neetu\\Documents\\orimery road.geojson" }, "geometry": { "type": "MultiLineString", "coordinates": [ [ [ 85.3136751, 27.7028812 ], [ 85.3136902, 27.7035009 ], [ 85.3136913, 27.7036523 ], [ 85.3136896, 27.7036951 ] ] ] } },
{ "type": "Feature", "properties": { "id": "way/351926855", "name": "दरबार मार्ग", "name_en": "Durbar Marg", "name_ne": "दरबार मार्ग", "highway": "primary", "surface": "asphalt", "smoothness": null, "width": "14", "lanes": null, "oneway": "yes", "bridge": null, "layer": null, "source": null, "adm0_pcode": "NPL", "adm0_name": "Nepal", "adm1_pcode": "NP03", "adm1_name": "Bagmati", "adm2_pcode": "NP0327", "adm2_name": "Kathmandu", "adm3_pcode": "NP0327101", "adm3_name": "Kathmandu", "adm4_pcode": null, "adm4_name": null, "name_latin": "Durbar Marg", "path": "C:\\Users\\neetu\\Documents\\orimery road.geojson" }, "geometry": { "type": "MultiLineString", "coordinates": [ [ [ 85.316312, 27.7047375 ], [ 85.3163468, 27.7040994 ], [ 85.3163624, 27.7038598 ], [ 85.3163832, 27.7035209 ], [ 85.3163909, 27.7034228 ], [ 85.3164151, 27.7029849 ], [ 85.3164487, 27.7024814 ] ] ] } },
{ "type": "Feature", "properties": { "id": "way/169337735", "name": "राम शाह पथ", "name_en": "Ram Shah Path", "name_ne": "राम शाह पथ", "highway": "primary", "surface": "paved", "smoothness": null, "width": "6", "lanes": "1", "oneway": "yes", "bridge": null, "layer": null, "source": null, "adm0_pcode": "NPL", "adm0_name": "Nepal", "adm1_pcode": "NP03", "adm1_name": "Bagmati", "adm2_pcode": "NP0327", "adm2_name": "Kathmandu", "adm3_pcode": "NP0327101", "adm3_name": "Kathmandu", "adm4_pcode": null, "adm4_name": null, "name_latin": "Ram Shah Path", "path": "C:\\Users\\neetu\\Documents\\orimery road.geojson" }, "geometry": { "type": "MultiLineString", "coordinates": [ [ [ 85.3223011, 27.7016058 ], [ 85.322198, 27.7010382 ], [ 85.3221747, 27.7009296 ], [ 85.3220573, 27.7003813 ], [ 85.3219512, 27.6998787 ], [ 85.3219162, 27.6997126 ], [ 85.3219108, 27.6996871 ], [ 85.321771, 27.6990804 ], [ 85.3216962, 27.6987575 ], [ 85.3216705, 27.6986423 ], [ 85.3216682, 27.6986336 ], [ 85.3216633, 27.6986118 ], [ 85.3216367, 27.6984944 ] ] ] } },
{ "type": "Feature", "properties": { "id": "way/691745190", "name": "राम शाह पथ", "name_en": "Ram Shah Path", "name_ne": "राम शाह पथ", "highway": "primary", "surface": "paved", "smoothness": null, "width": "6", "lanes": "1", "oneway": "yes", "bridge": null, "layer": null, "source": null, "adm0_pcode": "NPL", "adm0_name": "Nepal", "adm1_pcode": "NP03", "adm1_name": "Bagmati", "adm2_pcode": "NP0327", "adm2_name": "Kathmandu", "adm3_pcode": "NP0327101", "adm3_name": "Kathmandu", "adm4_pcode": null, "adm4_name": null, "name_latin": "Ram Shah Path", "path": "C:\\Users\\neetu\\Documents\\orimery road.geojson" }, "geometry": { "type": "MultiLineString", "coordinates": [ [ [ 85.3215704, 27.6985068 ], [ 85.3215957, 27.6986275 ], [ 85.3216021, 27.6986557 ], [ 85.3216276, 27.6987795 ], [ 85.3217018, 27.6991004 ], [ 85.3218015, 27.6995347 ], [ 85.3218428, 27.699702 ], [ 85.3218476, 27.6997257 ], [ 85.321851, 27.6997424 ], [ 85.3219513, 27.7001958 ], [ 85.3221132, 27.7009399 ], [ 85.322136, 27.7010449 ], [ 85.3221606, 27.701157 ], [ 85.322224, 27.7016164 ] ] ] } },
{ "type": "Feature", "properties": { "id": "way/4840283", "name": "नारायणहिटी पथ", "name_en": "Narayanhiti Path", "name_ne": "नारायणहिटी पथ", "highway": "primary", "surface": "asphalt", "smoothness": "excellent", "width": "9", "lanes": "4", "oneway": null, "bridge": null, "layer": null, "source": null, "adm0_pcode": "NPL", "adm0_name": "Nepal", "adm1_pcode": "NP03", "adm1_name": "Bagmati", "adm2_pcode": "NP0327", "adm2_name": "Kathmandu", "adm3_pcode": "NP0327101", "adm3_name": "Kathmandu", "adm4_pcode": null, "adm4_name": null, "name_latin": "Narayanhiti Path", "path": "C:\\Users\\neetu\\Documents\\orimery road.geojson" }, "geometry": { "type": "MultiLineString", "coordinates": [ [ [ 85.3153947, 27.7136511 ], [ 85.3155689, 27.7136172 ], [ 85.3173121, 27.7133002 ], [ 85.3175133, 27.7132603 ], [ 85.3176602, 27.7132343 ], [ 85.3177914, 27.7132165 ], [ 85.3178924, 27.7132118 ] ] ] } },
{ "type": "Feature", "properties": { "id": "way/171603744", "name": "दरबार मार्ग", "name_en": "Durbar Marg", "name_ne": "दरबार मार्ग", "highway": "primary", "surface": "asphalt", "smoothness": null, "width": "4", "lanes": "4", "oneway": "yes", "bridge": null, "layer": null, "source": null, "adm0_pcode": "NPL", "adm0_name": "Nepal", "adm1_pcode": "NP03", "adm1_name": "Bagmati", "adm2_pcode": "NP0327", "adm2_name": "Kathmandu", "adm3_pcode": "NP0327101", "adm3_name": "Kathmandu", "adm4_pcode": null, "adm4_name": null, "name_latin": "Durbar Marg", "path": "C:\\Users\\neetu\\Documents\\orimery road.geojson" }, "geometry": { "type": "MultiLineString", "coordinates": [ [ [ 85.3164487, 27.7024814 ], [ 85.3164755, 27.7021324 ], [ 85.3165018, 27.7017791 ], [ 85.3166044, 27.6999545 ] ] ] } },
{ "type": "Feature", "properties": { "id": "way/126552258", "name": null, "name_en": null, "name_ne": null, "highway": "primary", "surface": null, "smoothness": null, "width": "6", "lanes": null, "oneway": null, "bridge": "yes", "layer": "1", "source": null, "adm0_pcode": "NPL", "adm0_name": "Nepal", "adm1_pcode": "NP03", "adm1_name": "Bagmati", "adm2_pcode": "NP0326", "adm2_name": "Bhaktapur", "adm3_pcode": "NP0326302", "adm3_name": "Changunarayan", "adm4_pcode": null, "adm4_name": null, "name_latin": null, "path": "C:\\Users\\neetu\\Documents\\orimery road.geojson" }, "geometry": { "type": "MultiLineString", "coordinates": [ [ [ 85.4477643, 27.6735127 ], [ 85.4480463, 27.6734608 ] ] ] } },
{ "type": "Feature", "properties": { "id": "way/171378515", "name": "Bode to Purano Thimi", "name_en": null, "name_ne": null, "highway": "primary", "surface": "asphalt", "smoothness": null, "width": "8", "lanes": null, "oneway": null, "bridge": null, "layer": null, "source": null, "adm0_pcode": "NPL", "adm0_name": "Nepal", "adm1_pcode": "NP03", "adm1_name": "Bagmati", "adm2_pcode": "NP0326", "adm2_name": "Bhaktapur", "adm3_pcode": "NP0326301", "adm3_name": "Madhyapur Thimi", "adm4_pcode": null, "adm4_name": null, "name_latin": "Bode to Purano Thimi", "path": "C:\\Users\\neetu\\Documents\\orimery road.geojson" }, "geometry": { "type": "MultiLineString", "coordinates": [ [ [ 85.3897073, 27.6894627 ], [ 85.3893239, 27.6887172 ], [ 85.3892715, 27.6886411 ], [ 85.3889993, 27.6882459 ], [ 85.3889515, 27.6881792 ], [ 85.3885625, 27.6876366 ], [ 85.3880596, 27.6865817 ], [ 85.3880461, 27.6865192 ], [ 85.3880036, 27.6863233 ], [ 85.3879697, 27.6859433 ], [ 85.3878442, 27.6855889 ], [ 85.3876788, 27.6852555 ], [ 85.3876055, 27.6850677 ], [ 85.3876067, 27.6845918 ], [ 85.3876055, 27.6843272 ], [ 85.3876055, 27.6842202 ], [ 85.3875168, 27.683831 ], [ 85.387365, 27.6832095 ], [ 85.387317, 27.683088 ] ] ] } },
{ "type": "Feature", "properties": { "id": "way/172387589", "name": "Kanti Path", "name_en": null, "name_ne": null, "highway": "primary", "surface": "asphalt", "smoothness": "good", "width": "14", "lanes": "2", "oneway": null, "bridge": null, "layer": null, "source": null, "adm0_pcode": "NPL", "adm0_name": "Nepal", "adm1_pcode": "NP03", "adm1_name": "Bagmati", "adm2_pcode": "NP0327", "adm2_name": "Kathmandu", "adm3_pcode": "NP0327101", "adm3_name": "Kathmandu", "adm4_pcode": null, "adm4_name": null, "name_latin": "Kanti Path", "path": "C:\\Users\\neetu\\Documents\\orimery road.geojson" }, "geometry": { "type": "MultiLineString", "coordinates": [ [ [ 85.315187, 27.7126665 ], [ 85.3152863, 27.7131371 ], [ 85.315301, 27.7132072 ], [ 85.3153079, 27.7132394 ], [ 85.315366, 27.7135152 ], [ 85.3153947, 27.7136511 ] ] ] } },
{ "type": "Feature", "properties": { "id": "way/1091658645", "name": null, "name_en": null, "name_ne": null, "highway": "primary", "surface": null, "smoothness": null, "width": null, "lanes": null, "oneway": "yes", "bridge": null, "layer": null, "source": null, "adm0_pcode": "NPL", "adm0_name": "Nepal", "adm1_pcode": "NP03", "adm1_name": "Bagmati", "adm2_pcode": "NP0325", "adm2_name": "Lalitpur", "adm3_pcode": "NP0325101", "adm3_name": "Lalitpur", "adm4_pcode": null, "adm4_name": null, "name_latin": null, "path": "C:\\Users\\neetu\\Documents\\orimery road.geojson" }, "geometry": { "type": "MultiLineString", "coordinates": [ [ [ 85.3319846, 27.6666258 ], [ 85.3320388, 27.6666958 ] ] ] } },
{ "type": "Feature", "properties": { "id": "way/1091877752", "name": null, "name_en": null, "name_ne": null, "highway": "primary_link", "surface": null, "smoothness": null, "width": null, "lanes": null, "oneway": "no", "bridge": null, "layer": null, "source": null, "adm0_pcode": "NPL", "adm0_name": "Nepal", "adm1_pcode": "NP03", "adm1_name": "Bagmati", "adm2_pcode": "NP0325", "adm2_name": "Lalitpur", "adm3_pcode": "NP0325101", "adm3_name": "Lalitpur", "adm4_pcode": null, "adm4_name": null, "name_latin": null, "path": "C:\\Users\\neetu\\Documents\\orimery road.geojson" }, "geometry": { "type": "MultiLineString", "coordinates": [ [ [ 85.3021832, 27.6818491 ], [ 85.3022674, 27.6818438 ] ] ] } },
{ "type": "Feature", "properties": { "id": "way/1091877753", "name": null, "name_en": null, "name_ne": null, "highway": "primary_link", "surface": null, "smoothness": null, "width": null, "lanes": null, "oneway": null, "bridge": null, "layer": null, "source": null, "adm0_pcode": "NPL", "adm0_name": "Nepal", "adm1_pcode": "NP03", "adm1_name": "Bagmati", "adm2_pcode": "NP0325", "adm2_name": "Lalitpur", "adm3_pcode": "NP0325101", "adm3_name": "Lalitpur", "adm4_pcode": null, "adm4_name": null, "name_latin": null, "path": "C:\\Users\\neetu\\Documents\\orimery road.geojson" }, "geometry": { "type": "MultiLineString", "coordinates": [ [ [ 85.3023543, 27.6820376 ], [ 85.3024543, 27.6820276 ] ] ] } },
{ "type": "Feature", "properties": { "id": "way/4825621", "name": null, "name_en": null, "name_ne": null, "highway": "primary", "surface": null, "smoothness": null, "width": "8", "lanes": null, "oneway": null, "bridge": null, "layer": null, "source": null, "adm0_pcode": "NPL", "adm0_name": "Nepal", "adm1_pcode": "NP03", "adm1_name": "Bagmati", "adm2_pcode": "NP0327", "adm2_name": "Kathmandu", "adm3_pcode": "NP0327304", "adm3_name": "Gokarneshwor", "adm4_pcode": null, "adm4_name": null, "name_latin": null, "path": "C:\\Users\\neetu\\Documents\\orimery road.geojson" }, "geometry": { "type": "MultiLineString", "coordinates": [ [ [ 85.3865084, 27.7222908 ], [ 85.3858556, 27.7222022 ], [ 85.38542, 27.7221317 ], [ 85.384647, 27.722045 ], [ 85.3842404, 27.7220119 ], [ 85.3834639, 27.721931 ], [ 85.3828189, 27.7218409 ], [ 85.3827641, 27.7218352 ] ] ] } },
{ "type": "Feature", "properties": { "id": "way/172387565", "name": "कान्ति पथ", "name_en": "Kanti Path", "name_ne": "कान्ति पथ", "highway": "primary", "surface": "asphalt", "smoothness": null, "width": "14", "lanes": "2", "oneway": null, "bridge": null, "layer": null, "source": null, "adm0_pcode": "NPL", "adm0_name": "Nepal", "adm1_pcode": "NP03", "adm1_name": "Bagmati", "adm2_pcode": "NP0327", "adm2_name": "Kathmandu", "adm3_pcode": "NP0327101", "adm3_name": "Kathmandu", "adm4_pcode": null, "adm4_name": null, "name_latin": "Kanti Path", "path": "C:\\Users\\neetu\\Documents\\orimery road.geojson" }, "geometry": { "type": "MultiLineString", "coordinates": [ [ [ 85.3149779, 27.7114773 ], [ 85.3148752, 27.7108764 ], [ 85.3148307, 27.710599 ], [ 85.3147797, 27.7102813 ], [ 85.3147368, 27.7100114 ] ] ] } },
{ "type": "Feature", "properties": { "id": "way/1429946084", "name": "पृथ्वी मार्ग", "name_en": "Prithvi Path", "name_ne": "पृथ्वी मार्ग", "highway": "primary", "surface": "asphalt", "smoothness": null, "width": "9", "lanes": null, "oneway": "yes", "bridge": null, "layer": null, "source": null, "adm0_pcode": "NPL", "adm0_name": "Nepal", "adm1_pcode": "NP03", "adm1_name": "Bagmati", "adm2_pcode": "NP0327", "adm2_name": "Kathmandu", "adm3_pcode": "NP0327101", "adm3_name": "Kathmandu", "adm4_pcode": null, "adm4_name": null, "name_latin": "Prithvi Path", "path": "C:\\Users\\neetu\\Documents\\orimery road.geojson" }, "geometry": { "type": "MultiLineString", "coordinates": [ [ [ 85.3213529, 27.6985479 ], [ 85.3215704, 27.6985068 ] ] ] } },
{ "type": "Feature", "properties": { "id": "way/691998250", "name": "पृथ्वी मार्ग", "name_en": "Prithvi Path", "name_ne": "पृथ्वी पथ", "highway": "primary", "surface": "asphalt", "smoothness": null, "width": null, "lanes": "2", "oneway": "yes", "bridge": null, "layer": null, "source": null, "adm0_pcode": "NPL", "adm0_name": "Nepal", "adm1_pcode": "NP03", "adm1_name": "Bagmati", "adm2_pcode": "NP0327", "adm2_name": "Kathmandu", "adm3_pcode": "NP0327101", "adm3_name": "Kathmandu", "adm4_pcode": null, "adm4_name": null, "name_latin": "Prithvi Path", "path": "C:\\Users\\neetu\\Documents\\orimery road.geojson" }, "geometry": { "type": "MultiLineString", "coordinates": [ [ [ 85.3215704, 27.6985068 ], [ 85.3216367, 27.6984944 ] ] ] } },
{ "type": "Feature", "properties": { "id": "way/28579337", "name": "दरबार मार्ग", "name_en": "Darbar Marg", "name_ne": "दरबार मार्ग", "highway": "primary", "surface": "asphalt", "smoothness": null, "width": "9", "lanes": "4", "oneway": "yes", "bridge": null, "layer": null, "source": null, "adm0_pcode": "NPL", "adm0_name": "Nepal", "adm1_pcode": "NP03", "adm1_name": "Bagmati", "adm2_pcode": "NP0327", "adm2_name": "Kathmandu", "adm3_pcode": "NP0327101", "adm3_name": "Kathmandu", "adm4_pcode": null, "adm4_name": null, "name_latin": "Darbar Marg", "path": "C:\\Users\\neetu\\Documents\\orimery road.geojson" }, "geometry": { "type": "MultiLineString", "coordinates": [ [ [ 85.3170477, 27.7089737 ], [ 85.3170992, 27.7091446 ], [ 85.3171482, 27.7093608 ], [ 85.3171809, 27.7094856 ], [ 85.3172502, 27.7096393 ], [ 85.3172999, 27.7097301 ], [ 85.3173458, 27.7098132 ], [ 85.3173674, 27.7098669 ], [ 85.3174264, 27.7100399 ], [ 85.3174083, 27.7101538 ], [ 85.317415, 27.7102198 ], [ 85.3174461, 27.7103911 ], [ 85.317575, 27.711138 ], [ 85.3176101, 27.7113876 ], [ 85.3176844, 27.7119432 ], [ 85.3176993, 27.7120353 ], [ 85.3178495, 27.7129628 ] ] ] } },
{ "type": "Feature", "properties": { "id": "way/691998249", "name": "राम शाह पथ", "name_en": "Ram Shah Path", "name_ne": "राम शाह पथ", "highway": "primary", "surface": "paved", "smoothness": null, "width": null, "lanes": "1", "oneway": "yes", "bridge": null, "layer": null, "source": null, "adm0_pcode": "NPL", "adm0_name": "Nepal", "adm1_pcode": "NP03", "adm1_name": "Bagmati", "adm2_pcode": "NP0327", "adm2_name": "Kathmandu", "adm3_pcode": "NP0327101", "adm3_name": "Kathmandu", "adm4_pcode": null, "adm4_name": null, "name_latin": "Ram Shah Path", "path": "C:\\Users\\neetu\\Documents\\orimery road.geojson" }, "geometry": { "type": "MultiLineString", "coordinates": [ [ [ 85.3216367, 27.6984944 ], [ 85.321619, 27.6984162 ] ] ] } },
{ "type": "Feature", "properties": { "id": "way/169442477", "name": "दरबार मार्ग", "name_en": "Darbar Marg", "name_ne": "दरबार मार्ग", "highway": "primary", "surface": "asphalt", "smoothness": null, "width": "9", "lanes": "4", "oneway": "yes", "bridge": null, "layer": null, "source": null, "adm0_pcode": "NPL", "adm0_name": "Nepal", "adm1_pcode": "NP03", "adm1_name": "Bagmati", "adm2_pcode": "NP0327", "adm2_name": "Kathmandu", "adm3_pcode": "NP0327101", "adm3_name": "Kathmandu", "adm4_pcode": null, "adm4_name": null, "name_latin": "Darbar Marg", "path": "C:\\Users\\neetu\\Documents\\orimery road.geojson" }, "geometry": { "type": "MultiLineString", "coordinates": [ [ [ 85.3167188, 27.7092633 ], [ 85.3169743, 27.7093774 ], [ 85.3170378, 27.7094109 ], [ 85.3170963, 27.7094666 ], [ 85.3171306, 27.7095177 ], [ 85.3171685, 27.7095973 ], [ 85.3171817, 27.7096559 ], [ 85.317201, 27.7098424 ], [ 85.3172059, 27.7099269 ], [ 85.3172449, 27.7100632 ], [ 85.3172913, 27.7101537 ], [ 85.3173115, 27.7102344 ], [ 85.3174051, 27.7107506 ], [ 85.3174729, 27.7111027 ], [ 85.3174798, 27.7111521 ], [ 85.3176052, 27.7120476 ], [ 85.3177535, 27.7129786 ] ] ] } },
{ "type": "Feature", "properties": { "id": "way/344347502", "name": "राम शाह पथ", "name_en": "Ram Shah Path", "name_ne": "राम शाह पथ", "highway": "primary", "surface": "paved", "smoothness": null, "width": null, "lanes": "1", "oneway": "yes", "bridge": null, "layer": null, "source": null, "adm0_pcode": "NPL", "adm0_name": "Nepal", "adm1_pcode": "NP03", "adm1_name": "Bagmati", "adm2_pcode": "NP0327", "adm2_name": "Kathmandu", "adm3_pcode": "NP0327101", "adm3_name": "Kathmandu", "adm4_pcode": null, "adm4_name": null, "name_latin": "Ram Shah Path", "path": "C:\\Users\\neetu\\Documents\\orimery road.geojson" }, "geometry": { "type": "MultiLineString", "coordinates": [ [ [ 85.3215525, 27.6984303 ], [ 85.3215704, 27.6985068 ] ] ] } },
{ "type": "Feature", "properties": { "id": "way/137312035", "name": null, "name_en": null, "name_ne": null, "highway": "primary", "surface": "asphalt", "smoothness": null, "width": "14", "lanes": null, "oneway": "no", "bridge": null, "layer": null, "source": null, "adm0_pcode": "NPL", "adm0_name": "Nepal", "adm1_pcode": "NP03", "adm1_name": "Bagmati", "adm2_pcode": "NP0327", "adm2_name": "Kathmandu", "adm3_pcode": "NP0327101", "adm3_name": "Kathmandu", "adm4_pcode": null, "adm4_name": null, "name_latin": null, "path": "C:\\Users\\neetu\\Documents\\orimery road.geojson" }, "geometry": { "type": "MultiLineString", "coordinates": [ [ [ 85.3161679, 27.6880753 ], [ 85.3162249, 27.6879843 ] ] ] } },
{ "type": "Feature", "properties": { "id": "way/691998246", "name": "Prithvi Path", "name_en": null, "name_ne": null, "highway": "primary", "surface": "paved", "smoothness": null, "width": null, "lanes": "2", "oneway": "yes", "bridge": null, "layer": null, "source": null, "adm0_pcode": "NPL", "adm0_name": "Nepal", "adm1_pcode": "NP03", "adm1_name": "Bagmati", "adm2_pcode": "NP0327", "adm2_name": "Kathmandu", "adm3_pcode": "NP0327101", "adm3_name": "Kathmandu", "adm4_pcode": null, "adm4_name": null, "name_latin": "Prithvi Path", "path": "C:\\Users\\neetu\\Documents\\orimery road.geojson" }, "geometry": { "type": "MultiLineString", "coordinates": [ [ [ 85.321619, 27.6984162 ], [ 85.3215525, 27.6984303 ] ] ] } },
{ "type": "Feature", "properties": { "id": "way/172129845", "name": "कान्ति पथ", "name_en": "Kanti Path", "name_ne": "कान्ति पथ", "highway": "primary", "surface": "asphalt", "smoothness": null, "width": "14", "lanes": null, "oneway": "yes", "bridge": null, "layer": null, "source": null, "adm0_pcode": "NPL", "adm0_name": "Nepal", "adm1_pcode": "NP03", "adm1_name": "Bagmati", "adm2_pcode": "NP0327", "adm2_name": "Kathmandu", "adm3_pcode": "NP0327101", "adm3_name": "Kathmandu", "adm4_pcode": null, "adm4_name": null, "name_latin": "Kanti Path", "path": "C:\\Users\\neetu\\Documents\\orimery road.geojson" }, "geometry": { "type": "MultiLineString", "coordinates": [ [ [ 85.3135033, 27.7005417 ], [ 85.3135297, 27.7008681 ], [ 85.3135498, 27.7011159 ], [ 85.3136218, 27.7022125 ] ] ] } },
{ "type": "Feature", "properties": { "id": "way/1429946083", "name": "पृथ्वी मार्ग", "name_en": "Prithvi Path", "name_ne": "पृथ्वी मार्ग", "highway": "primary", "surface": "paved", "smoothness": null, "width": "4", "lanes": "2", "oneway": "yes", "bridge": null, "layer": null, "source": null, "adm0_pcode": "NPL", "adm0_name": "Nepal", "adm1_pcode": "NP03", "adm1_name": "Bagmati", "adm2_pcode": "NP0327", "adm2_name": "Kathmandu", "adm3_pcode": "NP0327101", "adm3_name": "Kathmandu", "adm4_pcode": null, "adm4_name": null, "name_latin": "Prithvi Path", "path": "C:\\Users\\neetu\\Documents\\orimery road.geojson" }, "geometry": { "type": "MultiLineString", "coordinates": [ [ [ 85.3215525, 27.6984303 ], [ 85.3213359, 27.6984731 ] ] ] } },
{ "type": "Feature", "properties": { "id": "way/171377616", "name": "सानोठिमी-बोडे सडक", "name_en": "SanoThimi-Bode", "name_ne": "सानोठिमी-बोडे सडक", "highway": "primary", "surface": null, "smoothness": null, "width": "8", "lanes": null, "oneway": null, "bridge": null, "layer": null, "source": null, "adm0_pcode": "NPL", "adm0_name": "Nepal", "adm1_pcode": "NP03", "adm1_name": "Bagmati", "adm2_pcode": "NP0326", "adm2_name": "Bhaktapur", "adm3_pcode": "NP0326301", "adm3_name": "Madhyapur Thimi", "adm4_pcode": null, "adm4_name": null, "name_latin": "SanoThimi-Bode", "path": "C:\\Users\\neetu\\Documents\\orimery road.geojson" }, "geometry": { "type": "MultiLineString", "coordinates": [ [ [ 85.3723413, 27.6825901 ], [ 85.372369, 27.6828928 ], [ 85.3724699, 27.683972 ], [ 85.3724912, 27.6841788 ], [ 85.3726003, 27.6851551 ], [ 85.372663, 27.6856533 ], [ 85.3727874, 27.6867704 ], [ 85.3728607, 27.6872797 ], [ 85.3728803, 27.6873235 ], [ 85.3729121, 27.687358 ], [ 85.3729534, 27.6873793 ], [ 85.372996, 27.6873849 ], [ 85.37306, 27.6873835 ], [ 85.3734744, 27.6873075 ], [ 85.3739217, 27.6872117 ], [ 85.3739798, 27.6872107 ], [ 85.3740282, 27.6872254 ], [ 85.3740558, 27.687263 ], [ 85.3741616, 27.6874599 ], [ 85.3742139, 27.6876158 ], [ 85.3743217, 27.6879857 ], [ 85.3749052, 27.6878003 ], [ 85.3752228, 27.6877013 ], [ 85.3753884, 27.6876442 ], [ 85.3754956, 27.6875951 ], [ 85.3759515, 27.6873397 ], [ 85.3760433, 27.6874554 ], [ 85.3760713, 27.6875735 ], [ 85.3760737, 27.6876657 ], [ 85.3760824, 27.6877226 ], [ 85.3761209, 27.6878111 ], [ 85.3761766, 27.6878265 ], [ 85.3762368, 27.6878473 ], [ 85.3763652, 27.6878538 ], [ 85.3764072, 27.6878581 ], [ 85.3767315, 27.6877532 ], [ 85.3768529, 27.6877177 ], [ 85.3769276, 27.6877026 ], [ 85.3769997, 27.687699 ], [ 85.3770712, 27.687709 ], [ 85.3771829, 27.6877562 ], [ 85.3774333, 27.6878264 ], [ 85.3776319, 27.6878785 ], [ 85.3777408, 27.6879126 ], [ 85.3778044, 27.6879525 ], [ 85.3778476, 27.6879944 ], [ 85.3778854, 27.6880459 ], [ 85.3779144, 27.6881122 ], [ 85.3779815, 27.6881852 ], [ 85.3780399, 27.6882311 ], [ 85.3781869, 27.6883311 ], [ 85.3784711, 27.6885308 ], [ 85.3785471, 27.6885702 ], [ 85.3786292, 27.6886138 ], [ 85.3788183, 27.6886671 ], [ 85.3789981, 27.6887277 ], [ 85.3791254, 27.6887688 ], [ 85.3792954, 27.6888118 ], [ 85.3794213, 27.6888319 ], [ 85.3794972, 27.688842 ], [ 85.3796141, 27.6888597 ], [ 85.3797237, 27.6889024 ], [ 85.3797891, 27.6889504 ], [ 85.3799049, 27.6890213 ], [ 85.380125, 27.689114 ], [ 85.3805191, 27.6892748 ], [ 85.3809161, 27.6894219 ], [ 85.381068, 27.6894799 ], [ 85.3817622, 27.6896724 ], [ 85.3818543, 27.6897076 ], [ 85.3820928, 27.689791 ], [ 85.3823834, 27.6898749 ], [ 85.3825405, 27.689916 ], [ 85.3832056, 27.6900713 ], [ 85.3835677, 27.6901372 ], [ 85.3839626, 27.6901975 ], [ 85.3842817, 27.6902045 ], [ 85.3848743, 27.6901572 ], [ 85.3850019, 27.6901485 ], [ 85.3859128, 27.6899987 ], [ 85.3860328, 27.6899951 ], [ 85.3861235, 27.689995 ], [ 85.386219, 27.6899848 ], [ 85.3869264, 27.6899719 ], [ 85.387119, 27.6899674 ], [ 85.3872562, 27.6899629 ], [ 85.3877084, 27.6899179 ], [ 85.3883899, 27.6898035 ], [ 85.3890762, 27.6896563 ], [ 85.3895979, 27.6895098 ], [ 85.3897073, 27.6894627 ] ] ] } },
{ "type": "Feature", "properties": { "id": "way/232429765", "name": null, "name_en": null, "name_ne": null, "highway": "primary", "surface": null, "smoothness": null, "width": "7", "lanes": "2", "oneway": "yes", "bridge": null, "layer": null, "source": null, "adm0_pcode": "NPL", "adm0_name": "Nepal", "adm1_pcode": "NP03", "adm1_name": "Bagmati", "adm2_pcode": "NP0325", "adm2_name": "Lalitpur", "adm3_pcode": "NP0325101", "adm3_name": "Lalitpur", "adm4_pcode": null, "adm4_name": null, "name_latin": null, "path": "C:\\Users\\neetu\\Documents\\orimery road.geojson" }, "geometry": { "type": "MultiLineString", "coordinates": [ [ [ 85.3157477, 27.6757843 ], [ 85.3157044, 27.6756859 ], [ 85.3156085, 27.6755581 ], [ 85.3154913, 27.6754278 ], [ 85.314691, 27.674659 ], [ 85.3146067, 27.6745578 ], [ 85.314573, 27.6745074 ], [ 85.3145414, 27.6744472 ], [ 85.3144098, 27.6740746 ], [ 85.3143372, 27.6738577 ], [ 85.3142057, 27.6735 ], [ 85.3141691, 27.6734285 ] ] ] } },
{ "type": "Feature", "properties": { "id": "way/1161671401", "name": "थ्रीबम सडक", "name_en": "Thirbam Sadak", "name_ne": "थ्रीबम सडक", "highway": "primary", "surface": "asphalt", "smoothness": null, "width": "9", "lanes": "4", "oneway": null, "bridge": null, "layer": null, "source": null, "adm0_pcode": "NPL", "adm0_name": "Nepal", "adm1_pcode": "NP03", "adm1_name": "Bagmati", "adm2_pcode": "NP0327", "adm2_name": "Kathmandu", "adm3_pcode": "NP0327101", "adm3_name": "Kathmandu", "adm4_pcode": null, "adm4_name": null, "name_latin": "Thirbam Sadak", "path": "C:\\Users\\neetu\\Documents\\orimery road.geojson" }, "geometry": { "type": "MultiLineString", "coordinates": [ [ [ 85.3305684, 27.7261782 ], [ 85.3305882, 27.726131 ], [ 85.3306171, 27.7260046 ], [ 85.3306328, 27.7258664 ], [ 85.3306594, 27.7256491 ], [ 85.3307309, 27.7251167 ], [ 85.3307528, 27.7249351 ], [ 85.3307825, 27.7248044 ], [ 85.3308194, 27.7247141 ], [ 85.3308767, 27.7245941 ], [ 85.3309133, 27.7245174 ], [ 85.3309454, 27.7244501 ], [ 85.3309539, 27.7244323 ] ] ] } },
{ "type": "Feature", "properties": { "id": "way/225426577", "name": "पृथ्वी मार्ग", "name_en": "Prithvi Path", "name_ne": "पृथ्वी मार्ग", "highway": "primary", "surface": "asphalt", "smoothness": null, "width": "9", "lanes": null, "oneway": "yes", "bridge": null, "layer": null, "source": null, "adm0_pcode": "NPL", "adm0_name": "Nepal", "adm1_pcode": "NP03", "adm1_name": "Bagmati", "adm2_pcode": "NP0327", "adm2_name": "Kathmandu", "adm3_pcode": "NP0327101", "adm3_name": "Kathmandu", "adm4_pcode": null, "adm4_name": null, "name_latin": "Prithvi Path", "path": "C:\\Users\\neetu\\Documents\\orimery road.geojson" }, "geometry": { "type": "MultiLineString", "coordinates": [ [ [ 85.3213067, 27.6985575 ], [ 85.3213247, 27.698554 ], [ 85.3213529, 27.6985479 ] ] ] } },
{ "type": "Feature", "properties": { "id": "way/340962614", "name": null, "name_en": null, "name_ne": null, "highway": "primary", "surface": null, "smoothness": null, "width": null, "lanes": null, "oneway": null, "bridge": null, "layer": null, "source": null, "adm0_pcode": "NPL", "adm0_name": "Nepal", "adm1_pcode": "NP03", "adm1_name": "Bagmati", "adm2_pcode": "NP0325", "adm2_name": "Lalitpur", "adm3_pcode": "NP0325401", "adm3_name": "Bagmati", "adm4_pcode": null, "adm4_name": null, "name_latin": null, "path": "C:\\Users\\neetu\\Documents\\orimery road.geojson" }, "geometry": { "type": "MultiLineString", "coordinates": [ [ [ 85.2920412, 27.5307514 ], [ 85.2920479, 27.5307979 ], [ 85.2920828, 27.530883 ], [ 85.2921016, 27.5309276 ], [ 85.2921411, 27.5309835 ], [ 85.2921807, 27.531034 ], [ 85.2922323, 27.5310739 ], [ 85.2923453, 27.5311881 ], [ 85.2926119, 27.53131 ], [ 85.292926, 27.5314016 ], [ 85.2933916, 27.5314877 ], [ 85.2939195, 27.5314225 ], [ 85.2943421, 27.5316134 ], [ 85.2946906, 27.5316549 ], [ 85.294958, 27.5315662 ], [ 85.2951951, 27.5314882 ], [ 85.2952997, 27.5314499 ], [ 85.2953939, 27.5314482 ], [ 85.2956756, 27.5316381 ], [ 85.2957085, 27.5316857 ], [ 85.2957199, 27.5317261 ], [ 85.2957273, 27.5318153 ], [ 85.2957252, 27.5319051 ], [ 85.2957004, 27.5320205 ], [ 85.2955864, 27.5322845 ], [ 85.2954362, 27.5327412 ], [ 85.2954134, 27.5328036 ], [ 85.2953833, 27.5328743 ], [ 85.2953276, 27.5329433 ], [ 85.2952377, 27.5330206 ], [ 85.294935, 27.5331975 ], [ 85.294873, 27.5332442 ], [ 85.2947965, 27.5333132 ], [ 85.2947335, 27.5334047 ], [ 85.2946839, 27.5335296 ], [ 85.2946825, 27.5336283 ], [ 85.2946926, 27.5337353 ], [ 85.2947174, 27.5338626 ], [ 85.2947757, 27.534442 ], [ 85.2947898, 27.5345345 ], [ 85.2948314, 27.5346165 ], [ 85.2949052, 27.5346796 ], [ 85.2949829, 27.5347236 ], [ 85.29505, 27.5347497 ], [ 85.2951398, 27.5347604 ], [ 85.2953125, 27.534787 ], [ 85.2955581, 27.5347801 ], [ 85.2957337, 27.5347749 ], [ 85.2958413, 27.5347184 ], [ 85.2960149, 27.5347364 ], [ 85.2961384, 27.5348543 ], [ 85.2961792, 27.5350054 ], [ 85.2961913, 27.5351089 ], [ 85.2961859, 27.535223 ], [ 85.2961591, 27.5353289 ], [ 85.2960438, 27.5355869 ], [ 85.295907, 27.5358854 ], [ 85.2958345, 27.5361256 ], [ 85.2958278, 27.5362101 ], [ 85.2958587, 27.5363872 ], [ 85.2958614, 27.5364402 ], [ 85.2958553, 27.5364806 ], [ 85.2958345, 27.5365317 ], [ 85.2957273, 27.5367309 ], [ 85.2956521, 27.5368938 ], [ 85.29562, 27.5370163 ], [ 85.29562, 27.5371198 ], [ 85.2956287, 27.5371763 ], [ 85.2956522, 27.5372411 ], [ 85.2957433, 27.5374409 ] ] ] } },
{ "type": "Feature", "properties": { "id": "way/171227893", "name": "पुतलीसडक", "name_en": "Putali Sadak", "name_ne": "पुतलीसडक", "highway": "primary", "surface": "asphalt", "smoothness": null, "width": "7", "lanes": "2", "oneway": "yes", "bridge": null, "layer": null, "source": null, "adm0_pcode": "NPL", "adm0_name": "Nepal", "adm1_pcode": "NP03", "adm1_name": "Bagmati", "adm2_pcode": "NP0327", "adm2_name": "Kathmandu", "adm3_pcode": "NP0327101", "adm3_name": "Kathmandu", "adm4_pcode": null, "adm4_name": null, "name_latin": "Putali Sadak", "path": "C:\\Users\\neetu\\Documents\\orimery road.geojson" }, "geometry": { "type": "MultiLineString", "coordinates": [ [ [ 85.322873, 27.7067121 ], [ 85.3228913, 27.7065838 ], [ 85.3228926, 27.7063339 ], [ 85.3228967, 27.7060171 ], [ 85.3228701, 27.7056472 ] ] ] } },
{ "type": "Feature", "properties": { "id": "way/671888452", "name": "पुताली सादक", "name_en": "Putali Sadak", "name_ne": "पुतली सडक", "highway": "primary", "surface": "asphalt", "smoothness": null, "width": "7", "lanes": "2", "oneway": "yes", "bridge": null, "layer": null, "source": null, "adm0_pcode": "NPL", "adm0_name": "Nepal", "adm1_pcode": "NP03", "adm1_name": "Bagmati", "adm2_pcode": "NP0327", "adm2_name": "Kathmandu", "adm3_pcode": "NP0327101", "adm3_name": "Kathmandu", "adm4_pcode": null, "adm4_name": null, "name_latin": "Putali Sadak", "path": "C:\\Users\\neetu\\Documents\\orimery road.geojson" }, "geometry": { "type": "MultiLineString", "coordinates": [ [ [ 85.3228286, 27.7056262 ], [ 85.322839, 27.7059783 ], [ 85.3228323, 27.7063297 ], [ 85.3228334, 27.7065853 ], [ 85.3228336, 27.7066103 ], [ 85.3228321, 27.7067047 ] ] ] } },
{ "type": "Feature", "properties": { "id": "way/136524582", "name": null, "name_en": null, "name_ne": null, "highway": "primary", "surface": null, "smoothness": null, "width": "7", "lanes": null, "oneway": "yes", "bridge": null, "layer": null, "source": null, "adm0_pcode": "NPL", "adm0_name": "Nepal", "adm1_pcode": "NP03", "adm1_name": "Bagmati", "adm2_pcode": "NP0325", "adm2_name": "Lalitpur", "adm3_pcode": "NP0325101", "adm3_name": "Lalitpur", "adm4_pcode": null, "adm4_name": null, "name_latin": null, "path": "C:\\Users\\neetu\\Documents\\orimery road.geojson" }, "geometry": { "type": "MultiLineString", "coordinates": [ [ [ 85.3141691, 27.6734285 ], [ 85.3140996, 27.6733108 ], [ 85.3139989, 27.6731985 ], [ 85.3139195, 27.6731021 ], [ 85.3138619, 27.6730173 ], [ 85.3138183, 27.6729001 ] ] ] } },
{ "type": "Feature", "properties": { "id": "way/177583582", "name": "येला सडक", "name_en": "Yela Sadak", "name_ne": "येला सडक", "highway": "primary", "surface": null, "smoothness": null, "width": "7", "lanes": null, "oneway": "yes", "bridge": null, "layer": null, "source": null, "adm0_pcode": "NPL", "adm0_name": "Nepal", "adm1_pcode": "NP03", "adm1_name": "Bagmati", "adm2_pcode": "NP0325", "adm2_name": "Lalitpur", "adm3_pcode": "NP0325101", "adm3_name": "Lalitpur", "adm4_pcode": null, "adm4_name": null, "name_latin": "Yela Sadak", "path": "C:\\Users\\neetu\\Documents\\orimery road.geojson" }, "geometry": { "type": "MultiLineString", "coordinates": [ [ [ 85.3135384, 27.6730764 ], [ 85.3136709, 27.6731372 ], [ 85.3137923, 27.6731961 ], [ 85.3139056, 27.6732546 ], [ 85.3139155, 27.6732597 ], [ 85.3140084, 27.6733194 ], [ 85.3140686, 27.6733866 ], [ 85.314124, 27.6734828 ] ] ] } },
{ "type": "Feature", "properties": { "id": "way/164827914", "name": null, "name_en": null, "name_ne": null, "highway": "primary", "surface": null, "smoothness": null, "width": "7", "lanes": null, "oneway": "yes", "bridge": null, "layer": null, "source": null, "adm0_pcode": "NPL", "adm0_name": "Nepal", "adm1_pcode": "NP03", "adm1_name": "Bagmati", "adm2_pcode": "NP0325", "adm2_name": "Lalitpur", "adm3_pcode": "NP0325101", "adm3_name": "Lalitpur", "adm4_pcode": null, "adm4_name": null, "name_latin": null, "path": "C:\\Users\\neetu\\Documents\\orimery road.geojson" }, "geometry": { "type": "MultiLineString", "coordinates": [ [ [ 85.3138153, 27.6728497 ], [ 85.3138493, 27.672765 ], [ 85.3139009, 27.6726901 ], [ 85.3139608, 27.6726297 ], [ 85.314045, 27.6725747 ] ] ] } },
{ "type": "Feature", "properties": { "id": "way/170533895", "name": null, "name_en": null, "name_ne": null, "highway": "primary", "surface": null, "smoothness": null, "width": "7", "lanes": null, "oneway": "yes", "bridge": null, "layer": null, "source": null, "adm0_pcode": "NPL", "adm0_name": "Nepal", "adm1_pcode": "NP03", "adm1_name": "Bagmati", "adm2_pcode": "NP0325", "adm2_name": "Lalitpur", "adm3_pcode": "NP0325101", "adm3_name": "Lalitpur", "adm4_pcode": null, "adm4_name": null, "name_latin": null, "path": "C:\\Users\\neetu\\Documents\\orimery road.geojson" }, "geometry": { "type": "MultiLineString", "coordinates": [ [ [ 85.314045, 27.6725747 ], [ 85.3139448, 27.672597 ], [ 85.3138472, 27.672621 ], [ 85.3136957, 27.6726608 ], [ 85.3135857, 27.6726877 ] ] ] } },
{ "type": "Feature", "properties": { "id": "way/572293630", "name": "Bhaktapur-Nala-Banepa road", "name_en": null, "name_ne": null, "highway": "primary", "surface": null, "smoothness": null, "width": "6", "lanes": null, "oneway": "no", "bridge": null, "layer": null, "source": null, "adm0_pcode": "NPL", "adm0_name": "Nepal", "adm1_pcode": "NP03", "adm1_name": "Bagmati", "adm2_pcode": "NP0326", "adm2_name": "Bhaktapur", "adm3_pcode": "NP0326302", "adm3_name": "Changunarayan", "adm4_pcode": null, "adm4_name": null, "name_latin": "Bhaktapur-Nala-Banepa road", "path": "C:\\Users\\neetu\\Documents\\orimery road.geojson" }, "geometry": { "type": "MultiLineString", "coordinates": [ [ [ 85.4801372, 27.6678128 ], [ 85.4801828, 27.6678093 ], [ 85.4802552, 27.6677831 ], [ 85.4805047, 27.6676418 ], [ 85.480565, 27.6675967 ], [ 85.4806391, 27.6674973 ], [ 85.4808694, 27.6669802 ], [ 85.4809043, 27.6668757 ], [ 85.4809244, 27.6667949 ], [ 85.4809059, 27.6664842 ], [ 85.4809056, 27.666112 ], [ 85.4809284, 27.6659884 ], [ 85.4809934, 27.6658355 ], [ 85.4810572, 27.6657616 ], [ 85.4811846, 27.6656689 ], [ 85.4813106, 27.665606 ], [ 85.4814139, 27.6655976 ], [ 85.4815118, 27.6656119 ], [ 85.4816282, 27.665652 ], [ 85.4817532, 27.6657402 ], [ 85.481831, 27.6657818 ], [ 85.4818913, 27.6658055 ], [ 85.481957, 27.6658186 ], [ 85.4824949, 27.6658519 ], [ 85.4826088, 27.6658483 ], [ 85.4827201, 27.665834 ], [ 85.4827926, 27.6658008 ], [ 85.4829092, 27.6657034 ], [ 85.4831972, 27.6654114 ], [ 85.4833129, 27.6653447 ], [ 85.4833934, 27.6653126 ], [ 85.4834658, 27.6652995 ], [ 85.4835953, 27.6653015 ], [ 85.4836887, 27.6653096 ], [ 85.4845279, 27.665448 ], [ 85.4846366, 27.6654753 ], [ 85.484713, 27.6655098 ], [ 85.4850134, 27.6657295 ], [ 85.4850818, 27.6657734 ], [ 85.4851703, 27.6658091 ], [ 85.4853152, 27.6658459 ], [ 85.4855123, 27.6658613 ], [ 85.4856344, 27.6658554 ], [ 85.4857497, 27.66584 ], [ 85.4859417, 27.6658004 ], [ 85.4860394, 27.6658043 ], [ 85.4863505, 27.6658578 ], [ 85.4864323, 27.6658613 ], [ 85.4865262, 27.6658578 ], [ 85.4866938, 27.665834 ], [ 85.4868145, 27.6658091 ], [ 85.4869205, 27.6657687 ], [ 85.4869983, 27.6657271 ], [ 85.4870895, 27.665625 ], [ 85.4871606, 27.6655236 ], [ 85.4872799, 27.6653613 ], [ 85.4873644, 27.6652734 ], [ 85.4874695, 27.6651958 ], [ 85.4879987, 27.6648161 ], [ 85.4880899, 27.6647852 ], [ 85.4882106, 27.6647638 ], [ 85.4888678, 27.6648197 ], [ 85.4889563, 27.6648125 ], [ 85.4890059, 27.6647888 ], [ 85.4890341, 27.6647579 ], [ 85.4890367, 27.6647163 ], [ 85.4890099, 27.664689 ], [ 85.488963, 27.6646712 ], [ 85.4883447, 27.6645405 ], [ 85.4882482, 27.664512 ], [ 85.4881918, 27.6644776 ], [ 85.4881389, 27.6644064 ], [ 85.4880805, 27.6643552 ], [ 85.4879706, 27.6642768 ], [ 85.4876849, 27.6641426 ], [ 85.4875857, 27.6640773 ], [ 85.4875079, 27.6639929 ], [ 85.4874558, 27.6639154 ] ] ] } },
{ "type": "Feature", "properties": { "id": "way/1161671406", "name": "थिरबम सडक", "name_en": "Thirbam Sadak", "name_ne": "थिरबम सडक", "highway": "primary", "surface": "asphalt", "smoothness": null, "width": "9", "lanes": "2", "oneway": null, "bridge": null, "layer": null, "source": null, "adm0_pcode": "NPL", "adm0_name": "Nepal", "adm1_pcode": "NP03", "adm1_name": "Bagmati", "adm2_pcode": "NP0327", "adm2_name": "Kathmandu", "adm3_pcode": "NP0327101", "adm3_name": "Kathmandu", "adm4_pcode": null, "adm4_name": null, "name_latin": "Thirbam Sadak", "path": "C:\\Users\\neetu\\Documents\\orimery road.geojson" }, "geometry": { "type": "MultiLineString", "coordinates": [ [ [ 85.3309539, 27.7244323 ], [ 85.3310517, 27.7242489 ], [ 85.331065, 27.724043 ], [ 85.331073, 27.7239407 ], [ 85.3310663, 27.7238776 ], [ 85.3310366, 27.7237984 ], [ 85.3310291, 27.7237223 ], [ 85.331019, 27.7236076 ], [ 85.3310218, 27.7233214 ], [ 85.3310578, 27.7231598 ], [ 85.3311088, 27.7229949 ], [ 85.3311912, 27.7227407 ], [ 85.3312064, 27.7226529 ], [ 85.3312081, 27.722594 ], [ 85.33123, 27.7224531 ], [ 85.331336, 27.7220637 ], [ 85.3313427, 27.7220203 ] ] ] } },
{ "type": "Feature", "properties": { "id": "way/136524579", "name": null, "name_en": null, "name_ne": null, "highway": "primary", "surface": null, "smoothness": null, "width": "7", "lanes": null, "oneway": "yes", "bridge": null, "layer": null, "source": null, "adm0_pcode": "NPL", "adm0_name": "Nepal", "adm1_pcode": "NP03", "adm1_name": "Bagmati", "adm2_pcode": "NP0325", "adm2_name": "Lalitpur", "adm3_pcode": "NP0325101", "adm3_name": "Lalitpur", "adm4_pcode": null, "adm4_name": null, "name_latin": null, "path": "C:\\Users\\neetu\\Documents\\orimery road.geojson" }, "geometry": { "type": "MultiLineString", "coordinates": [ [ [ 85.3135044, 27.6727047 ], [ 85.313434, 27.672715 ], [ 85.3133621, 27.6727164 ], [ 85.3132905, 27.6727105 ], [ 85.3131875, 27.6726808 ] ] ] } },
{ "type": "Feature", "properties": { "id": "way/231198715", "name": null, "name_en": null, "name_ne": null, "highway": "primary", "surface": null, "smoothness": null, "width": "7", "lanes": null, "oneway": "yes", "bridge": null, "layer": null, "source": null, "adm0_pcode": "NPL", "adm0_name": "Nepal", "adm1_pcode": "NP03", "adm1_name": "Bagmati", "adm2_pcode": "NP0325", "adm2_name": "Lalitpur", "adm3_pcode": "NP0325101", "adm3_name": "Lalitpur", "adm4_pcode": null, "adm4_name": null, "name_latin": null, "path": "C:\\Users\\neetu\\Documents\\orimery road.geojson" }, "geometry": { "type": "MultiLineString", "coordinates": [ [ [ 85.3131875, 27.6726808 ], [ 85.3133734, 27.6729044 ] ] ] } },
{ "type": "Feature", "properties": { "id": "way/28543722", "name": "कान्ति पथ", "name_en": "Kanti Path", "name_ne": "कान्ति पथ", "highway": "primary", "surface": "asphalt", "smoothness": null, "width": "14", "lanes": "2", "oneway": null, "bridge": null, "layer": null, "source": null, "adm0_pcode": "NPL", "adm0_name": "Nepal", "adm1_pcode": "NP03", "adm1_name": "Bagmati", "adm2_pcode": "NP0327", "adm2_name": "Kathmandu", "adm3_pcode": "NP0327101", "adm3_name": "Kathmandu", "adm4_pcode": null, "adm4_name": null, "name_latin": "Kanti Path", "path": "C:\\Users\\neetu\\Documents\\orimery road.geojson" }, "geometry": { "type": "MultiLineString", "coordinates": [ [ [ 85.3147368, 27.7100114 ], [ 85.314686, 27.7096825 ], [ 85.3145896, 27.7089408 ] ] ] } },
{ "type": "Feature", "properties": { "id": "way/28559428", "name": "कान्ति पथ", "name_en": "Kanti Path", "name_ne": "कान्ति पथ", "highway": "primary", "surface": "asphalt", "smoothness": null, "width": "8", "lanes": null, "oneway": "yes", "bridge": null, "layer": null, "source": null, "adm0_pcode": "NPL", "adm0_name": "Nepal", "adm1_pcode": "NP03", "adm1_name": "Bagmati", "adm2_pcode": "NP0327", "adm2_name": "Kathmandu", "adm3_pcode": "NP0327101", "adm3_name": "Kathmandu", "adm4_pcode": null, "adm4_name": null, "name_latin": "Kanti Path", "path": "C:\\Users\\neetu\\Documents\\orimery road.geojson" }, "geometry": { "type": "MultiLineString", "coordinates": [ [ [ 85.31343, 27.6999294 ], [ 85.3134609, 27.7001447 ] ] ] } },
{ "type": "Feature", "properties": { "id": "way/196269537", "name": null, "name_en": null, "name_ne": null, "highway": "primary", "surface": "asphalt", "smoothness": null, "width": "11", "lanes": "2", "oneway": "yes", "bridge": null, "layer": null, "source": null, "adm0_pcode": "NPL", "adm0_name": "Nepal", "adm1_pcode": "NP03", "adm1_name": "Bagmati", "adm2_pcode": "NP0327", "adm2_name": "Kathmandu", "adm3_pcode": "NP0327101", "adm3_name": "Kathmandu", "adm4_pcode": null, "adm4_name": null, "name_latin": null, "path": "C:\\Users\\neetu\\Documents\\orimery road.geojson" }, "geometry": { "type": "MultiLineString", "coordinates": [ [ [ 85.3154107, 27.6994912 ], [ 85.3152902, 27.6995555 ], [ 85.315247, 27.6995983 ], [ 85.3152155, 27.6996432 ], [ 85.3151786, 27.6997134 ], [ 85.3151218, 27.6997647 ], [ 85.3150482, 27.6997979 ], [ 85.314964, 27.6998081 ], [ 85.3148724, 27.6997897 ], [ 85.3148024, 27.6997415 ], [ 85.3147549, 27.6997213 ], [ 85.3146786, 27.6997111 ], [ 85.3145913, 27.6997106 ], [ 85.3137888, 27.6998712 ], [ 85.3136363, 27.6999273 ], [ 85.3135727, 27.6999585 ], [ 85.3135338, 27.699991 ], [ 85.3135057, 27.7000254 ], [ 85.3134829, 27.7000719 ], [ 85.3134609, 27.7001447 ] ] ] } },
{ "type": "Feature", "properties": { "id": "way/196269539", "name": null, "name_en": null, "name_ne": null, "highway": "primary", "surface": "asphalt", "smoothness": null, "width": "1.75 m", "lanes": "2", "oneway": "yes", "bridge": null, "layer": null, "source": null, "adm0_pcode": "NPL", "adm0_name": "Nepal", "adm1_pcode": "NP03", "adm1_name": "Bagmati", "adm2_pcode": "NP0327", "adm2_name": "Kathmandu", "adm3_pcode": "NP0327101", "adm3_name": "Kathmandu", "adm4_pcode": null, "adm4_name": null, "name_latin": null, "path": "C:\\Users\\neetu\\Documents\\orimery road.geojson" }, "geometry": { "type": "MultiLineString", "coordinates": [ [ [ 85.3146607, 27.6995812 ], [ 85.3145891, 27.6996109 ], [ 85.3137563, 27.6997763 ], [ 85.3136843, 27.6997801 ], [ 85.3136047, 27.6997695 ], [ 85.3135606, 27.6997475 ], [ 85.3135237, 27.6997184 ] ] ] } },
{ "type": "Feature", "properties": { "id": "way/136448419", "name": "बागमती पुल", "name_en": "Bagmati Bridge", "name_ne": "बागमती पुल", "highway": "primary", "surface": "asphalt", "smoothness": null, "width": "6", "lanes": "2", "oneway": "yes", "bridge": "yes", "layer": "1", "source": null, "adm0_pcode": "NPL", "adm0_name": "Nepal", "adm1_pcode": "NP03", "adm1_name": "Bagmati", "adm2_pcode": "NP0327", "adm2_name": "Kathmandu", "adm3_pcode": "NP0327101", "adm3_name": "Kathmandu", "adm4_pcode": null, "adm4_name": null, "name_latin": "Bagmati Bridge", "path": "C:\\Users\\neetu\\Documents\\orimery road.geojson" }, "geometry": { "type": "MultiLineString", "coordinates": [ [ [ 85.3173961, 27.6899767 ], [ 85.3173662, 27.6899401 ], [ 85.3163825, 27.6888182 ] ] ] } },
{ "type": "Feature", "properties": { "id": "way/52916461", "name": "बागमती पुल", "name_en": "Bagmati Bridge", "name_ne": "बागमती पुल", "highway": "primary", "surface": "asphalt", "smoothness": null, "width": "9", "lanes": "3", "oneway": "yes", "bridge": "yes", "layer": "1", "source": null, "adm0_pcode": "NPL", "adm0_name": "Nepal", "adm1_pcode": "NP03", "adm1_name": "Bagmati", "adm2_pcode": "NP0327", "adm2_name": "Kathmandu", "adm3_pcode": "NP0327101", "adm3_name": "Kathmandu", "adm4_pcode": null, "adm4_name": null, "name_latin": "Bagmati Bridge", "path": "C:\\Users\\neetu\\Documents\\orimery road.geojson" }, "geometry": { "type": "MultiLineString", "coordinates": [ [ [ 85.316288, 27.6889381 ], [ 85.3172714, 27.6900506 ] ] ] } },
{ "type": "Feature", "properties": { "id": "way/422272352", "name": "कान्ति पथ", "name_en": "Kanti Path", "name_ne": "कान्ति पथ", "highway": "primary", "surface": "asphalt", "smoothness": "good", "width": "12", "lanes": "4", "oneway": "yes", "bridge": null, "layer": null, "source": null, "adm0_pcode": "NPL", "adm0_name": "Nepal", "adm1_pcode": "NP03", "adm1_name": "Bagmati", "adm2_pcode": "NP0327", "adm2_name": "Kathmandu", "adm3_pcode": "NP0327101", "adm3_name": "Kathmandu", "adm4_pcode": null, "adm4_name": null, "name_latin": "Kanti Path", "path": "C:\\Users\\neetu\\Documents\\orimery road.geojson" }, "geometry": { "type": "MultiLineString", "coordinates": [ [ [ 85.3133569, 27.6988978 ], [ 85.3133812, 27.6992504 ], [ 85.3133919, 27.6994158 ] ] ] } },
{ "type": "Feature", "properties": { "id": "way/52916460", "name": null, "name_en": null, "name_ne": null, "highway": "primary", "surface": "asphalt", "smoothness": null, "width": "9", "lanes": "3", "oneway": "yes", "bridge": null, "layer": null, "source": null, "adm0_pcode": "NPL", "adm0_name": "Nepal", "adm1_pcode": "NP03", "adm1_name": "Bagmati", "adm2_pcode": "NP0327", "adm2_name": "Kathmandu", "adm3_pcode": "NP0327101", "adm3_name": "Kathmandu", "adm4_pcode": null, "adm4_name": null, "name_latin": null, "path": "C:\\Users\\neetu\\Documents\\orimery road.geojson" }, "geometry": { "type": "MultiLineString", "coordinates": [ [ [ 85.3172714, 27.6900506 ], [ 85.3173596, 27.690153 ] ] ] } },
{ "type": "Feature", "properties": { "id": "way/171603743", "name": "चाबहिल-बौद्ध-जोरपाटी सडक", "name_en": "Chabhil-Baudha-Jorpati Sadak", "name_ne": "चाबहिल-बौद्ध-जोरपाटी सडक", "highway": "primary", "surface": "asphalt", "smoothness": null, "width": "14", "lanes": "3", "oneway": null, "bridge": null, "layer": null, "source": null, "adm0_pcode": "NPL", "adm0_name": "Nepal", "adm1_pcode": "NP03", "adm1_name": "Bagmati", "adm2_pcode": "NP0327", "adm2_name": "Kathmandu", "adm3_pcode": "NP0327304", "adm3_name": "Gokarneshwor", "adm4_pcode": null, "adm4_name": null, "name_latin": "Chabhil-Baudha-Jorpati Sadak", "path": "C:\\Users\\neetu\\Documents\\orimery road.geojson" }, "geometry": { "type": "MultiLineString", "coordinates": [ [ [ 85.3726585, 27.7217385 ], [ 85.3725333, 27.7216688 ], [ 85.3723484, 27.7215815 ], [ 85.3722321, 27.7215473 ], [ 85.3720038, 27.7215214 ], [ 85.3718784, 27.7215175 ], [ 85.3717004, 27.7215083 ], [ 85.3716166, 27.721504 ], [ 85.3714322, 27.7214997 ], [ 85.3711601, 27.7214618 ], [ 85.3708525, 27.721465 ], [ 85.3706524, 27.721467 ], [ 85.3702187, 27.7214354 ], [ 85.3697781, 27.7213991 ], [ 85.3695908, 27.7213806 ], [ 85.3691508, 27.721334 ], [ 85.3689451, 27.7213001 ], [ 85.3687589, 27.7212678 ], [ 85.3685589, 27.7212331 ], [ 85.3683282, 27.7211966 ], [ 85.3681407, 27.7211669 ], [ 85.3674668, 27.7210572 ], [ 85.3662377, 27.7208343 ], [ 85.3659919, 27.7207865 ], [ 85.3656516, 27.7207268 ], [ 85.3650168, 27.7206185 ], [ 85.3647743, 27.7205651 ], [ 85.3643991, 27.7204852 ], [ 85.3641056, 27.7204375 ], [ 85.3639697, 27.7204279 ], [ 85.363741, 27.7204288 ], [ 85.3634369, 27.7204569 ], [ 85.3628301, 27.7205138 ], [ 85.362325, 27.7205656 ], [ 85.3620589, 27.7205971 ], [ 85.3617534, 27.7206413 ], [ 85.3617114, 27.7206471 ] ] ] } },
{ "type": "Feature", "properties": { "id": "way/351018901", "name": null, "name_en": null, "name_ne": null, "highway": "primary", "surface": "asphalt", "smoothness": null, "width": "6", "lanes": "2", "oneway": "yes", "bridge": null, "layer": null, "source": null, "adm0_pcode": "NPL", "adm0_name": "Nepal", "adm1_pcode": "NP03", "adm1_name": "Bagmati", "adm2_pcode": "NP0327", "adm2_name": "Kathmandu", "adm3_pcode": "NP0327101", "adm3_name": "Kathmandu", "adm4_pcode": null, "adm4_name": null, "name_latin": null, "path": "C:\\Users\\neetu\\Documents\\orimery road.geojson" }, "geometry": { "type": "MultiLineString", "coordinates": [ [ [ 85.3176493, 27.6905761 ], [ 85.3176445, 27.6904223 ], [ 85.3176324, 27.6903351 ], [ 85.3176153, 27.6902765 ], [ 85.3175733, 27.6901994 ], [ 85.3175092, 27.6901155 ], [ 85.3173961, 27.6899767 ] ] ] } },
{ "type": "Feature", "properties": { "id": "way/1469161152", "name": null, "name_en": null, "name_ne": null, "highway": "primary", "surface": null, "smoothness": null, "width": null, "lanes": "2", "oneway": "yes", "bridge": null, "layer": null, "source": null, "adm0_pcode": "NPL", "adm0_name": "Nepal", "adm1_pcode": "NP03", "adm1_name": "Bagmati", "adm2_pcode": "NP0327", "adm2_name": "Kathmandu", "adm3_pcode": "NP0327101", "adm3_name": "Kathmandu", "adm4_pcode": null, "adm4_name": null, "name_latin": null, "path": "C:\\Users\\neetu\\Documents\\orimery road.geojson" }, "geometry": { "type": "MultiLineString", "coordinates": [ [ [ 85.3176625, 27.6906393 ], [ 85.3176493, 27.6905761 ] ] ] } },
{ "type": "Feature", "properties": { "id": "way/422271067", "name": "कान्ति पथ", "name_en": "Kanti Path", "name_ne": "कान्ति पथ", "highway": "primary", "surface": "asphalt", "smoothness": "good", "width": "12", "lanes": "4", "oneway": "yes", "bridge": null, "layer": null, "source": null, "adm0_pcode": "NPL", "adm0_name": "Nepal", "adm1_pcode": "NP03", "adm1_name": "Bagmati", "adm2_pcode": "NP0327", "adm2_name": "Kathmandu", "adm3_pcode": "NP0327101", "adm3_name": "Kathmandu", "adm4_pcode": null, "adm4_name": null, "name_latin": "Kanti Path", "path": "C:\\Users\\neetu\\Documents\\orimery road.geojson" }, "geometry": { "type": "MultiLineString", "coordinates": [ [ [ 85.3133328, 27.6985202 ], [ 85.3133569, 27.6988978 ] ] ] } },
{ "type": "Feature", "properties": { "id": "way/1469161153", "name": null, "name_en": null, "name_ne": null, "highway": "primary", "surface": null, "smoothness": null, "width": null, "lanes": "2", "oneway": "yes", "bridge": null, "layer": null, "source": null, "adm0_pcode": "NPL", "adm0_name": "Nepal", "adm1_pcode": "NP03", "adm1_name": "Bagmati", "adm2_pcode": "NP0327", "adm2_name": "Kathmandu", "adm3_pcode": "NP0327101", "adm3_name": "Kathmandu", "adm4_pcode": null, "adm4_name": null, "name_latin": null, "path": "C:\\Users\\neetu\\Documents\\orimery road.geojson" }, "geometry": { "type": "MultiLineString", "coordinates": [ [ [ 85.3175761, 27.6905781 ], [ 85.3175833, 27.6906458 ] ] ] } },
{ "type": "Feature", "properties": { "id": "way/1133073171", "name": null, "name_en": null, "name_ne": null, "highway": "primary", "surface": null, "smoothness": null, "width": "7", "lanes": "2", "oneway": "yes", "bridge": null, "layer": null, "source": null, "adm0_pcode": "NPL", "adm0_name": "Nepal", "adm1_pcode": "NP03", "adm1_name": "Bagmati", "adm2_pcode": "NP0327", "adm2_name": "Kathmandu", "adm3_pcode": "NP0327101", "adm3_name": "Kathmandu", "adm4_pcode": null, "adm4_name": null, "name_latin": null, "path": "C:\\Users\\neetu\\Documents\\orimery road.geojson" }, "geometry": { "type": "MultiLineString", "coordinates": [ [ [ 85.2980541, 27.6849201 ], [ 85.2980867, 27.6849155 ], [ 85.2982305, 27.6848954 ] ] ] } },
{ "type": "Feature", "properties": { "id": "way/224840654", "name": "Kanti Lokhpath", "name_en": null, "name_ne": "कान्ति लोकपथ", "highway": "primary", "surface": null, "smoothness": null, "width": null, "lanes": null, "oneway": null, "bridge": null, "layer": null, "source": null, "adm0_pcode": "NPL", "adm0_name": "Nepal", "adm1_pcode": "NP03", "adm1_name": "Bagmati", "adm2_pcode": "NP0325", "adm2_name": "Lalitpur", "adm3_pcode": "NP0325301", "adm3_name": "Godawari", "adm4_pcode": null, "adm4_name": null, "name_latin": "Kanti Lokhpath", "path": "C:\\Users\\neetu\\Documents\\orimery road.geojson" }, "geometry": { "type": "MultiLineString", "coordinates": [ [ [ 85.3231569, 27.6023004 ], [ 85.3232765, 27.6024501 ], [ 85.3233874, 27.6025619 ], [ 85.3235538, 27.6026902 ], [ 85.3236868, 27.6028184 ], [ 85.3237472, 27.6030138 ], [ 85.3238656, 27.6034559 ], [ 85.3238729, 27.6034963 ], [ 85.3239396, 27.6037832 ], [ 85.3239505, 27.6039929 ] ] ] } },
{ "type": "Feature", "properties": { "id": "way/52799481", "name": "एला सादक", "name_en": "Yela Sadak", "name_ne": "एला सादक", "highway": "primary", "surface": "asphalt", "smoothness": null, "width": "9", "lanes": null, "oneway": "yes", "bridge": null, "layer": null, "source": null, "adm0_pcode": "NPL", "adm0_name": "Nepal", "adm1_pcode": "NP03", "adm1_name": "Bagmati", "adm2_pcode": "NP0327", "adm2_name": "Kathmandu", "adm3_pcode": "NP0327101", "adm3_name": "Kathmandu", "adm4_pcode": null, "adm4_name": null, "name_latin": "Yela Sadak", "path": "C:\\Users\\neetu\\Documents\\orimery road.geojson" }, "geometry": { "type": "MultiLineString", "coordinates": [ [ [ 85.3161679, 27.6880753 ], [ 85.3160778, 27.6882273 ], [ 85.3160539, 27.6883758 ], [ 85.316049, 27.68845 ], [ 85.3160542, 27.6885574 ], [ 85.3161152, 27.6887069 ], [ 85.3162053, 27.6888371 ], [ 85.316288, 27.6889381 ] ] ] } },
{ "type": "Feature", "properties": { "id": "way/228677438", "name": "विश्वविद्याल पथ", "name_en": "University Path", "name_ne": "विश्वविद्याल पथ", "highway": "primary", "surface": null, "smoothness": null, "width": null, "lanes": null, "oneway": null, "bridge": null, "layer": null, "source": null, "adm0_pcode": "NPL", "adm0_name": "Nepal", "adm1_pcode": "NP03", "adm1_name": "Bagmati", "adm2_pcode": "NP0327", "adm2_name": "Kathmandu", "adm3_pcode": "NP0327101", "adm3_name": "Kathmandu", "adm4_pcode": null, "adm4_name": null, "name_latin": "University Path", "path": "C:\\Users\\neetu\\Documents\\orimery road.geojson" }, "geometry": { "type": "MultiLineString", "coordinates": [ [ [ 85.2982305, 27.6848954 ], [ 85.2982255, 27.6848156 ], [ 85.2982213, 27.6847496 ] ] ] } },
{ "type": "Feature", "properties": { "id": "way/1091877748", "name": null, "name_en": null, "name_ne": null, "highway": "primary", "surface": null, "smoothness": null, "width": "7", "lanes": "2", "oneway": "yes", "bridge": null, "layer": null, "source": null, "adm0_pcode": "NPL", "adm0_name": "Nepal", "adm1_pcode": "NP03", "adm1_name": "Bagmati", "adm2_pcode": "NP0327", "adm2_name": "Kathmandu", "adm3_pcode": "NP0327101", "adm3_name": "Kathmandu", "adm4_pcode": null, "adm4_name": null, "name_latin": null, "path": "C:\\Users\\neetu\\Documents\\orimery road.geojson" }, "geometry": { "type": "MultiLineString", "coordinates": [ [ [ 85.2982305, 27.6848954 ], [ 85.2983588, 27.6848805 ], [ 85.2988636, 27.684822 ] ] ] } },
{ "type": "Feature", "properties": { "id": "way/136448418", "name": "कृष्ण मार्ग", "name_en": "Krishna Marg", "name_ne": "कृष्ण मार्ग", "highway": "primary", "surface": "asphalt", "smoothness": null, "width": "9", "lanes": null, "oneway": "yes", "bridge": null, "layer": null, "source": null, "adm0_pcode": "NPL", "adm0_name": "Nepal", "adm1_pcode": "NP03", "adm1_name": "Bagmati", "adm2_pcode": "NP0327", "adm2_name": "Kathmandu", "adm3_pcode": "NP0327101", "adm3_name": "Kathmandu", "adm4_pcode": null, "adm4_name": null, "name_latin": "Krishna Marg", "path": "C:\\Users\\neetu\\Documents\\orimery road.geojson" }, "geometry": { "type": "MultiLineString", "coordinates": [ [ [ 85.3163825, 27.6888182 ], [ 85.316272, 27.6887028 ], [ 85.3161918, 27.6885842 ], [ 85.3161752, 27.6885244 ], [ 85.3161618, 27.6884598 ], [ 85.3161518, 27.6882904 ], [ 85.3161679, 27.6880753 ] ] ] } },
{ "type": "Feature", "properties": { "id": "way/670112955", "name": null, "name_en": null, "name_ne": null, "highway": "primary", "surface": null, "smoothness": null, "width": "7", "lanes": "2", "oneway": "yes", "bridge": null, "layer": null, "source": null, "adm0_pcode": "NPL", "adm0_name": "Nepal", "adm1_pcode": "NP03", "adm1_name": "Bagmati", "adm2_pcode": "NP0327", "adm2_name": "Kathmandu", "adm3_pcode": "NP0327101", "adm3_name": "Kathmandu", "adm4_pcode": null, "adm4_name": null, "name_latin": null, "path": "C:\\Users\\neetu\\Documents\\orimery road.geojson" }, "geometry": { "type": "MultiLineString", "coordinates": [ [ [ 85.2988355, 27.6845923 ], [ 85.2983366, 27.6846625 ], [ 85.2982092, 27.6846791 ], [ 85.2980618, 27.6846952 ], [ 85.2980347, 27.6846982 ] ] ] } },
{ "type": "Feature", "properties": { "id": "way/232351915", "name": "एला सडक", "name_en": "Yela Sadak", "name_ne": "एला सडक", "highway": "primary", "surface": "asphalt", "smoothness": null, "width": "14", "lanes": "4", "oneway": "no", "bridge": null, "layer": null, "source": null, "adm0_pcode": "NPL", "adm0_name": "Nepal", "adm1_pcode": "NP03", "adm1_name": "Bagmati", "adm2_pcode": "NP0325", "adm2_name": "Lalitpur", "adm3_pcode": "NP0325101", "adm3_name": "Lalitpur", "adm4_pcode": null, "adm4_name": null, "name_latin": "Yela Sadak", "path": "C:\\Users\\neetu\\Documents\\orimery road.geojson" }, "geometry": { "type": "MultiLineString", "coordinates": [ [ [ 85.3162249, 27.6879843 ], [ 85.3163053, 27.6879021 ], [ 85.3164333, 27.6877963 ], [ 85.3165814, 27.687698 ], [ 85.3166593, 27.6876346 ], [ 85.3168247, 27.6874021 ], [ 85.3171899, 27.6868497 ], [ 85.3172393, 27.6867781 ] ] ] } },
{ "type": "Feature", "properties": { "id": "way/1284332016", "name": "Tribhuvan Rajpath", "name_en": null, "name_ne": null, "highway": "trunk", "surface": "paved", "smoothness": null, "width": "22", "lanes": "2", "oneway": "yes", "bridge": null, "layer": null, "source": null, "adm0_pcode": "NPL", "adm0_name": "Nepal", "adm1_pcode": "NP03", "adm1_name": "Bagmati", "adm2_pcode": "NP0327", "adm2_name": "Kathmandu", "adm3_pcode": "NP0327308", "adm3_name": "Chandragiri", "adm4_pcode": null, "adm4_name": null, "name_latin": "Tribhuvan Rajpath", "path": "C:/Users/neetu/OneDrive/Desktop/naxa file/GTFS Dashboard/data/trunk.geojson" }, "geometry": { "type": "MultiLineString", "coordinates": [ [ [ 85.2743322, 27.6906799 ], [ 85.2741447, 27.6905646 ], [ 85.2739814, 27.690495 ], [ 85.2736804, 27.6903539 ], [ 85.2732656, 27.6901747 ], [ 85.2724993, 27.6898447 ], [ 85.2722175, 27.6897578 ] ] ] } },
{ "type": "Feature", "properties": { "id": "way/1080177873", "name": "Araniko Highway", "name_en": null, "name_ne": null, "highway": "trunk", "surface": "asphalt", "smoothness": null, "width": "9", "lanes": "2", "oneway": "yes", "bridge": null, "layer": null, "source": null, "adm0_pcode": "NPL", "adm0_name": "Nepal", "adm1_pcode": "NP03", "adm1_name": "Bagmati", "adm2_pcode": "NP0326", "adm2_name": "Bhaktapur", "adm3_pcode": "NP0326301", "adm3_name": "Madhyapur Thimi", "adm4_pcode": null, "adm4_name": null, "name_latin": "Araniko Highway", "path": "C:/Users/neetu/OneDrive/Desktop/naxa file/GTFS Dashboard/data/trunk.geojson" }, "geometry": { "type": "MultiLineString", "coordinates": [ [ [ 85.3648911, 27.6745352 ], [ 85.3649561, 27.6745314 ], [ 85.3657388, 27.6744854 ], [ 85.3674189, 27.6743734 ], [ 85.3681216, 27.6743305 ], [ 85.3693351, 27.6742717 ], [ 85.3723174, 27.6740796 ], [ 85.3729302, 27.6740401 ] ] ] } },
{ "type": "Feature", "properties": { "id": "way/1284332017", "name": "Tribhuvan Rajpath", "name_en": null, "name_ne": null, "highway": "trunk", "surface": "paved", "smoothness": null, "width": "22", "lanes": "2", "oneway": "yes", "bridge": null, "layer": null, "source": null, "adm0_pcode": "NPL", "adm0_name": "Nepal", "adm1_pcode": "NP03", "adm1_name": "Bagmati", "adm2_pcode": "NP0327", "adm2_name": "Kathmandu", "adm3_pcode": "NP0327308", "adm3_name": "Chandragiri", "adm4_pcode": null, "adm4_name": null, "name_latin": "Tribhuvan Rajpath", "path": "C:/Users/neetu/OneDrive/Desktop/naxa file/GTFS Dashboard/data/trunk.geojson" }, "geometry": { "type": "MultiLineString", "coordinates": [ [ [ 85.2722175, 27.6897578 ], [ 85.272451, 27.6898791 ], [ 85.2732288, 27.6902304 ], [ 85.2736425, 27.6904172 ], [ 85.2739588, 27.6905545 ], [ 85.2741221, 27.690615 ], [ 85.2743322, 27.6906799 ] ] ] } },
{ "type": "Feature", "properties": { "id": "way/231880680", "name": "मदन भण्डारी पथ", "name_en": "Madan Bhandari Path", "name_ne": "मदन भण्डारी पथ", "highway": "trunk", "surface": "asphalt", "smoothness": null, "width": "7", "lanes": "2", "oneway": "yes", "bridge": null, "layer": null, "source": null, "adm0_pcode": "NPL", "adm0_name": "Nepal", "adm1_pcode": "NP03", "adm1_name": "Bagmati", "adm2_pcode": "NP0327", "adm2_name": "Kathmandu", "adm3_pcode": "NP0327101", "adm3_name": "Kathmandu", "adm4_pcode": null, "adm4_name": null, "name_latin": "Madan Bhandari Path", "path": "C:/Users/neetu/OneDrive/Desktop/naxa file/GTFS Dashboard/data/trunk.geojson" }, "geometry": { "type": "MultiLineString", "coordinates": [ [ [ 85.3347153, 27.6884696 ], [ 85.3352997, 27.6883436 ], [ 85.3355777, 27.6882866 ] ] ] } },
{ "type": "Feature", "properties": { "id": "way/1090820453", "name": "Kathmandu Ringroad", "name_en": null, "name_ne": "काठमाडाैँ चक्रपथ", "highway": "trunk", "surface": "paved", "smoothness": null, "width": "6", "lanes": "4", "oneway": "yes", "bridge": null, "layer": null, "source": null, "adm0_pcode": "NPL", "adm0_name": "Nepal", "adm1_pcode": "NP03", "adm1_name": "Bagmati", "adm2_pcode": "NP0327", "adm2_name": "Kathmandu", "adm3_pcode": "NP0327305", "adm3_name": "Nagarjun", "adm4_pcode": null, "adm4_name": null, "name_latin": "Kathmandu Ringroad", "path": "C:/Users/neetu/OneDrive/Desktop/naxa file/GTFS Dashboard/data/trunk.geojson" }, "geometry": { "type": "MultiLineString", "coordinates": [ [ [ 85.2815712, 27.6942387 ], [ 85.281525, 27.6950889 ], [ 85.2815021, 27.6956643 ], [ 85.2815018, 27.6959645 ], [ 85.281482, 27.6962737 ], [ 85.2814201, 27.6969243 ] ] ] } },
{ "type": "Feature", "properties": { "id": "way/1090820456", "name": "Kathmandu Ringroad", "name_en": null, "name_ne": "काठमाडाैँ चक्रपथ", "highway": "trunk", "surface": "paved", "smoothness": null, "width": "7", "lanes": "2", "oneway": "yes", "bridge": null, "layer": null, "source": null, "adm0_pcode": "NPL", "adm0_name": "Nepal", "adm1_pcode": "NP03", "adm1_name": "Bagmati", "adm2_pcode": "NP0327", "adm2_name": "Kathmandu", "adm3_pcode": "NP0327101", "adm3_name": "Kathmandu", "adm4_pcode": null, "adm4_name": null, "name_latin": "Kathmandu Ringroad", "path": "C:/Users/neetu/OneDrive/Desktop/naxa file/GTFS Dashboard/data/trunk.geojson" }, "geometry": { "type": "MultiLineString", "coordinates": [ [ [ 85.2833986, 27.6904114 ], [ 85.2836085, 27.6901045 ] ] ] } },
{ "type": "Feature", "properties": { "id": "way/232096883", "name": "Araniko Highway", "name_en": null, "name_ne": null, "highway": "trunk", "surface": "asphalt", "smoothness": null, "width": "9", "lanes": "2", "oneway": "yes", "bridge": null, "layer": null, "source": null, "adm0_pcode": "NPL", "adm0_name": "Nepal", "adm1_pcode": "NP03", "adm1_name": "Bagmati", "adm2_pcode": "NP0326", "adm2_name": "Bhaktapur", "adm3_pcode": "NP0326301", "adm3_name": "Madhyapur Thimi", "adm4_pcode": null, "adm4_name": null, "name_latin": "Araniko Highway", "path": "C:/Users/neetu/OneDrive/Desktop/naxa file/GTFS Dashboard/data/trunk.geojson" }, "geometry": { "type": "MultiLineString", "coordinates": [ [ [ 85.372916, 27.6739505 ], [ 85.3723146, 27.6739863 ], [ 85.3695148, 27.6741529 ], [ 85.3661427, 27.6743446 ], [ 85.3658844, 27.6743608 ], [ 85.3649527, 27.6744172 ], [ 85.3648854, 27.6744213 ] ] ] } },
{ "type": "Feature", "properties": { "id": "way/1080178803", "name": "Kathmandu Ringroad", "name_en": null, "name_ne": "काठमाडाैँ चक्रपथ", "highway": "trunk", "surface": "paved", "smoothness": null, "width": "14", "lanes": "4", "oneway": "no", "bridge": null, "layer": null, "source": null, "adm0_pcode": "NPL", "adm0_name": "Nepal", "adm1_pcode": "NP03", "adm1_name": "Bagmati", "adm2_pcode": "NP0327", "adm2_name": "Kathmandu", "adm3_pcode": "NP0327101", "adm3_name": "Kathmandu", "adm4_pcode": null, "adm4_name": null, "name_latin": "Kathmandu Ringroad", "path": "C:/Users/neetu/OneDrive/Desktop/naxa file/GTFS Dashboard/data/trunk.geojson" }, "geometry": { "type": "MultiLineString", "coordinates": [ [ [ 85.3461889, 27.7160314 ], [ 85.3461215, 27.7158292 ], [ 85.3460534, 27.7156423 ], [ 85.3459892, 27.7154813 ], [ 85.3457683, 27.714862 ], [ 85.3457598, 27.7148331 ], [ 85.3456637, 27.7144179 ], [ 85.3455356, 27.7136714 ], [ 85.345508, 27.7135027 ], [ 85.3454648, 27.7132537 ], [ 85.3454588, 27.7132392 ], [ 85.345414, 27.7130685 ], [ 85.3453979, 27.7130244 ], [ 85.345374, 27.7129639 ], [ 85.345235, 27.7126376 ], [ 85.3449555, 27.7119696 ] ] ] } },
{ "type": "Feature", "properties": { "id": "way/648697035", "name": "Kathmandu Ringroad", "name_en": null, "name_ne": "काठमाडाैँ चक्रपथ", "highway": "trunk", "surface": null, "smoothness": null, "width": "7", "lanes": "2", "oneway": "yes", "bridge": null, "layer": null, "source": null, "adm0_pcode": "NPL", "adm0_name": "Nepal", "adm1_pcode": "NP03", "adm1_name": "Bagmati", "adm2_pcode": "NP0326", "adm2_name": "Bhaktapur", "adm3_pcode": "NP0326301", "adm3_name": "Madhyapur Thimi", "adm4_pcode": null, "adm4_name": null, "name_latin": "Kathmandu Ringroad", "path": "C:/Users/neetu/OneDrive/Desktop/naxa file/GTFS Dashboard/data/trunk.geojson" }, "geometry": { "type": "MultiLineString", "coordinates": [ [ [ 85.3425293, 27.6738259 ], [ 85.3427021, 27.6739914 ], [ 85.3429636, 27.6742645 ], [ 85.3431407, 27.6744403 ], [ 85.3433633, 27.6746636 ], [ 85.3435725, 27.6748618 ], [ 85.3438234, 27.6750782 ], [ 85.3440701, 27.6752823 ], [ 85.3443504, 27.6754926 ], [ 85.3445585, 27.6756254 ], [ 85.3447324, 27.6757414 ], [ 85.3450379, 27.6759462 ], [ 85.3454978, 27.6762445 ], [ 85.345783, 27.6764303 ], [ 85.3466325, 27.6769834 ], [ 85.3469952, 27.6772314 ], [ 85.3475249, 27.6775863 ], [ 85.3478593, 27.6778086 ], [ 85.3484375, 27.6781829 ], [ 85.3488209, 27.6784265 ], [ 85.3490961, 27.6786202 ], [ 85.349197, 27.678698 ], [ 85.349252, 27.6787672 ] ] ] } },
{ "type": "Feature", "properties": { "id": "way/231786206", "name": "Kathmandu Ringroad", "name_en": null, "name_ne": "काठमाडाैँ चक्रपथ", "highway": "trunk", "surface": "paved", "smoothness": null, "width": "6", "lanes": "2", "oneway": "yes", "bridge": null, "layer": null, "source": null, "adm0_pcode": "NPL", "adm0_name": "Nepal", "adm1_pcode": "NP03", "adm1_name": "Bagmati", "adm2_pcode": "NP0325", "adm2_name": "Lalitpur", "adm3_pcode": "NP0325101", "adm3_name": "Lalitpur", "adm4_pcode": null, "adm4_name": null, "name_latin": "Kathmandu Ringroad", "path": "C:/Users/neetu/OneDrive/Desktop/naxa file/GTFS Dashboard/data/trunk.geojson" }, "geometry": { "type": "MultiLineString", "coordinates": [ [ [ 85.3296338, 27.6635076 ], [ 85.3294295, 27.6632582 ], [ 85.3279639, 27.6614791 ], [ 85.3274439, 27.6608528 ], [ 85.3271587, 27.6605046 ], [ 85.3270824, 27.6604145 ], [ 85.3270008, 27.6603213 ], [ 85.3269141, 27.660226 ], [ 85.3268223, 27.6601292 ], [ 85.3267255, 27.6600316 ], [ 85.3266239, 27.659934 ], [ 85.3265173, 27.6598372 ], [ 85.326406, 27.6597418 ], [ 85.32629, 27.6596487 ], [ 85.3261694, 27.6595585 ], [ 85.3260443, 27.6594721 ], [ 85.3259182, 27.65939 ], [ 85.3256782, 27.6592403 ], [ 85.3255671, 27.6591737 ], [ 85.3253697, 27.6590593 ], [ 85.3252148, 27.658973 ], [ 85.3250773, 27.6588996 ], [ 85.3248303, 27.6587552 ], [ 85.32474, 27.6587024 ] ] ] } },
{ "type": "Feature", "properties": { "id": "way/190532597", "name": "Kathmandu Ringroad", "name_en": null, "name_ne": "काठमाडाैँ चक्रपथ", "highway": "trunk", "surface": "paved", "smoothness": null, "width": "14", "lanes": "4", "oneway": "no", "bridge": "yes", "layer": "1", "source": null, "adm0_pcode": "NPL", "adm0_name": "Nepal", "adm1_pcode": "NP03", "adm1_name": "Bagmati", "adm2_pcode": "NP0327", "adm2_name": "Kathmandu", "adm3_pcode": "NP0327101", "adm3_name": "Kathmandu", "adm4_pcode": null, "adm4_name": null, "name_latin": "Kathmandu Ringroad", "path": "C:/Users/neetu/OneDrive/Desktop/naxa file/GTFS Dashboard/data/trunk.geojson" }, "geometry": { "type": "MultiLineString", "coordinates": [ [ [ 85.3488756, 27.7060097 ], [ 85.3493909, 27.7060924 ] ] ] } },
{ "type": "Feature", "properties": { "id": "way/1178281084", "name": "Kathmandu Ringroad", "name_en": null, "name_ne": "काठमाडाैँ चक्रपथ", "highway": "trunk", "surface": "paved", "smoothness": null, "width": "9", "lanes": "4", "oneway": null, "bridge": null, "layer": null, "source": null, "adm0_pcode": "NPL", "adm0_name": "Nepal", "adm1_pcode": "NP03", "adm1_name": "Bagmati", "adm2_pcode": "NP0327", "adm2_name": "Kathmandu", "adm3_pcode": "NP0327101", "adm3_name": "Kathmandu", "adm4_pcode": null, "adm4_name": null, "name_latin": "Kathmandu Ringroad", "path": "C:/Users/neetu/OneDrive/Desktop/naxa file/GTFS Dashboard/data/trunk.geojson" }, "geometry": { "type": "MultiLineString", "coordinates": [ [ [ 85.3490582, 27.6835176 ], [ 85.349122, 27.6836967 ] ] ] } },
{ "type": "Feature", "properties": { "id": "way/591357319", "name": "Kathmandu Ringroad", "name_en": null, "name_ne": "काठमाडाैँ चक्रपथ", "highway": "trunk", "surface": "asphalt", "smoothness": null, "width": "9", "lanes": "2", "oneway": "yes", "bridge": null, "layer": null, "source": null, "adm0_pcode": "NPL", "adm0_name": "Nepal", "adm1_pcode": "NP03", "adm1_name": "Bagmati", "adm2_pcode": "NP0327", "adm2_name": "Kathmandu", "adm3_pcode": "NP0327101", "adm3_name": "Kathmandu", "adm4_pcode": null, "adm4_name": null, "name_latin": "Kathmandu Ringroad", "path": "C:/Users/neetu/OneDrive/Desktop/naxa file/GTFS Dashboard/data/trunk.geojson" }, "geometry": { "type": "MultiLineString", "coordinates": [ [ [ 85.3493306, 27.6826266 ], [ 85.3493143, 27.682709 ], [ 85.3492838, 27.6828628 ], [ 85.3491982, 27.683178 ], [ 85.34913, 27.6833559 ], [ 85.3490582, 27.6835176 ] ] ] } },
{ "type": "Feature", "properties": { "id": "way/231882049", "name": "Araniko Highway", "name_en": null, "name_ne": null, "highway": "trunk", "surface": "asphalt", "smoothness": null, "width": "12", "lanes": "4", "oneway": "yes", "bridge": null, "layer": null, "source": null, "adm0_pcode": "NPL", "adm0_name": "Nepal", "adm1_pcode": "NP03", "adm1_name": "Bagmati", "adm2_pcode": "NP0326", "adm2_name": "Bhaktapur", "adm3_pcode": "NP0326301", "adm3_name": "Madhyapur Thimi", "adm4_pcode": null, "adm4_name": null, "name_latin": "Araniko Highway", "path": "C:/Users/neetu/OneDrive/Desktop/naxa file/GTFS Dashboard/data/trunk.geojson" }, "geometry": { "type": "MultiLineString", "coordinates": [ [ [ 85.3515189, 27.6754323 ], [ 85.3518052, 27.6753581 ], [ 85.3518943, 27.6753431 ], [ 85.3519727, 27.675331 ], [ 85.3521342, 27.6753173 ], [ 85.3522467, 27.6753087 ], [ 85.3526523, 27.6752965 ] ] ] } },
{ "type": "Feature", "properties": { "id": "way/653848630", "name": "Kathmandu Ringroad", "name_en": null, "name_ne": "काठमाडाैँ चक्रपथ", "highway": "trunk", "surface": "paved", "smoothness": null, "width": "7", "lanes": "2", "oneway": "yes", "bridge": null, "layer": null, "source": null, "adm0_pcode": "NPL", "adm0_name": "Nepal", "adm1_pcode": "NP03", "adm1_name": "Bagmati", "adm2_pcode": "NP0327", "adm2_name": "Kathmandu", "adm3_pcode": "NP0327101", "adm3_name": "Kathmandu", "adm4_pcode": null, "adm4_name": null, "name_latin": "Kathmandu Ringroad", "path": "C:/Users/neetu/OneDrive/Desktop/naxa file/GTFS Dashboard/data/trunk.geojson" }, "geometry": { "type": "MultiLineString", "coordinates": [ [ [ 85.2835509, 27.6900667 ], [ 85.2831134, 27.6906907 ], [ 85.282767, 27.69119 ], [ 85.2823484, 27.6918159 ], [ 85.2819266, 27.6924354 ], [ 85.2818125, 27.6926629 ] ] ] } },
{ "type": "Feature", "properties": { "id": "way/1090820449", "name": "Kathmandu Ringroad", "name_en": null, "name_ne": "काठमाडाैँ चक्रपथ", "highway": "trunk", "surface": "paved", "smoothness": null, "width": "7", "lanes": "4", "oneway": "yes", "bridge": null, "layer": null, "source": null, "adm0_pcode": "NPL", "adm0_name": "Nepal", "adm1_pcode": "NP03", "adm1_name": "Bagmati", "adm2_pcode": "NP0327", "adm2_name": "Kathmandu", "adm3_pcode": "NP0327101", "adm3_name": "Kathmandu", "adm4_pcode": null, "adm4_name": null, "name_latin": "Kathmandu Ringroad", "path": "C:/Users/neetu/OneDrive/Desktop/naxa file/GTFS Dashboard/data/trunk.geojson" }, "geometry": { "type": "MultiLineString", "coordinates": [ [ [ 85.2818889, 27.6926826 ], [ 85.2819878, 27.6924748 ], [ 85.2820654, 27.6923396 ], [ 85.2823833, 27.6918824 ], [ 85.2826331, 27.6915124 ], [ 85.2828392, 27.6912198 ], [ 85.2831809, 27.6907271 ], [ 85.2833986, 27.6904114 ] ] ] } },
{ "type": "Feature", "properties": { "id": "way/229077494", "name": "Kathmandu Ringroad", "name_en": null, "name_ne": "काठमाडाैँ चक्रपथ", "highway": "trunk", "surface": "paved", "smoothness": null, "width": "14", "lanes": "4", "oneway": "no", "bridge": null, "layer": null, "source": null, "adm0_pcode": "NPL", "adm0_name": "Nepal", "adm1_pcode": "NP03", "adm1_name": "Bagmati", "adm2_pcode": "NP0327", "adm2_name": "Kathmandu", "adm3_pcode": "NP0327101", "adm3_name": "Kathmandu", "adm4_pcode": null, "adm4_name": null, "name_latin": "Kathmandu Ringroad", "path": "C:/Users/neetu/OneDrive/Desktop/naxa file/GTFS Dashboard/data/trunk.geojson" }, "geometry": { "type": "MultiLineString", "coordinates": [ [ [ 85.3208687, 27.7356015 ], [ 85.3210481, 27.7356683 ], [ 85.3213334, 27.7357991 ], [ 85.3213912, 27.7358334 ], [ 85.3216499, 27.7359743 ], [ 85.3217345, 27.7360244 ], [ 85.3220413, 27.7362104 ], [ 85.322218, 27.7363172 ], [ 85.3227572, 27.7366284 ], [ 85.322958, 27.7367505 ], [ 85.3233865, 27.737006 ], [ 85.323474, 27.737062 ], [ 85.3249332, 27.7379498 ], [ 85.3250673, 27.7380304 ], [ 85.3251905, 27.7381061 ], [ 85.3256265, 27.7383691 ], [ 85.325942, 27.7385722 ], [ 85.3265708, 27.7389463 ], [ 85.3271293, 27.7392787 ], [ 85.3278602, 27.7397166 ], [ 85.3279036, 27.7397426 ], [ 85.3281297, 27.7398844 ], [ 85.3288214, 27.740318 ], [ 85.3293125, 27.7406148 ] ] ] } },
{ "type": "Feature", "properties": { "id": "way/232434588", "name": "Araniko Highway", "name_en": null, "name_ne": null, "highway": "trunk", "surface": "asphalt", "smoothness": null, "width": "10", "lanes": "2", "oneway": "yes", "bridge": null, "layer": null, "source": null, "adm0_pcode": "NPL", "adm0_name": "Nepal", "adm1_pcode": "NP03", "adm1_name": "Bagmati", "adm2_pcode": "NP0326", "adm2_name": "Bhaktapur", "adm3_pcode": "NP0326303", "adm3_name": "Bhaktapur", "adm4_pcode": null, "adm4_name": null, "name_latin": "Araniko Highway", "path": "C:/Users/neetu/OneDrive/Desktop/naxa file/GTFS Dashboard/data/trunk.geojson" }, "geometry": { "type": "MultiLineString", "coordinates": [ [ [ 85.4170094, 27.667127 ], [ 85.4173574, 27.66696 ], [ 85.4175548, 27.6668563 ], [ 85.4177712, 27.6667606 ], [ 85.4179843, 27.666681 ], [ 85.4181886, 27.6666127 ], [ 85.4184294, 27.6665354 ], [ 85.4186787, 27.6664662 ], [ 85.4189472, 27.666407 ], [ 85.4192067, 27.6663652 ], [ 85.4194524, 27.666324 ], [ 85.4199849, 27.6662536 ], [ 85.4201378, 27.6662336 ], [ 85.4205355, 27.6661876 ], [ 85.4210508, 27.6661254 ] ] ] } },
{ "type": "Feature", "properties": { "id": "way/232099516", "name": "Araniko Highway", "name_en": null, "name_ne": null, "highway": "trunk", "surface": "asphalt", "smoothness": null, "width": "10", "lanes": "2", "oneway": "yes", "bridge": null, "layer": null, "source": null, "adm0_pcode": "NPL", "adm0_name": "Nepal", "adm1_pcode": "NP03", "adm1_name": "Bagmati", "adm2_pcode": "NP0326", "adm2_name": "Bhaktapur", "adm3_pcode": "NP0326303", "adm3_name": "Bhaktapur", "adm4_pcode": null, "adm4_name": null, "name_latin": "Araniko Highway", "path": "C:/Users/neetu/OneDrive/Desktop/naxa file/GTFS Dashboard/data/trunk.geojson" }, "geometry": { "type": "MultiLineString", "coordinates": [ [ [ 85.4210718, 27.6660141 ], [ 85.4205763, 27.6660839 ], [ 85.420124, 27.6661513 ], [ 85.419969, 27.6661686 ], [ 85.4193648, 27.6662361 ], [ 85.4188855, 27.6663164 ], [ 85.4185805, 27.6663832 ], [ 85.4182663, 27.6664728 ], [ 85.4180159, 27.6665579 ], [ 85.4177156, 27.6666722 ], [ 85.4172444, 27.6668729 ], [ 85.4171861, 27.6669011 ], [ 85.4169053, 27.6670368 ] ] ] } },
{ "type": "Feature", "properties": { "id": "way/226834863", "name": "Araniko Highway", "name_en": null, "name_ne": "अरनिको राजमार्ग", "highway": "trunk", "surface": "asphalt", "smoothness": null, "width": "9", "lanes": "2", "oneway": "yes", "bridge": null, "layer": null, "source": null, "adm0_pcode": "NPL", "adm0_name": "Nepal", "adm1_pcode": "NP03", "adm1_name": "Bagmati", "adm2_pcode": "NP0326", "adm2_name": "Bhaktapur", "adm3_pcode": "NP0326301", "adm3_name": "Madhyapur Thimi", "adm4_pcode": null, "adm4_name": null, "name_latin": "Araniko Highway", "path": "C:/Users/neetu/OneDrive/Desktop/naxa file/GTFS Dashboard/data/trunk.geojson" }, "geometry": { "type": "MultiLineString", "coordinates": [ [ [ 85.3527968, 27.675189 ], [ 85.3522039, 27.6751991 ], [ 85.3519423, 27.6752228 ], [ 85.3517121, 27.6752683 ], [ 85.3515092, 27.6753224 ], [ 85.3513687, 27.6753642 ], [ 85.3512069, 27.6754263 ], [ 85.3510521, 27.67549 ], [ 85.3508668, 27.6755827 ], [ 85.3506019, 27.6757501 ], [ 85.3504628, 27.6758611 ], [ 85.3503276, 27.6759816 ], [ 85.3501936, 27.676108 ], [ 85.3500825, 27.6762312 ], [ 85.349989, 27.6763522 ], [ 85.3498826, 27.6765157 ], [ 85.3497843, 27.6766872 ], [ 85.3497251, 27.6768144 ], [ 85.349672, 27.6769654 ], [ 85.3496288, 27.677093 ], [ 85.3495895, 27.6772396 ], [ 85.3495675, 27.6773978 ], [ 85.3495562, 27.6775727 ], [ 85.3495461, 27.6779688 ], [ 85.349545, 27.6780113 ], [ 85.3495322, 27.6786036 ], [ 85.3495325, 27.6787883 ] ] ] } },
{ "type": "Feature", "properties": { "id": "way/229075032", "name": "Tribhuvan Rajpath", "name_en": null, "name_ne": null, "highway": "trunk", "surface": "paved", "smoothness": null, "width": "22", "lanes": "2", "oneway": "no", "bridge": null, "layer": null, "source": null, "adm0_pcode": "NPL", "adm0_name": "Nepal", "adm1_pcode": "NP03", "adm1_name": "Bagmati", "adm2_pcode": "NP0327", "adm2_name": "Kathmandu", "adm3_pcode": "NP0327308", "adm3_name": "Chandragiri", "adm4_pcode": null, "adm4_name": null, "name_latin": "Tribhuvan Rajpath", "path": "C:/Users/neetu/OneDrive/Desktop/naxa file/GTFS Dashboard/data/trunk.geojson" }, "geometry": { "type": "MultiLineString", "coordinates": [ [ [ 85.2624191, 27.6861279 ], [ 85.2625993, 27.6861882 ], [ 85.2630333, 27.6863862 ], [ 85.2636279, 27.6866576 ], [ 85.2641351, 27.6868891 ], [ 85.264343, 27.6869677 ], [ 85.2645255, 27.6870384 ], [ 85.2647171, 27.6870881 ], [ 85.2647986, 27.6871044 ], [ 85.2649504, 27.6871354 ], [ 85.2650456, 27.6871549 ], [ 85.2658072, 27.6872131 ], [ 85.2663445, 27.6872381 ], [ 85.2666964, 27.6872423 ], [ 85.2676031, 27.6872395 ], [ 85.2682257, 27.6872638 ], [ 85.2683722, 27.6872789 ], [ 85.268576, 27.6873257 ], [ 85.2687669, 27.6873754 ], [ 85.2689594, 27.6874361 ], [ 85.2691908, 27.6875345 ], [ 85.2692725, 27.6875769 ], [ 85.2694488, 27.6876782 ], [ 85.2696841, 27.6878327 ], [ 85.2699702, 27.6880429 ], [ 85.2703988, 27.6884515 ], [ 85.2704823, 27.6885339 ], [ 85.2710979, 27.6890549 ], [ 85.2713277, 27.6892395 ], [ 85.271537, 27.6894016 ], [ 85.2716734, 27.6894873 ], [ 85.2719266, 27.689631 ], [ 85.2722175, 27.6897578 ] ] ] } },
{ "type": "Feature", "properties": { "id": "way/1132407062", "name": "Araniko Highway", "name_en": null, "name_ne": "अरनिको राजमार्ग", "highway": "trunk", "surface": "asphalt", "smoothness": null, "width": "9", "lanes": "2", "oneway": "yes", "bridge": null, "layer": null, "source": null, "adm0_pcode": "NPL", "adm0_name": "Nepal", "adm1_pcode": "NP03", "adm1_name": "Bagmati", "adm2_pcode": "NP0326", "adm2_name": "Bhaktapur", "adm3_pcode": "NP0326301", "adm3_name": "Madhyapur Thimi", "adm4_pcode": null, "adm4_name": null, "name_latin": "Araniko Highway", "path": "C:/Users/neetu/OneDrive/Desktop/naxa file/GTFS Dashboard/data/trunk.geojson" }, "geometry": { "type": "MultiLineString", "coordinates": [ [ [ 85.3496994, 27.6784728 ], [ 85.3496969, 27.6783242 ], [ 85.3496866, 27.6776574 ], [ 85.349698, 27.6775075 ], [ 85.3497176, 27.6773536 ], [ 85.3497472, 27.6771968 ], [ 85.3497882, 27.677038 ], [ 85.3498422, 27.6768785 ], [ 85.3499107, 27.6767193 ], [ 85.3499954, 27.6765614 ], [ 85.3500978, 27.6764059 ], [ 85.3502194, 27.6762539 ], [ 85.3502658, 27.676205 ], [ 85.3503552, 27.6761169 ], [ 85.3503986, 27.676077 ], [ 85.3504841, 27.6760033 ], [ 85.3505689, 27.6759352 ], [ 85.3507434, 27.6758026 ], [ 85.3507911, 27.6757683 ], [ 85.3508433, 27.675734 ], [ 85.3508996, 27.6756998 ], [ 85.3509596, 27.6756659 ], [ 85.3510547, 27.6756162 ], [ 85.3511571, 27.6755684 ], [ 85.3512274, 27.6755379 ], [ 85.3512991, 27.6755089 ], [ 85.3513719, 27.6754815 ], [ 85.3514453, 27.6754559 ], [ 85.3515189, 27.6754323 ] ] ] } },
{ "type": "Feature", "properties": { "id": "way/184872594", "name": "Kathmandu Ringroad", "name_en": null, "name_ne": "काठमाडाैँ चक्रपथ", "highway": "trunk", "surface": "paved", "smoothness": null, "width": "16", "lanes": "4", "oneway": "no", "bridge": null, "layer": null, "source": null, "adm0_pcode": "NPL", "adm0_name": "Nepal", "adm1_pcode": "NP03", "adm1_name": "Bagmati", "adm2_pcode": "NP0327", "adm2_name": "Kathmandu", "adm3_pcode": "NP0327305", "adm3_name": "Nagarjun", "adm4_pcode": null, "adm4_name": null, "name_latin": "Kathmandu Ringroad", "path": "C:/Users/neetu/OneDrive/Desktop/naxa file/GTFS Dashboard/data/trunk.geojson" }, "geometry": { "type": "MultiLineString", "coordinates": [ [ [ 85.2816047, 27.6996695 ], [ 85.2816073, 27.6996955 ], [ 85.2816681, 27.7002957 ], [ 85.28168, 27.7003815 ], [ 85.2817152, 27.7006424 ], [ 85.2818236, 27.7015833 ], [ 85.2818675, 27.7021342 ], [ 85.281941, 27.7026513 ], [ 85.2820065, 27.7031909 ], [ 85.2820158, 27.7032622 ], [ 85.2820579, 27.7035831 ], [ 85.2820877, 27.7037978 ], [ 85.2821641, 27.704347 ], [ 85.2821725, 27.7044231 ], [ 85.2822673, 27.7054597 ], [ 85.2823994, 27.7065042 ], [ 85.2824436, 27.7068745 ], [ 85.282467, 27.7071842 ], [ 85.2824928, 27.7074532 ] ] ] } },
{ "type": "Feature", "properties": { "id": "way/231202417", "name": "Kathmandu Ringroad", "name_en": null, "name_ne": "काठमाडाैँ चक्रपथ", "highway": "trunk", "surface": "paved", "smoothness": null, "width": "14", "lanes": "4", "oneway": "no", "bridge": null, "layer": null, "source": null, "adm0_pcode": "NPL", "adm0_name": "Nepal", "adm1_pcode": "NP03", "adm1_name": "Bagmati", "adm2_pcode": "NP0327", "adm2_name": "Kathmandu", "adm3_pcode": "NP0327305", "adm3_name": "Nagarjun", "adm4_pcode": null, "adm4_name": null, "name_latin": "Kathmandu Ringroad", "path": "C:/Users/neetu/OneDrive/Desktop/naxa file/GTFS Dashboard/data/trunk.geojson" }, "geometry": { "type": "MultiLineString", "coordinates": [ [ [ 85.2835417, 27.716017 ], [ 85.2835844, 27.7163584 ], [ 85.2836073, 27.7165157 ], [ 85.283656, 27.7168926 ], [ 85.2836949, 27.7171881 ], [ 85.2837083, 27.7173156 ], [ 85.283727, 27.7174509 ], [ 85.2837551, 27.7175941 ], [ 85.283777, 27.7176872 ], [ 85.2838078, 27.7177859 ], [ 85.2838613, 27.7179166 ], [ 85.2839397, 27.718036 ], [ 85.2839851, 27.7180901 ], [ 85.2840431, 27.7181506 ], [ 85.2841113, 27.7182125 ], [ 85.2841598, 27.7182545 ], [ 85.2842579, 27.718325 ], [ 85.2843769, 27.7184005 ], [ 85.2844693, 27.7184463 ], [ 85.2846575, 27.7185378 ], [ 85.2852151, 27.7188009 ], [ 85.2854618, 27.7189174 ], [ 85.2856774, 27.7190191 ], [ 85.2864681, 27.719407 ], [ 85.2867776, 27.7195656 ], [ 85.2868963, 27.7196267 ], [ 85.2871035, 27.7197207 ] ] ] } },
{ "type": "Feature", "properties": { "id": "way/233704514", "name": "Araniko Highway", "name_en": null, "name_ne": null, "highway": "trunk", "surface": "asphalt", "smoothness": null, "width": "8", "lanes": null, "oneway": "no", "bridge": null, "layer": null, "source": null, "adm0_pcode": "NPL", "adm0_name": "Nepal", "adm1_pcode": "NP03", "adm1_name": "Bagmati", "adm2_pcode": "NP0326", "adm2_name": "Bhaktapur", "adm3_pcode": "NP0326304", "adm3_name": "Suryabinayak", "adm4_pcode": null, "adm4_name": null, "name_latin": "Araniko Highway", "path": "C:/Users/neetu/OneDrive/Desktop/naxa file/GTFS Dashboard/data/trunk.geojson" }, "geometry": { "type": "MultiLineString", "coordinates": [ [ [ 85.4657979, 27.6463495 ], [ 85.4658274, 27.6462355 ], [ 85.4658113, 27.6460835 ], [ 85.4657081, 27.6457651 ], [ 85.4656263, 27.6455132 ], [ 85.4652841, 27.6444667 ], [ 85.4652455, 27.6443165 ], [ 85.4652459, 27.6441842 ], [ 85.4653002, 27.6439853 ] ] ] } },
{ "type": "Feature", "properties": { "id": "way/175587305", "name": "Kathmandu Ringroad", "name_en": null, "name_ne": "काठमाडाैँ चक्रपथ", "highway": "trunk", "surface": "paved", "smoothness": null, "width": "7", "lanes": "2", "oneway": "yes", "bridge": null, "layer": null, "source": null, "adm0_pcode": "NPL", "adm0_name": "Nepal", "adm1_pcode": "NP03", "adm1_name": "Bagmati", "adm2_pcode": "NP0325", "adm2_name": "Lalitpur", "adm3_pcode": "NP0325101", "adm3_name": "Lalitpur", "adm4_pcode": null, "adm4_name": null, "name_latin": "Kathmandu Ringroad", "path": "C:/Users/neetu/OneDrive/Desktop/naxa file/GTFS Dashboard/data/trunk.geojson" }, "geometry": { "type": "MultiLineString", "coordinates": [ [ [ 85.3062795, 27.668822 ], [ 85.3050206, 27.6704306 ], [ 85.3040036, 27.6717154 ], [ 85.3034439, 27.6724246 ], [ 85.3028391, 27.673221 ], [ 85.3027064, 27.6733908 ], [ 85.3025666, 27.6735946 ], [ 85.302458, 27.6737656 ], [ 85.3023653, 27.673925 ], [ 85.3022602, 27.6741288 ], [ 85.3022087, 27.6742526 ], [ 85.3021649, 27.6743715 ], [ 85.3021324, 27.6744791 ] ] ] } },
{ "type": "Feature", "properties": { "id": "way/232096889", "name": "Araniko Highway", "name_en": null, "name_ne": null, "highway": "trunk", "surface": "asphalt", "smoothness": null, "width": "9", "lanes": "4", "oneway": "yes", "bridge": null, "layer": null, "source": null, "adm0_pcode": "NPL", "adm0_name": "Nepal", "adm1_pcode": "NP03", "adm1_name": "Bagmati", "adm2_pcode": "NP0326", "adm2_name": "Bhaktapur", "adm3_pcode": "NP0326301", "adm3_name": "Madhyapur Thimi", "adm4_pcode": null, "adm4_name": null, "name_latin": "Araniko Highway", "path": "C:/Users/neetu/OneDrive/Desktop/naxa file/GTFS Dashboard/data/trunk.geojson" }, "geometry": { "type": "MultiLineString", "coordinates": [ [ [ 85.3542328, 27.6751231 ], [ 85.353699, 27.6751569 ], [ 85.3531599, 27.6751911 ], [ 85.352924, 27.6751897 ], [ 85.3527968, 27.675189 ] ] ] } },
{ "type": "Feature", "properties": { "id": "way/229063563", "name": "Araniko Highway", "name_en": null, "name_ne": null, "highway": "trunk", "surface": "asphalt", "smoothness": null, "width": "9", "lanes": "4", "oneway": "yes", "bridge": null, "layer": null, "source": null, "adm0_pcode": "NPL", "adm0_name": "Nepal", "adm1_pcode": "NP03", "adm1_name": "Bagmati", "adm2_pcode": "NP0326", "adm2_name": "Bhaktapur", "adm3_pcode": "NP0326301", "adm3_name": "Madhyapur Thimi", "adm4_pcode": null, "adm4_name": null, "name_latin": "Araniko Highway", "path": "C:/Users/neetu/OneDrive/Desktop/naxa file/GTFS Dashboard/data/trunk.geojson" }, "geometry": { "type": "MultiLineString", "coordinates": [ [ [ 85.3526523, 27.6752965 ], [ 85.3527826, 27.6752949 ], [ 85.3529321, 27.6752934 ], [ 85.3530388, 27.6752924 ], [ 85.353483, 27.6752739 ], [ 85.3548037, 27.6752018 ] ] ] } },
{ "type": "Feature", "properties": { "id": "way/232095625", "name": "मदन भण्डारी मार्ग", "name_en": "Madan Bhandari Path", "name_ne": "मदन भण्डारी मार्ग", "highway": "trunk", "surface": "asphalt", "smoothness": null, "width": "6", "lanes": "2", "oneway": "yes", "bridge": null, "layer": null, "source": null, "adm0_pcode": "NPL", "adm0_name": "Nepal", "adm1_pcode": "NP03", "adm1_name": "Bagmati", "adm2_pcode": "NP0327", "adm2_name": "Kathmandu", "adm3_pcode": "NP0327101", "adm3_name": "Kathmandu", "adm4_pcode": null, "adm4_name": null, "name_latin": "Madan Bhandari Path", "path": "C:/Users/neetu/OneDrive/Desktop/naxa file/GTFS Dashboard/data/trunk.geojson" }, "geometry": { "type": "MultiLineString", "coordinates": [ [ [ 85.338512, 27.687554 ], [ 85.3382144, 27.6876217 ], [ 85.3375216, 27.6877766 ], [ 85.337105, 27.6878692 ], [ 85.3369669, 27.6878999 ], [ 85.3359971, 27.688112 ], [ 85.3355568, 27.6882089 ] ] ] } },
{ "type": "Feature", "properties": { "id": "way/338949916", "name": "Kalanki", "name_en": null, "name_ne": null, "highway": "trunk", "surface": "paved", "smoothness": null, "width": "12", "lanes": "4", "oneway": null, "bridge": null, "layer": null, "source": null, "adm0_pcode": "NPL", "adm0_name": "Nepal", "adm1_pcode": "NP03", "adm1_name": "Bagmati", "adm2_pcode": "NP0327", "adm2_name": "Kathmandu", "adm3_pcode": "NP0327101", "adm3_name": "Kathmandu", "adm4_pcode": null, "adm4_name": null, "name_latin": "Kalanki", "path": "C:/Users/neetu/OneDrive/Desktop/naxa file/GTFS Dashboard/data/trunk.geojson" }, "geometry": { "type": "MultiLineString", "coordinates": [ [ [ 85.2856062, 27.6943531 ], [ 85.2853561, 27.6942863 ], [ 85.2850678, 27.6942165 ], [ 85.2846417, 27.6940816 ], [ 85.284201, 27.6939368 ], [ 85.2837169, 27.6937891 ], [ 85.2832689, 27.6936527 ], [ 85.2828928, 27.6935702 ], [ 85.2827831, 27.6935461 ], [ 85.2819125, 27.693368 ], [ 85.2818152, 27.6933518 ] ] ] } },
{ "type": "Feature", "properties": { "id": "way/1166079673", "name": null, "name_en": null, "name_ne": null, "highway": "trunk_link", "surface": null, "smoothness": null, "width": null, "lanes": null, "oneway": null, "bridge": null, "layer": null, "source": null, "adm0_pcode": "NPL", "adm0_name": "Nepal", "adm1_pcode": "NP03", "adm1_name": "Bagmati", "adm2_pcode": "NP0326", "adm2_name": "Bhaktapur", "adm3_pcode": "NP0326301", "adm3_name": "Madhyapur Thimi", "adm4_pcode": null, "adm4_name": null, "name_latin": null, "path": "C:/Users/neetu/OneDrive/Desktop/naxa file/GTFS Dashboard/data/trunk.geojson" }, "geometry": { "type": "MultiLineString", "coordinates": [ [ [ 85.3610687, 27.6747664 ], [ 85.3610258, 27.6746763 ] ] ] } },
{ "type": "Feature", "properties": { "id": "way/215506638", "name": "मदन भण्डारी मार्ग", "name_en": "Madan Bhandari Path", "name_ne": "मदन भण्डारी मार्ग", "highway": "trunk", "surface": "asphalt", "smoothness": null, "width": "6", "lanes": "2", "oneway": "yes", "bridge": null, "layer": null, "source": null, "adm0_pcode": "NPL", "adm0_name": "Nepal", "adm1_pcode": "NP03", "adm1_name": "Bagmati", "adm2_pcode": "NP0327", "adm2_name": "Kathmandu", "adm3_pcode": "NP0327101", "adm3_name": "Kathmandu", "adm4_pcode": null, "adm4_name": null, "name_latin": "Madan Bhandari Path", "path": "C:/Users/neetu/OneDrive/Desktop/naxa file/GTFS Dashboard/data/trunk.geojson" }, "geometry": { "type": "MultiLineString", "coordinates": [ [ [ 85.3355777, 27.6882866 ], [ 85.3356318, 27.68827 ], [ 85.3359279, 27.6882053 ], [ 85.3369901, 27.6879663 ], [ 85.3370939, 27.687943 ], [ 85.3371244, 27.687936 ], [ 85.3382321, 27.6876817 ], [ 85.338406, 27.6876417 ] ] ] } },
{ "type": "Feature", "properties": { "id": "way/229075030", "name": "Araniko Highway", "name_en": null, "name_ne": null, "highway": "trunk", "surface": "asphalt", "smoothness": null, "width": "9", "lanes": "2", "oneway": "yes", "bridge": null, "layer": null, "source": null, "adm0_pcode": "NPL", "adm0_name": "Nepal", "adm1_pcode": "NP03", "adm1_name": "Bagmati", "adm2_pcode": "NP0326", "adm2_name": "Bhaktapur", "adm3_pcode": "NP0326301", "adm3_name": "Madhyapur Thimi", "adm4_pcode": null, "adm4_name": null, "name_latin": "Araniko Highway", "path": "C:/Users/neetu/OneDrive/Desktop/naxa file/GTFS Dashboard/data/trunk.geojson" }, "geometry": { "type": "MultiLineString", "coordinates": [ [ [ 85.3597961, 27.6748479 ], [ 85.360289, 27.674815 ], [ 85.3607205, 27.6747871 ], [ 85.3610687, 27.6747664 ], [ 85.3611506, 27.6747625 ], [ 85.3614177, 27.6747495 ], [ 85.361938, 27.6747155 ], [ 85.3626192, 27.6746721 ], [ 85.3635548, 27.67462 ], [ 85.3642978, 27.6745787 ] ] ] } },
{ "type": "Feature", "properties": { "id": "way/1330813755", "name": "Tribhuvan Rajpath", "name_en": null, "name_ne": null, "highway": "trunk", "surface": "paved", "smoothness": null, "width": null, "lanes": "2", "oneway": "no", "bridge": null, "layer": null, "source": null, "adm0_pcode": "NPL", "adm0_name": "Nepal", "adm1_pcode": "NP03", "adm1_name": "Bagmati", "adm2_pcode": "NP0327", "adm2_name": "Kathmandu", "adm3_pcode": "NP0327308", "adm3_name": "Chandragiri", "adm4_pcode": null, "adm4_name": null, "name_latin": "Tribhuvan Rajpath", "path": "C:/Users/neetu/OneDrive/Desktop/naxa file/GTFS Dashboard/data/trunk.geojson" }, "geometry": { "type": "MultiLineString", "coordinates": [ [ [ 85.2418962, 27.6877613 ], [ 85.2419324, 27.6877576 ] ] ] } },
{ "type": "Feature", "properties": { "id": "way/232099515", "name": "Araniko Highway", "name_en": null, "name_ne": null, "highway": "trunk", "surface": "asphalt", "smoothness": null, "width": "8", "lanes": "2", "oneway": "yes", "bridge": null, "layer": null, "source": null, "adm0_pcode": "NPL", "adm0_name": "Nepal", "adm1_pcode": "NP03", "adm1_name": "Bagmati", "adm2_pcode": "NP0326", "adm2_name": "Bhaktapur", "adm3_pcode": "NP0326303", "adm3_name": "Bhaktapur", "adm4_pcode": null, "adm4_name": null, "name_latin": "Araniko Highway", "path": "C:/Users/neetu/OneDrive/Desktop/naxa file/GTFS Dashboard/data/trunk.geojson" }, "geometry": { "type": "MultiLineString", "coordinates": [ [ [ 85.4241989, 27.6657067 ], [ 85.4236899, 27.6657292 ], [ 85.4230736, 27.6657824 ], [ 85.4210718, 27.6660141 ] ] ] } },
{ "type": "Feature", "properties": { "id": "way/232434590", "name": "Araniko Highway", "name_en": null, "name_ne": null, "highway": "trunk", "surface": "asphalt", "smoothness": null, "width": "12", "lanes": "2", "oneway": "yes", "bridge": null, "layer": null, "source": null, "adm0_pcode": "NPL", "adm0_name": "Nepal", "adm1_pcode": "NP03", "adm1_name": "Bagmati", "adm2_pcode": "NP0326", "adm2_name": "Bhaktapur", "adm3_pcode": "NP0326303", "adm3_name": "Bhaktapur", "adm4_pcode": null, "adm4_name": null, "name_latin": "Araniko Highway", "path": "C:/Users/neetu/OneDrive/Desktop/naxa file/GTFS Dashboard/data/trunk.geojson" }, "geometry": { "type": "MultiLineString", "coordinates": [ [ [ 85.4210508, 27.6661254 ], [ 85.4227779, 27.6659053 ], [ 85.4230893, 27.6658804 ], [ 85.4236606, 27.6658364 ], [ 85.4242055, 27.665812 ], [ 85.4247467, 27.6658098 ], [ 85.4251247, 27.6657988 ], [ 85.4253301, 27.6657895 ], [ 85.4254541, 27.6657831 ], [ 85.4256018, 27.6657728 ] ] ] } },
{ "type": "Feature", "properties": { "id": "way/229195914", "name": "Tribhuvan Rajpath", "name_en": "Tribhuvan Rajpath", "name_ne": null, "highway": "trunk", "surface": "paved", "smoothness": null, "width": null, "lanes": "2", "oneway": "no", "bridge": null, "layer": null, "source": null, "adm0_pcode": "NPL", "adm0_name": "Nepal", "adm1_pcode": "NP03", "adm1_name": "Bagmati", "adm2_pcode": "NP0327", "adm2_name": "Kathmandu", "adm3_pcode": "NP0327308", "adm3_name": "Chandragiri", "adm4_pcode": null, "adm4_name": null, "name_latin": "Tribhuvan Rajpath", "path": "C:/Users/neetu/OneDrive/Desktop/naxa file/GTFS Dashboard/data/trunk.geojson" }, "geometry": { "type": "MultiLineString", "coordinates": [ [ [ 85.2419324, 27.6877576 ], [ 85.2419652, 27.6877542 ], [ 85.2419792, 27.6877527 ], [ 85.2419986, 27.6877507 ], [ 85.2420163, 27.6877489 ], [ 85.2420447, 27.687746 ], [ 85.2420754, 27.6877429 ], [ 85.2421447, 27.6877381 ], [ 85.2428418, 27.6876612 ], [ 85.2429348, 27.6876527 ], [ 85.2432876, 27.6876202 ], [ 85.2434542, 27.6876049 ], [ 85.2439105, 27.6875681 ], [ 85.2444728, 27.6875226 ], [ 85.2446739, 27.6875064 ], [ 85.2447986, 27.6874838 ], [ 85.2449302, 27.6874684 ] ] ] } },
{ "type": "Feature", "properties": { "id": "way/232096882", "name": "Araniko Highway", "name_en": null, "name_ne": null, "highway": "trunk", "surface": "asphalt", "smoothness": null, "width": "9", "lanes": "2", "oneway": "yes", "bridge": null, "layer": null, "source": null, "adm0_pcode": "NPL", "adm0_name": "Nepal", "adm1_pcode": "NP03", "adm1_name": "Bagmati", "adm2_pcode": "NP0326", "adm2_name": "Bhaktapur", "adm3_pcode": "NP0326301", "adm3_name": "Madhyapur Thimi", "adm4_pcode": null, "adm4_name": null, "name_latin": "Araniko Highway", "path": "C:/Users/neetu/OneDrive/Desktop/naxa file/GTFS Dashboard/data/trunk.geojson" }, "geometry": { "type": "MultiLineString", "coordinates": [ [ [ 85.3642839, 27.674447 ], [ 85.3634844, 27.6745049 ], [ 85.3634, 27.6745109 ], [ 85.3628538, 27.6745497 ], [ 85.3622155, 27.6745893 ], [ 85.3615473, 27.6746394 ], [ 85.3611428, 27.674668 ], [ 85.3610258, 27.6746763 ], [ 85.36051, 27.6746883 ], [ 85.359492, 27.6747593 ], [ 85.3590416, 27.6747914 ], [ 85.3585644, 27.674825 ], [ 85.3582043, 27.674856 ], [ 85.357325, 27.6749233 ], [ 85.356409, 27.6750042 ], [ 85.3557131, 27.6750415 ] ] ] } },
{ "type": "Feature", "properties": { "id": "way/4847094", "name": "Araniko Highway", "name_en": null, "name_ne": null, "highway": "trunk", "surface": "asphalt", "smoothness": null, "width": "8", "lanes": "2", "oneway": "yes", "bridge": null, "layer": null, "source": null, "adm0_pcode": "NPL", "adm0_name": "Nepal", "adm1_pcode": "NP03", "adm1_name": "Bagmati", "adm2_pcode": "NP0326", "adm2_name": "Bhaktapur", "adm3_pcode": "NP0326303", "adm3_name": "Bhaktapur", "adm4_pcode": null, "adm4_name": null, "name_latin": "Araniko Highway", "path": "C:/Users/neetu/OneDrive/Desktop/naxa file/GTFS Dashboard/data/trunk.geojson" }, "geometry": { "type": "MultiLineString", "coordinates": [ [ [ 85.4272677, 27.665493 ], [ 85.4270654, 27.6654953 ], [ 85.4267971, 27.6655239 ], [ 85.4261063, 27.6656265 ], [ 85.4259241, 27.6656456 ], [ 85.4257569, 27.6656571 ], [ 85.4255998, 27.6656725 ] ] ] } },
{ "type": "Feature", "properties": { "id": "way/692330826", "name": "Araniko Highway", "name_en": null, "name_ne": null, "highway": "trunk", "surface": "asphalt", "smoothness": null, "width": "8", "lanes": "2", "oneway": "yes", "bridge": null, "layer": null, "source": null, "adm0_pcode": "NPL", "adm0_name": "Nepal", "adm1_pcode": "NP03", "adm1_name": "Bagmati", "adm2_pcode": "NP0326", "adm2_name": "Bhaktapur", "adm3_pcode": "NP0326303", "adm3_name": "Bhaktapur", "adm4_pcode": null, "adm4_name": null, "name_latin": "Araniko Highway", "path": "C:/Users/neetu/OneDrive/Desktop/naxa file/GTFS Dashboard/data/trunk.geojson" }, "geometry": { "type": "MultiLineString", "coordinates": [ [ [ 85.4256018, 27.6657728 ], [ 85.4257714, 27.6657519 ], [ 85.4260598, 27.6657196 ], [ 85.4263519, 27.6656791 ], [ 85.4268081, 27.6656083 ], [ 85.4270867, 27.6655551 ], [ 85.4272677, 27.665493 ] ] ] } },
{ "type": "Feature", "properties": { "id": "way/1196456661", "name": "Kathmandu Ringroad", "name_en": null, "name_ne": "काठमाडाैँ चक्रपथ", "highway": "trunk", "surface": "asphalt", "smoothness": null, "width": "22", "lanes": "4", "oneway": "no", "bridge": null, "layer": null, "source": null, "adm0_pcode": "NPL", "adm0_name": "Nepal", "adm1_pcode": "NP03", "adm1_name": "Bagmati", "adm2_pcode": "NP0327", "adm2_name": "Kathmandu", "adm3_pcode": "NP0327101", "adm3_name": "Kathmandu", "adm4_pcode": null, "adm4_name": null, "name_latin": "Kathmandu Ringroad", "path": "C:/Users/neetu/OneDrive/Desktop/naxa file/GTFS Dashboard/data/trunk.geojson" }, "geometry": { "type": "MultiLineString", "coordinates": [ [ [ 85.3355838, 27.7408075 ], [ 85.3360473, 27.740556 ], [ 85.3361267, 27.7405211 ], [ 85.3365893, 27.7402928 ], [ 85.3368865, 27.7401272 ], [ 85.3369264, 27.7401043 ], [ 85.3371159, 27.7399982 ] ] ] } },
{ "type": "Feature", "properties": { "id": "way/232095613", "name": "मदन भण्डारी पथ", "name_en": "Madan Bhandari Path", "name_ne": "मदन भण्डारी पथ", "highway": "trunk", "surface": "asphalt", "smoothness": null, "width": "6", "lanes": "2", "oneway": "yes", "bridge": null, "layer": null, "source": null, "adm0_pcode": "NPL", "adm0_name": "Nepal", "adm1_pcode": "NP03", "adm1_name": "Bagmati", "adm2_pcode": "NP0327", "adm2_name": "Kathmandu", "adm3_pcode": "NP0327101", "adm3_name": "Kathmandu", "adm4_pcode": null, "adm4_name": null, "name_latin": "Madan Bhandari Path", "path": "C:/Users/neetu/OneDrive/Desktop/naxa file/GTFS Dashboard/data/trunk.geojson" }, "geometry": { "type": "MultiLineString", "coordinates": [ [ [ 85.3238578, 27.6924617 ], [ 85.3236998, 27.6925417 ], [ 85.3227105, 27.6929902 ], [ 85.3219148, 27.6933683 ], [ 85.3209015, 27.6938746 ] ] ] } },
{ "type": "Feature", "properties": { "id": "way/751465426", "name": "Kathmandu Ringroad", "name_en": null, "name_ne": "काठमाडाैँ चक्रपथ", "highway": "trunk", "surface": "paved", "smoothness": null, "width": "14", "lanes": "4", "oneway": "no", "bridge": null, "layer": null, "source": null, "adm0_pcode": "NPL", "adm0_name": "Nepal", "adm1_pcode": "NP03", "adm1_name": "Bagmati", "adm2_pcode": "NP0327", "adm2_name": "Kathmandu", "adm3_pcode": "NP0327101", "adm3_name": "Kathmandu", "adm4_pcode": null, "adm4_name": null, "name_latin": "Kathmandu Ringroad", "path": "C:/Users/neetu/OneDrive/Desktop/naxa file/GTFS Dashboard/data/trunk.geojson" }, "geometry": { "type": "MultiLineString", "coordinates": [ [ [ 85.3537169, 27.7006099 ], [ 85.3538865, 27.7004014 ], [ 85.3539052, 27.7003768 ], [ 85.3540033, 27.7002479 ], [ 85.3541799, 27.700027 ], [ 85.3544753, 27.699655 ] ] ] } },
{ "type": "Feature", "properties": { "id": "way/221323019", "name": "मदन भण्डारी पथ", "name_en": "Madan Bhandari Path", "name_ne": "मदन भण्डारी पथ", "highway": "trunk", "surface": "asphalt", "smoothness": null, "width": "6", "lanes": "2", "oneway": "yes", "bridge": null, "layer": null, "source": null, "adm0_pcode": "NPL", "adm0_name": "Nepal", "adm1_pcode": "NP03", "adm1_name": "Bagmati", "adm2_pcode": "NP0327", "adm2_name": "Kathmandu", "adm3_pcode": "NP0327101", "adm3_name": "Kathmandu", "adm4_pcode": null, "adm4_name": null, "name_latin": "Madan Bhandari Path", "path": "C:/Users/neetu/OneDrive/Desktop/naxa file/GTFS Dashboard/data/trunk.geojson" }, "geometry": { "type": "MultiLineString", "coordinates": [ [ [ 85.3355568, 27.6882089 ], [ 85.335278, 27.6882691 ], [ 85.3346628, 27.6883971 ], [ 85.3338138, 27.6885996 ], [ 85.333121, 27.6887602 ], [ 85.332887, 27.6888133 ], [ 85.3320371, 27.6890063 ], [ 85.3313447, 27.6891678 ] ] ] } },
{ "type": "Feature", "properties": { "id": "way/229143181", "name": "मदन भण्डारी पथ", "name_en": "Madan Bhandari Path", "name_ne": "मदन भण्डारी पथ", "highway": "trunk", "surface": "asphalt", "smoothness": null, "width": "6", "lanes": "2", "oneway": "yes", "bridge": null, "layer": null, "source": null, "adm0_pcode": "NPL", "adm0_name": "Nepal", "adm1_pcode": "NP03", "adm1_name": "Bagmati", "adm2_pcode": "NP0327", "adm2_name": "Kathmandu", "adm3_pcode": "NP0327101", "adm3_name": "Kathmandu", "adm4_pcode": null, "adm4_name": null, "name_latin": "Madan Bhandari Path", "path": "C:/Users/neetu/OneDrive/Desktop/naxa file/GTFS Dashboard/data/trunk.geojson" }, "geometry": { "type": "MultiLineString", "coordinates": [ [ [ 85.3320663, 27.689064 ], [ 85.332906, 27.6888785 ], [ 85.3331634, 27.6888192 ], [ 85.3343642, 27.6885561 ], [ 85.3347153, 27.6884696 ] ] ] } },
{ "type": "Feature", "properties": { "id": "way/1484959279", "name": null, "name_en": null, "name_ne": null, "highway": "trunk", "surface": null, "smoothness": null, "width": null, "lanes": null, "oneway": "yes", "bridge": null, "layer": null, "source": null, "adm0_pcode": "NPL", "adm0_name": "Nepal", "adm1_pcode": "NP03", "adm1_name": "Bagmati", "adm2_pcode": "NP0327", "adm2_name": "Kathmandu", "adm3_pcode": "NP0327308", "adm3_name": "Chandragiri", "adm4_pcode": null, "adm4_name": null, "name_latin": null, "path": "C:/Users/neetu/OneDrive/Desktop/naxa file/GTFS Dashboard/data/trunk.geojson" }, "geometry": { "type": "MultiLineString", "coordinates": [ [ [ 85.2415627, 27.6877594 ], [ 85.2414607, 27.6877952 ], [ 85.2397441, 27.6879459 ], [ 85.2365506, 27.6882353 ], [ 85.2364508, 27.6882633 ], [ 85.2363852, 27.6882835 ] ] ] } },
{ "type": "Feature", "properties": { "id": "way/232095614", "name": "मदन भण्डारी पथ", "name_en": "Madan Bhandari Path", "name_ne": "मदन भण्डारी पथ", "highway": "trunk", "surface": "asphalt", "smoothness": null, "width": "6", "lanes": "2", "oneway": "yes", "bridge": null, "layer": null, "source": null, "adm0_pcode": "NPL", "adm0_name": "Nepal", "adm1_pcode": "NP03", "adm1_name": "Bagmati", "adm2_pcode": "NP0327", "adm2_name": "Kathmandu", "adm3_pcode": "NP0327101", "adm3_name": "Kathmandu", "adm4_pcode": null, "adm4_name": null, "name_latin": "Madan Bhandari Path", "path": "C:/Users/neetu/OneDrive/Desktop/naxa file/GTFS Dashboard/data/trunk.geojson" }, "geometry": { "type": "MultiLineString", "coordinates": [ [ [ 85.3243243, 27.6922288 ], [ 85.3238578, 27.6924617 ] ] ] } },
{ "type": "Feature", "properties": { "id": "way/25512537", "name": "Araniko Highway", "name_en": null, "name_ne": null, "highway": "trunk", "surface": "asphalt", "smoothness": null, "width": "8", "lanes": null, "oneway": "no", "bridge": null, "layer": null, "source": null, "adm0_pcode": "NPL", "adm0_name": "Nepal", "adm1_pcode": "NP03", "adm1_name": "Bagmati", "adm2_pcode": "NP0326", "adm2_name": "Bhaktapur", "adm3_pcode": "NP0326303", "adm3_name": "Bhaktapur", "adm4_pcode": null, "adm4_name": null, "name_latin": "Araniko Highway", "path": "C:/Users/neetu/OneDrive/Desktop/naxa file/GTFS Dashboard/data/trunk.geojson" }, "geometry": { "type": "MultiLineString", "coordinates": [ [ [ 85.4272677, 27.665493 ], [ 85.4279759, 27.6653831 ], [ 85.4283215, 27.6653276 ], [ 85.4288381, 27.6652532 ], [ 85.4291948, 27.6652076 ], [ 85.4292613, 27.6652083 ], [ 85.4293286, 27.6652128 ], [ 85.429404, 27.665226 ], [ 85.4295883, 27.6652791 ], [ 85.4301408, 27.6655174 ], [ 85.4302236, 27.6655542 ], [ 85.4311885, 27.6659832 ], [ 85.4314538, 27.6660956 ], [ 85.431789, 27.6662391 ], [ 85.4321026, 27.6663596 ], [ 85.4323471, 27.6664478 ], [ 85.4324609, 27.6664707 ], [ 85.4326038, 27.6664858 ], [ 85.432897, 27.6664929 ], [ 85.4330152, 27.6665124 ] ] ] } },
{ "type": "Feature", "properties": { "id": "way/194607859", "name": "Araniko Highway", "name_en": null, "name_ne": null, "highway": "trunk", "surface": "asphalt", "smoothness": null, "width": "9", "lanes": "2", "oneway": "yes", "bridge": null, "layer": null, "source": null, "adm0_pcode": "NPL", "adm0_name": "Nepal", "adm1_pcode": "NP03", "adm1_name": "Bagmati", "adm2_pcode": "NP0326", "adm2_name": "Bhaktapur", "adm3_pcode": "NP0326301", "adm3_name": "Madhyapur Thimi", "adm4_pcode": null, "adm4_name": null, "name_latin": "Araniko Highway", "path": "C:/Users/neetu/OneDrive/Desktop/naxa file/GTFS Dashboard/data/trunk.geojson" }, "geometry": { "type": "MultiLineString", "coordinates": [ [ [ 85.3557153, 27.675147 ], [ 85.3564193, 27.6750895 ], [ 85.356903, 27.675054 ], [ 85.3573292, 27.6750258 ], [ 85.3584243, 27.6749392 ], [ 85.359241, 27.6748893 ], [ 85.3597961, 27.6748479 ] ] ] } },
{ "type": "Feature", "properties": { "id": "way/194607862", "name": "Araniko Highway", "name_en": null, "name_ne": null, "highway": "trunk", "surface": "asphalt", "smoothness": null, "width": "8", "lanes": "2", "oneway": "yes", "bridge": null, "layer": null, "source": null, "adm0_pcode": "NPL", "adm0_name": "Nepal", "adm1_pcode": "NP03", "adm1_name": "Bagmati", "adm2_pcode": "NP0326", "adm2_name": "Bhaktapur", "adm3_pcode": "NP0326303", "adm3_name": "Bhaktapur", "adm4_pcode": null, "adm4_name": null, "name_latin": "Araniko Highway", "path": "C:/Users/neetu/OneDrive/Desktop/naxa file/GTFS Dashboard/data/trunk.geojson" }, "geometry": { "type": "MultiLineString", "coordinates": [ [ [ 85.4255998, 27.6656725 ], [ 85.4254931, 27.6656773 ], [ 85.4254466, 27.6656798 ], [ 85.4250138, 27.6657029 ], [ 85.4246603, 27.6657055 ], [ 85.4241989, 27.6657067 ] ] ] } },
{ "type": "Feature", "properties": { "id": "way/1091658655", "name": "Kathmandu Ringroad", "name_en": null, "name_ne": "काठमाडाैँ चक्रपथ", "highway": "trunk", "surface": "paved", "smoothness": null, "width": "6", "lanes": "2", "oneway": "yes", "bridge": null, "layer": null, "source": null, "adm0_pcode": "NPL", "adm0_name": "Nepal", "adm1_pcode": "NP03", "adm1_name": "Bagmati", "adm2_pcode": "NP0325", "adm2_name": "Lalitpur", "adm3_pcode": "NP0325101", "adm3_name": "Lalitpur", "adm4_pcode": null, "adm4_name": null, "name_latin": "Kathmandu Ringroad", "path": "C:/Users/neetu/OneDrive/Desktop/naxa file/GTFS Dashboard/data/trunk.geojson" }, "geometry": { "type": "MultiLineString", "coordinates": [ [ [ 85.3082083, 27.6666576 ], [ 85.3081332, 27.6667049 ], [ 85.308021, 27.6667718 ], [ 85.3078499, 27.6668886 ], [ 85.3076849, 27.6670285 ], [ 85.307511, 27.6672295 ], [ 85.3073997, 27.6673773 ], [ 85.3072799, 27.6675306 ], [ 85.307021, 27.6678833 ], [ 85.3068949, 27.668032 ], [ 85.3062795, 27.668822 ] ] ] } },
{ "type": "Feature", "properties": { "id": "way/610849877", "name": "Kathmandu Ringroad", "name_en": null, "name_ne": "काठमाडाैँ चक्रपथ", "highway": "trunk", "surface": "paved", "smoothness": null, "width": "9", "lanes": null, "oneway": "yes", "bridge": null, "layer": null, "source": null, "adm0_pcode": "NPL", "adm0_name": "Nepal", "adm1_pcode": "NP03", "adm1_name": "Bagmati", "adm2_pcode": "NP0327", "adm2_name": "Kathmandu", "adm3_pcode": "NP0327101", "adm3_name": "Kathmandu", "adm4_pcode": null, "adm4_name": null, "name_latin": "Kathmandu Ringroad", "path": "C:/Users/neetu/OneDrive/Desktop/naxa file/GTFS Dashboard/data/trunk.geojson" }, "geometry": { "type": "MultiLineString", "coordinates": [ [ [ 85.3047072, 27.7269463 ], [ 85.3046737, 27.7269188 ], [ 85.3046324, 27.7269015 ], [ 85.3045871, 27.726896 ], [ 85.3045421, 27.7269028 ], [ 85.3045008, 27.7269217 ], [ 85.3044736, 27.7269445 ], [ 85.3044536, 27.7269726 ], [ 85.3044421, 27.7270042 ], [ 85.3044398, 27.7270373 ], [ 85.3044469, 27.7270699 ], [ 85.3044602, 27.7270961 ], [ 85.304469, 27.7271079 ], [ 85.3044954, 27.7271322 ], [ 85.3045279, 27.7271499 ], [ 85.3045643, 27.7271597 ], [ 85.3046024, 27.7271611 ], [ 85.3046115, 27.7271602 ], [ 85.3046538, 27.7271488 ], [ 85.3046906, 27.727127 ], [ 85.3047186, 27.7270966 ], [ 85.3047353, 27.7270603 ], [ 85.3047394, 27.7270213 ], [ 85.3047304, 27.726983 ] ] ] } },
{ "type": "Feature", "properties": { "id": "way/1444441468", "name": "Kathmandu Ringroad", "name_en": null, "name_ne": "काठमाडाैँ चक्रपथ", "highway": "trunk", "surface": "paved", "smoothness": null, "width": "9", "lanes": null, "oneway": "yes", "bridge": null, "layer": null, "source": null, "adm0_pcode": "NPL", "adm0_name": "Nepal", "adm1_pcode": "NP03", "adm1_name": "Bagmati", "adm2_pcode": "NP0327", "adm2_name": "Kathmandu", "adm3_pcode": "NP0327101", "adm3_name": "Kathmandu", "adm4_pcode": null, "adm4_name": null, "name_latin": "Kathmandu Ringroad", "path": "C:/Users/neetu/OneDrive/Desktop/naxa file/GTFS Dashboard/data/trunk.geojson" }, "geometry": { "type": "MultiLineString", "coordinates": [ [ [ 85.3047304, 27.726983 ], [ 85.3047072, 27.7269463 ] ] ] } },
{ "type": "Feature", "properties": { "id": "way/232099514", "name": "Araniko Highway", "name_en": null, "name_ne": null, "highway": "trunk", "surface": "asphalt", "smoothness": null, "width": "8", "lanes": null, "oneway": "no", "bridge": null, "layer": null, "source": null, "adm0_pcode": "NPL", "adm0_name": "Nepal", "adm1_pcode": "NP03", "adm1_name": "Bagmati", "adm2_pcode": "NP0326", "adm2_name": "Bhaktapur", "adm3_pcode": "NP0326304", "adm3_name": "Suryabinayak", "adm4_pcode": null, "adm4_name": null, "name_latin": "Araniko Highway", "path": "C:/Users/neetu/OneDrive/Desktop/naxa file/GTFS Dashboard/data/trunk.geojson" }, "geometry": { "type": "MultiLineString", "coordinates": [ [ [ 85.4330152, 27.6665124 ], [ 85.4335633, 27.6664968 ], [ 85.433848, 27.6664948 ], [ 85.434889, 27.6664917 ], [ 85.4357551, 27.6664989 ], [ 85.4359867, 27.6664986 ], [ 85.4364784, 27.6664979 ] ] ] } },
{ "type": "Feature", "properties": { "id": "way/172481629", "name": "Araniko Highway", "name_en": null, "name_ne": null, "highway": "trunk", "surface": "asphalt", "smoothness": null, "width": "9", "lanes": "4", "oneway": "yes", "bridge": null, "layer": null, "source": null, "adm0_pcode": "NPL", "adm0_name": "Nepal", "adm1_pcode": "NP03", "adm1_name": "Bagmati", "adm2_pcode": "NP0326", "adm2_name": "Bhaktapur", "adm3_pcode": "NP0326301", "adm3_name": "Madhyapur Thimi", "adm4_pcode": null, "adm4_name": null, "name_latin": "Araniko Highway", "path": "C:/Users/neetu/OneDrive/Desktop/naxa file/GTFS Dashboard/data/trunk.geojson" }, "geometry": { "type": "MultiLineString", "coordinates": [ [ [ 85.3547993, 27.6750929 ], [ 85.3546631, 27.6750967 ], [ 85.3546195, 27.6751012 ], [ 85.3542328, 27.6751231 ] ] ] } },
{ "type": "Feature", "properties": { "id": "way/610849882", "name": "Kathmandu Ringroad", "name_en": null, "name_ne": "काठमाडाैँ चक्रपथ", "highway": "trunk", "surface": "paved", "smoothness": null, "width": "9", "lanes": "2", "oneway": "yes", "bridge": null, "layer": null, "source": null, "adm0_pcode": "NPL", "adm0_name": "Nepal", "adm1_pcode": "NP03", "adm1_name": "Bagmati", "adm2_pcode": "NP0327", "adm2_name": "Kathmandu", "adm3_pcode": "NP0327101", "adm3_name": "Kathmandu", "adm4_pcode": null, "adm4_name": null, "name_latin": "Kathmandu Ringroad", "path": "C:/Users/neetu/OneDrive/Desktop/naxa file/GTFS Dashboard/data/trunk.geojson" }, "geometry": { "type": "MultiLineString", "coordinates": [ [ [ 85.3046115, 27.7271602 ], [ 85.3046523, 27.7271691 ], [ 85.3047167, 27.7272111 ], [ 85.3048715, 27.7273655 ], [ 85.3050855, 27.727599 ] ] ] } },
{ "type": "Feature", "properties": { "id": "way/1396542742", "name": null, "name_en": null, "name_ne": null, "highway": "trunk_link", "surface": null, "smoothness": null, "width": null, "lanes": null, "oneway": "yes", "bridge": null, "layer": null, "source": null, "adm0_pcode": "NPL", "adm0_name": "Nepal", "adm1_pcode": "NP03", "adm1_name": "Bagmati", "adm2_pcode": "NP0326", "adm2_name": "Bhaktapur", "adm3_pcode": "NP0326301", "adm3_name": "Madhyapur Thimi", "adm4_pcode": null, "adm4_name": null, "name_latin": null, "path": "C:/Users/neetu/OneDrive/Desktop/naxa file/GTFS Dashboard/data/trunk.geojson" }, "geometry": { "type": "MultiLineString", "coordinates": [ [ [ 85.3547535, 27.6750249 ], [ 85.3547087, 27.6750624 ], [ 85.3546631, 27.6750967 ] ] ] } },
{ "type": "Feature", "properties": { "id": "way/653848641", "name": "Kathmandu Ringroad", "name_en": null, "name_ne": "काठमाडाैँ चक्रपथ", "highway": "trunk", "surface": "paved", "smoothness": null, "width": "7", "lanes": "2", "oneway": "yes", "bridge": null, "layer": "-1", "source": null, "adm0_pcode": "NPL", "adm0_name": "Nepal", "adm1_pcode": "NP03", "adm1_name": "Bagmati", "adm2_pcode": "NP0327", "adm2_name": "Kathmandu", "adm3_pcode": "NP0327305", "adm3_name": "Nagarjun", "adm4_pcode": null, "adm4_name": null, "name_latin": "Kathmandu Ringroad", "path": "C:/Users/neetu/OneDrive/Desktop/naxa file/GTFS Dashboard/data/trunk.geojson" }, "geometry": { "type": "MultiLineString", "coordinates": [ [ [ 85.2815906, 27.6938632 ], [ 85.2815712, 27.6942387 ] ] ] } },
{ "type": "Feature", "properties": { "id": "way/610849879", "name": "Kathmandu Ringroad", "name_en": null, "name_ne": "काठमाडाैँ चक्रपथ", "highway": "trunk", "surface": "paved", "smoothness": null, "width": "14", "lanes": "2", "oneway": "yes", "bridge": null, "layer": null, "source": null, "adm0_pcode": "NPL", "adm0_name": "Nepal", "adm1_pcode": "NP03", "adm1_name": "Bagmati", "adm2_pcode": "NP0327", "adm2_name": "Kathmandu", "adm3_pcode": "NP0327101", "adm3_name": "Kathmandu", "adm4_pcode": null, "adm4_name": null, "name_latin": "Kathmandu Ringroad", "path": "C:/Users/neetu/OneDrive/Desktop/naxa file/GTFS Dashboard/data/trunk.geojson" }, "geometry": { "type": "MultiLineString", "coordinates": [ [ [ 85.3050855, 27.727599 ], [ 85.3050194, 27.727448 ], [ 85.3049392, 27.7273126 ], [ 85.3047814, 27.727088 ], [ 85.3047304, 27.726983 ] ] ] } },
{ "type": "Feature", "properties": { "id": "way/185402774", "name": "Araniko Highway", "name_en": null, "name_ne": null, "highway": "trunk", "surface": "asphalt", "smoothness": null, "width": "9", "lanes": "4", "oneway": "yes", "bridge": "yes", "layer": "1", "source": null, "adm0_pcode": "NPL", "adm0_name": "Nepal", "adm1_pcode": "NP03", "adm1_name": "Bagmati", "adm2_pcode": "NP0326", "adm2_name": "Bhaktapur", "adm3_pcode": "NP0326301", "adm3_name": "Madhyapur Thimi", "adm4_pcode": null, "adm4_name": null, "name_latin": "Araniko Highway", "path": "C:/Users/neetu/OneDrive/Desktop/naxa file/GTFS Dashboard/data/trunk.geojson" }, "geometry": { "type": "MultiLineString", "coordinates": [ [ [ 85.3557131, 27.6750415 ], [ 85.3547993, 27.6750929 ] ] ] } },
{ "type": "Feature", "properties": { "id": "way/194607857", "name": "Araniko Highway", "name_en": null, "name_ne": null, "highway": "trunk", "surface": "asphalt", "smoothness": null, "width": "9", "lanes": "4", "oneway": "yes", "bridge": "yes", "layer": "1", "source": null, "adm0_pcode": "NPL", "adm0_name": "Nepal", "adm1_pcode": "NP03", "adm1_name": "Bagmati", "adm2_pcode": "NP0326", "adm2_name": "Bhaktapur", "adm3_pcode": "NP0326301", "adm3_name": "Madhyapur Thimi", "adm4_pcode": null, "adm4_name": null, "name_latin": "Araniko Highway", "path": "C:/Users/neetu/OneDrive/Desktop/naxa file/GTFS Dashboard/data/trunk.geojson" }, "geometry": { "type": "MultiLineString", "coordinates": [ [ [ 85.3548037, 27.6752018 ], [ 85.3557153, 27.675147 ] ] ] } },
{ "type": "Feature", "properties": { "id": "way/111859876", "name": null, "name_en": null, "name_ne": null, "highway": "trunk_link", "surface": null, "smoothness": null, "width": null, "lanes": null, "oneway": "yes", "bridge": null, "layer": null, "source": null, "adm0_pcode": "NPL", "adm0_name": "Nepal", "adm1_pcode": "NP03", "adm1_name": "Bagmati", "adm2_pcode": "NP0326", "adm2_name": "Bhaktapur", "adm3_pcode": "NP0326301", "adm3_name": "Madhyapur Thimi", "adm4_pcode": null, "adm4_name": null, "name_latin": null, "path": "C:/Users/neetu/OneDrive/Desktop/naxa file/GTFS Dashboard/data/trunk.geojson" }, "geometry": { "type": "MultiLineString", "coordinates": [ [ [ 85.349545, 27.6780113 ], [ 85.3494802, 27.678293 ], [ 85.3494405, 27.6783486 ], [ 85.3493922, 27.6783851 ], [ 85.3493398, 27.6784099 ], [ 85.3492705, 27.6784263 ], [ 85.3492505, 27.6784259 ], [ 85.3491984, 27.6784249 ], [ 85.3491493, 27.6784138 ], [ 85.3490965, 27.6784022 ], [ 85.3488421, 27.6783339 ] ] ] } },
{ "type": "Feature", "properties": { "id": "way/1420149762", "name": null, "name_en": null, "name_ne": null, "highway": "trunk_link", "surface": "asphalt", "smoothness": null, "width": "7", "lanes": "2", "oneway": "yes", "bridge": null, "layer": null, "source": null, "adm0_pcode": "NPL", "adm0_name": "Nepal", "adm1_pcode": "NP03", "adm1_name": "Bagmati", "adm2_pcode": "NP0326", "adm2_name": "Bhaktapur", "adm3_pcode": "NP0326301", "adm3_name": "Madhyapur Thimi", "adm4_pcode": null, "adm4_name": null, "name_latin": null, "path": "C:/Users/neetu/OneDrive/Desktop/naxa file/GTFS Dashboard/data/trunk.geojson" }, "geometry": { "type": "MultiLineString", "coordinates": [ [ [ 85.3488421, 27.6783339 ], [ 85.3487884, 27.678249 ], [ 85.3486957, 27.6781465 ] ] ] } },
{ "type": "Feature", "properties": { "id": "way/231786211", "name": "Kathmandu Ringroad", "name_en": null, "name_ne": "काठमाडाैँ चक्रपथ", "highway": "trunk", "surface": "paved", "smoothness": null, "width": "14", "lanes": "4", "oneway": "no", "bridge": null, "layer": null, "source": null, "adm0_pcode": "NPL", "adm0_name": "Nepal", "adm1_pcode": "NP03", "adm1_name": "Bagmati", "adm2_pcode": "NP0327", "adm2_name": "Kathmandu", "adm3_pcode": "NP0327305", "adm3_name": "Nagarjun", "adm4_pcode": null, "adm4_name": null, "name_latin": "Kathmandu Ringroad", "path": "C:/Users/neetu/OneDrive/Desktop/naxa file/GTFS Dashboard/data/trunk.geojson" }, "geometry": { "type": "MultiLineString", "coordinates": [ [ [ 85.2871035, 27.7197207 ], [ 85.2871608, 27.7197452 ], [ 85.2876372, 27.719964 ], [ 85.2879151, 27.7200973 ], [ 85.2881653, 27.7202268 ], [ 85.2883261, 27.7203088 ], [ 85.2885972, 27.7204524 ], [ 85.2887514, 27.7205255 ], [ 85.2891576, 27.7207127 ], [ 85.2894131, 27.7208377 ], [ 85.2898821, 27.7210711 ], [ 85.2902296, 27.721233 ], [ 85.2904089, 27.7213217 ], [ 85.2907336, 27.7214667 ], [ 85.2917657, 27.721986 ], [ 85.292744, 27.7224636 ], [ 85.2928437, 27.7225087 ], [ 85.2929068, 27.7225414 ], [ 85.2930068, 27.7225855 ], [ 85.2932317, 27.7226991 ], [ 85.2934589, 27.7228076 ], [ 85.29368, 27.7229111 ] ] ] } },
{ "type": "Feature", "properties": { "id": "way/610849878", "name": "Kathmandu Ringroad", "name_en": null, "name_ne": "काठमाडाैँ चक्रपथ", "highway": "trunk", "surface": "paved", "smoothness": null, "width": "7", "lanes": "2", "oneway": "yes", "bridge": null, "layer": null, "source": null, "adm0_pcode": "NPL", "adm0_name": "Nepal", "adm1_pcode": "NP03", "adm1_name": "Bagmati", "adm2_pcode": "NP0327", "adm2_name": "Kathmandu", "adm3_pcode": "NP0327101", "adm3_name": "Kathmandu", "adm4_pcode": null, "adm4_name": null, "name_latin": "Kathmandu Ringroad", "path": "C:/Users/neetu/OneDrive/Desktop/naxa file/GTFS Dashboard/data/trunk.geojson" }, "geometry": { "type": "MultiLineString", "coordinates": [ [ [ 85.3045008, 27.7269217 ], [ 85.3044243, 27.7268912 ], [ 85.3041394, 27.7267518 ] ] ] } },
{ "type": "Feature", "properties": { "id": "way/1284332022", "name": "Tribhuvan Rajpath", "name_en": null, "name_ne": null, "highway": "trunk", "surface": "paved", "smoothness": null, "width": "22", "lanes": "2", "oneway": "yes", "bridge": null, "layer": null, "source": null, "adm0_pcode": "NPL", "adm0_name": "Nepal", "adm1_pcode": "NP03", "adm1_name": "Bagmati", "adm2_pcode": "NP0327", "adm2_name": "Kathmandu", "adm3_pcode": "NP0327305", "adm3_name": "Nagarjun", "adm4_pcode": null, "adm4_name": null, "name_latin": "Tribhuvan Rajpath", "path": "C:/Users/neetu/OneDrive/Desktop/naxa file/GTFS Dashboard/data/trunk.geojson" }, "geometry": { "type": "MultiLineString", "coordinates": [ [ [ 85.279606, 27.6928866 ], [ 85.2798304, 27.6929566 ], [ 85.2803646, 27.6930942 ], [ 85.2809912, 27.6932326 ], [ 85.2812877, 27.6932481 ] ] ] } },
{ "type": "Feature", "properties": { "id": "way/357506892", "name": "Araniko Highway", "name_en": null, "name_ne": null, "highway": "trunk", "surface": "asphalt", "smoothness": null, "width": "8", "lanes": "2", "oneway": "no", "bridge": null, "layer": null, "source": null, "adm0_pcode": "NPL", "adm0_name": "Nepal", "adm1_pcode": "NP03", "adm1_name": "Bagmati", "adm2_pcode": "NP0326", "adm2_name": "Bhaktapur", "adm3_pcode": "NP0326304", "adm3_name": "Suryabinayak", "adm4_pcode": null, "adm4_name": null, "name_latin": "Araniko Highway", "path": "C:/Users/neetu/OneDrive/Desktop/naxa file/GTFS Dashboard/data/trunk.geojson" }, "geometry": { "type": "MultiLineString", "coordinates": [ [ [ 85.4773043, 27.6419495 ], [ 85.4771389, 27.6420284 ], [ 85.4770081, 27.6421202 ], [ 85.4768822, 27.6422539 ], [ 85.4767456, 27.642412 ], [ 85.4765033, 27.6426801 ], [ 85.4762629, 27.6429171 ], [ 85.4761813, 27.6430103 ], [ 85.4760665, 27.6431051 ], [ 85.4759394, 27.643169 ], [ 85.4758002, 27.6432025 ], [ 85.4754581, 27.643232 ], [ 85.4752597, 27.6432776 ], [ 85.4750539, 27.6433245 ], [ 85.4748707, 27.6433514 ], [ 85.4745018, 27.6433055 ], [ 85.4743801, 27.6433059 ], [ 85.4742808, 27.643347 ], [ 85.4740816, 27.643455 ], [ 85.4739125, 27.6434884 ], [ 85.4737027, 27.6434728 ], [ 85.473541, 27.6434071 ], [ 85.4734156, 27.6432777 ], [ 85.4732723, 27.6430568 ], [ 85.4730886, 27.6430031 ], [ 85.4729706, 27.643018 ], [ 85.4729134, 27.6430645 ], [ 85.4727535, 27.643188 ], [ 85.4726033, 27.6432843 ], [ 85.4724481, 27.6433039 ], [ 85.4721519, 27.6432494 ], [ 85.4719338, 27.6432128 ], [ 85.4712818, 27.6433711 ], [ 85.4710472, 27.6434421 ], [ 85.4708116, 27.6435425 ], [ 85.4704987, 27.6437 ], [ 85.4703288, 27.6437981 ], [ 85.4701978, 27.6438428 ], [ 85.4700472, 27.6438486 ], [ 85.4699522, 27.643824 ], [ 85.4698605, 27.6437416 ], [ 85.4697863, 27.6435675 ], [ 85.4698152, 27.6433903 ], [ 85.4698838, 27.6432744 ], [ 85.4700477, 27.6430601 ], [ 85.4701084, 27.6429836 ], [ 85.4701478, 27.6428743 ], [ 85.4701637, 27.6427457 ], [ 85.4701439, 27.6426483 ], [ 85.4700789, 27.642563 ], [ 85.4699873, 27.6424916 ], [ 85.4697428, 27.6424184 ], [ 85.4695976, 27.6424384 ], [ 85.469408, 27.6425137 ], [ 85.4692173, 27.6427025 ], [ 85.4689306, 27.642945 ], [ 85.4688146, 27.6429964 ], [ 85.4687414, 27.6430206 ], [ 85.4685963, 27.6430446 ], [ 85.4685273, 27.6430378 ], [ 85.4680525, 27.6429424 ], [ 85.4677447, 27.6428713 ], [ 85.4676844, 27.6428591 ], [ 85.4675777, 27.6428435 ], [ 85.4675307, 27.6428402 ], [ 85.4674482, 27.6428427 ], [ 85.4673789, 27.6428578 ], [ 85.4673485, 27.6428702 ], [ 85.4672948, 27.6429048 ], [ 85.4672709, 27.6429272 ], [ 85.4672277, 27.6429824 ], [ 85.4671666, 27.6430951 ], [ 85.4671089, 27.6432293 ], [ 85.4670091, 27.6434885 ], [ 85.4669908, 27.643512 ], [ 85.4669573, 27.6435441 ], [ 85.4669115, 27.6435805 ], [ 85.4668563, 27.6436172 ], [ 85.4667622, 27.6436631 ], [ 85.4666961, 27.6436816 ], [ 85.4666631, 27.6436857 ], [ 85.4665287, 27.6436936 ], [ 85.4664622, 27.6436918 ], [ 85.4663921, 27.6436809 ], [ 85.4663064, 27.6436572 ], [ 85.4659941, 27.6435879 ], [ 85.4658893, 27.6435633 ], [ 85.4657706, 27.6435649 ], [ 85.4656666, 27.6435871 ], [ 85.4655653, 27.643634 ], [ 85.4654377, 27.6437596 ], [ 85.4653555, 27.6438698 ], [ 85.4653002, 27.6439853 ] ] ] } },
{ "type": "Feature", "properties": { "id": "way/1284332020", "name": "Tribhuvan Rajpath", "name_en": null, "name_ne": null, "highway": "trunk", "surface": "paved", "smoothness": null, "width": "22", "lanes": "2", "oneway": "yes", "bridge": null, "layer": null, "source": null, "adm0_pcode": "NPL", "adm0_name": "Nepal", "adm1_pcode": "NP03", "adm1_name": "Bagmati", "adm2_pcode": "NP0327", "adm2_name": "Kathmandu", "adm3_pcode": "NP0327305", "adm3_name": "Nagarjun", "adm4_pcode": null, "adm4_name": null, "name_latin": "Tribhuvan Rajpath", "path": "C:/Users/neetu/OneDrive/Desktop/naxa file/GTFS Dashboard/data/trunk.geojson" }, "geometry": { "type": "MultiLineString", "coordinates": [ [ [ 85.2812877, 27.6932481 ], [ 85.281022, 27.6931613 ], [ 85.2803934, 27.6930126 ], [ 85.2800137, 27.6929173 ], [ 85.279696, 27.6928259 ] ] ] } },
{ "type": "Feature", "properties": { "id": "way/610849881", "name": "Kathmandu Ringroad", "name_en": null, "name_ne": "काठमाडाैँ चक्रपथ", "highway": "trunk", "surface": "paved", "smoothness": null, "width": "7", "lanes": "2", "oneway": "yes", "bridge": null, "layer": null, "source": null, "adm0_pcode": "NPL", "adm0_name": "Nepal", "adm1_pcode": "NP03", "adm1_name": "Bagmati", "adm2_pcode": "NP0327", "adm2_name": "Kathmandu", "adm3_pcode": "NP0327101", "adm3_name": "Kathmandu", "adm4_pcode": null, "adm4_name": null, "name_latin": "Kathmandu Ringroad", "path": "C:/Users/neetu/OneDrive/Desktop/naxa file/GTFS Dashboard/data/trunk.geojson" }, "geometry": { "type": "MultiLineString", "coordinates": [ [ [ 85.3041394, 27.7267518 ], [ 85.3042963, 27.726887 ], [ 85.3043599, 27.7269518 ], [ 85.3044469, 27.7270699 ] ] ] } },
{ "type": "Feature", "properties": { "id": "way/1090820448", "name": "कलंकी", "name_en": "Kalanki", "name_ne": "कलंकी", "highway": "trunk", "surface": "paved", "smoothness": null, "width": null, "lanes": "4", "oneway": null, "bridge": null, "layer": null, "source": null, "adm0_pcode": "NPL", "adm0_name": "Nepal", "adm1_pcode": "NP03", "adm1_name": "Bagmati", "adm2_pcode": "NP0327", "adm2_name": "Kathmandu", "adm3_pcode": "NP0327101", "adm3_name": "Kathmandu", "adm4_pcode": null, "adm4_name": null, "name_latin": "Kalanki", "path": "C:/Users/neetu/OneDrive/Desktop/naxa file/GTFS Dashboard/data/trunk.geojson" }, "geometry": { "type": "MultiLineString", "coordinates": [ [ [ 85.2818152, 27.6933518 ], [ 85.281534, 27.6932947 ] ] ] } },
{ "type": "Feature", "properties": { "id": "way/1284332021", "name": "Tribhuvan Rajpath", "name_en": null, "name_ne": null, "highway": "trunk", "surface": "paved", "smoothness": null, "width": "22", "lanes": "2", "oneway": "no", "bridge": null, "layer": null, "source": null, "adm0_pcode": "NPL", "adm0_name": "Nepal", "adm1_pcode": "NP03", "adm1_name": "Bagmati", "adm2_pcode": "NP0327", "adm2_name": "Kathmandu", "adm3_pcode": "NP0327101", "adm3_name": "Kathmandu", "adm4_pcode": null, "adm4_name": null, "name_latin": "Tribhuvan Rajpath", "path": "C:/Users/neetu/OneDrive/Desktop/naxa file/GTFS Dashboard/data/trunk.geojson" }, "geometry": { "type": "MultiLineString", "coordinates": [ [ [ 85.2812877, 27.6932481 ], [ 85.2813724, 27.6932635 ], [ 85.2814372, 27.6932752 ], [ 85.281534, 27.6932947 ] ] ] } },
{ "type": "Feature", "properties": { "id": "way/1090820451", "name": "Kathmandu Ringroad", "name_en": null, "name_ne": "काठमाडाैँ चक्रपथ", "highway": "trunk", "surface": "paved", "smoothness": null, "width": "7", "lanes": "2", "oneway": "yes", "bridge": null, "layer": "-1", "source": null, "adm0_pcode": "NPL", "adm0_name": "Nepal", "adm1_pcode": "NP03", "adm1_name": "Bagmati", "adm2_pcode": "NP0327", "adm2_name": "Kathmandu", "adm3_pcode": "NP0327101", "adm3_name": "Kathmandu", "adm4_pcode": null, "adm4_name": null, "name_latin": "Kathmandu Ringroad", "path": "C:/Users/neetu/OneDrive/Desktop/naxa file/GTFS Dashboard/data/trunk.geojson" }, "geometry": { "type": "MultiLineString", "coordinates": [ [ [ 85.2816468, 27.69424 ], [ 85.2816844, 27.6938121 ], [ 85.2817201, 27.6934211 ], [ 85.281743, 27.6931586 ], [ 85.2817623, 27.6930414 ], [ 85.2818039, 27.6928906 ], [ 85.2818571, 27.6927586 ], [ 85.2818889, 27.6926826 ] ] ] } },
{ "type": "Feature", "properties": { "id": "way/1090820447", "name": "Kathmandu Ringroad", "name_en": null, "name_ne": "काठमाडाैँ चक्रपथ", "highway": "trunk", "surface": "paved", "smoothness": null, "width": "7", "lanes": "2", "oneway": "yes", "bridge": null, "layer": "-1", "source": null, "adm0_pcode": "NPL", "adm0_name": "Nepal", "adm1_pcode": "NP03", "adm1_name": "Bagmati", "adm2_pcode": "NP0327", "adm2_name": "Kathmandu", "adm3_pcode": "NP0327101", "adm3_name": "Kathmandu", "adm4_pcode": null, "adm4_name": null, "name_latin": "Kathmandu Ringroad", "path": "C:/Users/neetu/OneDrive/Desktop/naxa file/GTFS Dashboard/data/trunk.geojson" }, "geometry": { "type": "MultiLineString", "coordinates": [ [ [ 85.2816704, 27.6931475 ], [ 85.2816289, 27.6933589 ], [ 85.2816121, 27.6936328 ], [ 85.2815906, 27.6938632 ] ] ] } },
{ "type": "Feature", "properties": { "id": "way/225456437", "name": "Kathmandu Ringroad", "name_en": null, "name_ne": "काठमाडाैँ चक्रपथ", "highway": "trunk", "surface": "paved", "smoothness": null, "width": "6", "lanes": "2", "oneway": "yes", "bridge": null, "layer": null, "source": null, "adm0_pcode": "NPL", "adm0_name": "Nepal", "adm1_pcode": "NP03", "adm1_name": "Bagmati", "adm2_pcode": "NP0325", "adm2_name": "Lalitpur", "adm3_pcode": "NP0325101", "adm3_name": "Lalitpur", "adm4_pcode": null, "adm4_name": null, "name_latin": "Kathmandu Ringroad", "path": "C:/Users/neetu/OneDrive/Desktop/naxa file/GTFS Dashboard/data/trunk.geojson" }, "geometry": { "type": "MultiLineString", "coordinates": [ [ [ 85.3182187, 27.6613437 ], [ 85.3181949, 27.6613613 ], [ 85.3178513, 27.6616154 ], [ 85.317577, 27.6618463 ], [ 85.3174434, 27.6619556 ], [ 85.3170112, 27.6623093 ], [ 85.3156739, 27.6633717 ], [ 85.3149906, 27.6639223 ], [ 85.3140995, 27.6646526 ], [ 85.3139737, 27.6647537 ], [ 85.3137603, 27.6648897 ], [ 85.3136497, 27.6649588 ], [ 85.3135497, 27.6650155 ], [ 85.3134372, 27.6650696 ], [ 85.3132998, 27.6651376 ], [ 85.3130874, 27.6652238 ], [ 85.3130076, 27.6652469 ], [ 85.3124256, 27.6654143 ], [ 85.3113512, 27.6657151 ], [ 85.3101702, 27.6660663 ], [ 85.3092615, 27.6663288 ], [ 85.3089371, 27.6664211 ], [ 85.3087796, 27.6664659 ], [ 85.3083787, 27.6665931 ], [ 85.3082712, 27.6666338 ], [ 85.3082083, 27.6666576 ] ] ] } },
{ "type": "Feature", "properties": { "id": "way/416294069", "name": "Kathmandu Ringroad", "name_en": null, "name_ne": "काठमाडाैँ चक्रपथ", "highway": "trunk", "surface": "paved", "smoothness": null, "width": "7", "lanes": "2", "oneway": "yes", "bridge": null, "layer": null, "source": null, "adm0_pcode": "NPL", "adm0_name": "Nepal", "adm1_pcode": "NP03", "adm1_name": "Bagmati", "adm2_pcode": "NP0326", "adm2_name": "Bhaktapur", "adm3_pcode": "NP0326301", "adm3_name": "Madhyapur Thimi", "adm4_pcode": null, "adm4_name": null, "name_latin": "Kathmandu Ringroad", "path": "C:/Users/neetu/OneDrive/Desktop/naxa file/GTFS Dashboard/data/trunk.geojson" }, "geometry": { "type": "MultiLineString", "coordinates": [ [ [ 85.3488421, 27.6783339 ], [ 85.3479743, 27.6777836 ], [ 85.3475803, 27.6775403 ], [ 85.3469765, 27.6771376 ], [ 85.3464541, 27.6768023 ], [ 85.3458279, 27.6763889 ] ] ] } },
{ "type": "Feature", "properties": { "id": "way/777629770", "name": "Kathmandu Ringroad", "name_en": null, "name_ne": "काठमाडाैँ चक्रपथ", "highway": "trunk", "surface": null, "smoothness": null, "width": "7", "lanes": "2", "oneway": "yes", "bridge": null, "layer": null, "source": null, "adm0_pcode": "NPL", "adm0_name": "Nepal", "adm1_pcode": "NP03", "adm1_name": "Bagmati", "adm2_pcode": "NP0327", "adm2_name": "Kathmandu", "adm3_pcode": "NP0327101", "adm3_name": "Kathmandu", "adm4_pcode": null, "adm4_name": null, "name_latin": "Kathmandu Ringroad", "path": "C:/Users/neetu/OneDrive/Desktop/naxa file/GTFS Dashboard/data/trunk.geojson" }, "geometry": { "type": "MultiLineString", "coordinates": [ [ [ 85.2840793, 27.6894041 ], [ 85.2841048, 27.6893671 ], [ 85.2841986, 27.6892434 ], [ 85.2843009, 27.6891392 ], [ 85.2844279, 27.6890225 ], [ 85.284583, 27.6888994 ], [ 85.2847135, 27.688816 ], [ 85.284846, 27.6887417 ], [ 85.2849696, 27.6886798 ], [ 85.2850895, 27.6886298 ], [ 85.2852535, 27.6885798 ], [ 85.2853797, 27.6885535 ], [ 85.2856627, 27.6885089 ], [ 85.2857924, 27.6884907 ], [ 85.2861997, 27.6884334 ], [ 85.2868897, 27.6883363 ], [ 85.2877727, 27.6882057 ], [ 85.2887266, 27.6880635 ], [ 85.2892565, 27.6879821 ], [ 85.2897003, 27.6878936 ], [ 85.2898746, 27.6878401 ], [ 85.2900584, 27.6877854 ], [ 85.2902314, 27.6877231 ], [ 85.2904098, 27.6876412 ], [ 85.2905733, 27.6875581 ], [ 85.290788, 27.6874316 ], [ 85.2910575, 27.6872464 ], [ 85.2918839, 27.6865935 ], [ 85.2928966, 27.6858309 ], [ 85.2931578, 27.6856563 ], [ 85.2932395, 27.6856151 ], [ 85.2934447, 27.6855113 ], [ 85.2937933, 27.6853772 ], [ 85.2941059, 27.6853017 ], [ 85.2945223, 27.6852517 ], [ 85.2956401, 27.6851171 ], [ 85.2971692, 27.6849309 ], [ 85.2973064, 27.684917 ], [ 85.2975015, 27.6849071 ], [ 85.2975131, 27.6849067 ] ] ] } },
{ "type": "Feature", "properties": { "id": "way/1301405072", "name": null, "name_en": null, "name_ne": null, "highway": "trunk_link", "surface": null, "smoothness": null, "width": null, "lanes": null, "oneway": null, "bridge": null, "layer": null, "source": null, "adm0_pcode": "NPL", "adm0_name": "Nepal", "adm1_pcode": "NP03", "adm1_name": "Bagmati", "adm2_pcode": "NP0327", "adm2_name": "Kathmandu", "adm3_pcode": "NP0327308", "adm3_name": "Chandragiri", "adm4_pcode": null, "adm4_name": null, "name_latin": null, "path": "C:/Users/neetu/OneDrive/Desktop/naxa file/GTFS Dashboard/data/trunk.geojson" }, "geometry": { "type": "MultiLineString", "coordinates": [ [ [ 85.2216412, 27.6905228 ], [ 85.221565, 27.6904673 ] ] ] } },
{ "type": "Feature", "properties": { "id": "way/171599261", "name": "Kathmandu Ringroad", "name_en": null, "name_ne": "काठमाडाैँ चक्रपथ", "highway": "trunk", "surface": "paved", "smoothness": null, "width": "7", "lanes": "2", "oneway": "yes", "bridge": null, "layer": null, "source": null, "adm0_pcode": "NPL", "adm0_name": "Nepal", "adm1_pcode": "NP03", "adm1_name": "Bagmati", "adm2_pcode": "NP0327", "adm2_name": "Kathmandu", "adm3_pcode": "NP0327101", "adm3_name": "Kathmandu", "adm4_pcode": null, "adm4_name": null, "name_latin": "Kathmandu Ringroad", "path": "C:/Users/neetu/OneDrive/Desktop/naxa file/GTFS Dashboard/data/trunk.geojson" }, "geometry": { "type": "MultiLineString", "coordinates": [ [ [ 85.2972927, 27.6848568 ], [ 85.2971612, 27.6848722 ], [ 85.2956052, 27.6850541 ], [ 85.2945173, 27.6851845 ], [ 85.2941234, 27.6852335 ], [ 85.2938211, 27.6852999 ], [ 85.2935413, 27.685402 ], [ 85.2932703, 27.685533 ], [ 85.2932065, 27.6855676 ], [ 85.293033, 27.6856615 ], [ 85.292803, 27.6858103 ], [ 85.2925549, 27.6860062 ], [ 85.2918633, 27.6865368 ], [ 85.2908959, 27.6872657 ], [ 85.2906695, 27.6874197 ], [ 85.2904378, 27.6875487 ], [ 85.2902303, 27.687648 ], [ 85.2900939, 27.6876978 ], [ 85.2899761, 27.6877387 ], [ 85.2898323, 27.6877878 ], [ 85.2896982, 27.6878264 ], [ 85.2895399, 27.6878635 ], [ 85.2893414, 27.6879009 ], [ 85.2889662, 27.687964 ], [ 85.2882532, 27.6880611 ], [ 85.2872528, 27.6882102 ], [ 85.2868889, 27.6882688 ], [ 85.2861933, 27.6883656 ], [ 85.285779, 27.6884248 ], [ 85.2856279, 27.6884464 ], [ 85.2853508, 27.6884967 ], [ 85.2851143, 27.6885549 ], [ 85.2849689, 27.6886013 ], [ 85.2848314, 27.688669 ], [ 85.2846513, 27.6887652 ], [ 85.28451, 27.6888674 ], [ 85.2843466, 27.6890109 ], [ 85.2842006, 27.6891406 ], [ 85.2841203, 27.689237 ] ] ] } },
{ "type": "Feature", "properties": { "id": "way/670112952", "name": "Kathmandu Ringroad", "name_en": null, "name_ne": "काठमाडाैँ चक्रपथ", "highway": "trunk", "surface": null, "smoothness": null, "width": "7", "lanes": "2", "oneway": "yes", "bridge": "yes", "layer": "1", "source": null, "adm0_pcode": "NPL", "adm0_name": "Nepal", "adm1_pcode": "NP03", "adm1_name": "Bagmati", "adm2_pcode": "NP0327", "adm2_name": "Kathmandu", "adm3_pcode": "NP0327101", "adm3_name": "Kathmandu", "adm4_pcode": null, "adm4_name": null, "name_latin": "Kathmandu Ringroad", "path": "C:/Users/neetu/OneDrive/Desktop/naxa file/GTFS Dashboard/data/trunk.geojson" }, "geometry": { "type": "MultiLineString", "coordinates": [ [ [ 85.2988544, 27.6847458 ], [ 85.3001447, 27.6845933 ] ] ] } },
{ "type": "Feature", "properties": { "id": "way/225457469", "name": "Kathmandu Ringroad", "name_en": null, "name_ne": "काठमाडाैँ चक्रपथ", "highway": "trunk", "surface": "paved", "smoothness": null, "width": "7", "lanes": "2", "oneway": "yes", "bridge": null, "layer": "-1", "source": null, "adm0_pcode": "NPL", "adm0_name": "Nepal", "adm1_pcode": "NP03", "adm1_name": "Bagmati", "adm2_pcode": "NP0327", "adm2_name": "Kathmandu", "adm3_pcode": "NP0327101", "adm3_name": "Kathmandu", "adm4_pcode": null, "adm4_name": null, "name_latin": "Kathmandu Ringroad", "path": "C:/Users/neetu/OneDrive/Desktop/naxa file/GTFS Dashboard/data/trunk.geojson" }, "geometry": { "type": "MultiLineString", "coordinates": [ [ [ 85.2818125, 27.6926629 ], [ 85.2818005, 27.6926881 ], [ 85.2817799, 27.6927431 ], [ 85.2817363, 27.6928635 ], [ 85.2817022, 27.6929666 ], [ 85.2816704, 27.6931475 ] ] ] } },
{ "type": "Feature", "properties": { "id": "way/752113741", "name": "Kathmandu Ringroad", "name_en": null, "name_ne": "काठमाडाैँ चक्रपथ", "highway": "trunk", "surface": "paved", "smoothness": null, "width": "14", "lanes": "4", "oneway": "no", "bridge": null, "layer": null, "source": null, "adm0_pcode": "NPL", "adm0_name": "Nepal", "adm1_pcode": "NP03", "adm1_name": "Bagmati", "adm2_pcode": "NP0327", "adm2_name": "Kathmandu", "adm3_pcode": "NP0327101", "adm3_name": "Kathmandu", "adm4_pcode": null, "adm4_name": null, "name_latin": "Kathmandu Ringroad", "path": "C:/Users/neetu/OneDrive/Desktop/naxa file/GTFS Dashboard/data/trunk.geojson" }, "geometry": { "type": "MultiLineString", "coordinates": [ [ [ 85.3033367, 27.7262633 ], [ 85.3035463, 27.7263784 ], [ 85.3039037, 27.7266015 ], [ 85.3041394, 27.7267518 ] ] ] } },
{ "type": "Feature", "properties": { "id": "way/215507255", "name": "Kathmandu Ringroad", "name_en": null, "name_ne": "काठमाडाैँ चक्रपथ", "highway": "trunk", "surface": "paved", "smoothness": null, "width": "14", "lanes": "4", "oneway": "yes", "bridge": null, "layer": null, "source": null, "adm0_pcode": "NPL", "adm0_name": "Nepal", "adm1_pcode": "NP03", "adm1_name": "Bagmati", "adm2_pcode": "NP0326", "adm2_name": "Bhaktapur", "adm3_pcode": "NP0326301", "adm3_name": "Madhyapur Thimi", "adm4_pcode": null, "adm4_name": null, "name_latin": "Kathmandu Ringroad", "path": "C:/Users/neetu/OneDrive/Desktop/naxa file/GTFS Dashboard/data/trunk.geojson" }, "geometry": { "type": "MultiLineString", "coordinates": [ [ [ 85.3495325, 27.6787883 ], [ 85.3492714, 27.6786113 ], [ 85.3488421, 27.6783339 ] ] ] } },
{ "type": "Feature", "properties": { "id": "way/232095618", "name": "Kathmandu Ringroad", "name_en": null, "name_ne": "काठमाडाैँ चक्रपथ", "highway": "trunk", "surface": "asphalt", "smoothness": null, "width": "14", "lanes": "4", "oneway": null, "bridge": null, "layer": null, "source": null, "adm0_pcode": "NPL", "adm0_name": "Nepal", "adm1_pcode": "NP03", "adm1_name": "Bagmati", "adm2_pcode": "NP0327", "adm2_name": "Kathmandu", "adm3_pcode": "NP0327303", "adm3_name": "Budhanilkhantha", "adm4_pcode": null, "adm4_name": null, "name_latin": "Kathmandu Ringroad", "path": "C:/Users/neetu/OneDrive/Desktop/naxa file/GTFS Dashboard/data/trunk.geojson" }, "geometry": { "type": "MultiLineString", "coordinates": [ [ [ 85.345599, 27.7274069 ], [ 85.3456129, 27.7274584 ], [ 85.3456399, 27.7275587 ], [ 85.3457103, 27.7278019 ], [ 85.3458323, 27.7281887 ], [ 85.3458649, 27.7283161 ], [ 85.3458809, 27.7284179 ], [ 85.345897, 27.7285435 ], [ 85.3459051, 27.7286757 ], [ 85.3459113, 27.7287965 ], [ 85.3459078, 27.7289073 ], [ 85.3459003, 27.7290186 ], [ 85.3458758, 27.7291192 ], [ 85.3458603, 27.7291798 ], [ 85.345831, 27.7292705 ], [ 85.3458001, 27.7293594 ], [ 85.345764, 27.7294462 ], [ 85.3457283, 27.7295157 ], [ 85.3456388, 27.7296804 ], [ 85.3455133, 27.7298854 ], [ 85.3454727, 27.7299535 ], [ 85.3454088, 27.7300574 ], [ 85.345289, 27.7302561 ], [ 85.3450031, 27.730717 ], [ 85.3448049, 27.731036 ], [ 85.3446318, 27.731303 ], [ 85.3443282, 27.731706 ] ] ] } },
{ "type": "Feature", "properties": { "id": "way/232096884", "name": "Araniko Highway", "name_en": null, "name_ne": null, "highway": "trunk", "surface": "asphalt", "smoothness": null, "width": "10", "lanes": "4", "oneway": "yes", "bridge": null, "layer": null, "source": null, "adm0_pcode": "NPL", "adm0_name": "Nepal", "adm1_pcode": "NP03", "adm1_name": "Bagmati", "adm2_pcode": "NP0326", "adm2_name": "Bhaktapur", "adm3_pcode": "NP0326304", "adm3_name": "Suryabinayak", "adm4_pcode": null, "adm4_name": null, "name_latin": "Araniko Highway", "path": "C:/Users/neetu/OneDrive/Desktop/naxa file/GTFS Dashboard/data/trunk.geojson" }, "geometry": { "type": "MultiLineString", "coordinates": [ [ [ 85.3974825, 27.6745415 ], [ 85.397175, 27.6745569 ], [ 85.3965432, 27.6745624 ], [ 85.3960491, 27.674545 ], [ 85.3941361, 27.6743227 ], [ 85.3921942, 27.6740668 ], [ 85.3907337, 27.6738879 ], [ 85.39001, 27.6738008 ], [ 85.3898107, 27.6737697 ], [ 85.3895787, 27.6737434 ], [ 85.3876709, 27.6735036 ], [ 85.3862949, 27.673338 ] ] ] } },
{ "type": "Feature", "properties": { "id": "way/224823944", "name": "Araniko Highway", "name_en": null, "name_ne": null, "highway": "trunk", "surface": "asphalt", "smoothness": null, "width": "10", "lanes": "2", "oneway": "yes", "bridge": null, "layer": null, "source": null, "adm0_pcode": "NPL", "adm0_name": "Nepal", "adm1_pcode": "NP03", "adm1_name": "Bagmati", "adm2_pcode": "NP0326", "adm2_name": "Bhaktapur", "adm3_pcode": "NP0326304", "adm3_name": "Suryabinayak", "adm4_pcode": null, "adm4_name": null, "name_latin": "Araniko Highway", "path": "C:/Users/neetu/OneDrive/Desktop/naxa file/GTFS Dashboard/data/trunk.geojson" }, "geometry": { "type": "MultiLineString", "coordinates": [ [ [ 85.3854042, 27.6733529 ], [ 85.3858976, 27.6734015 ], [ 85.3876479, 27.6736146 ], [ 85.3888991, 27.6737681 ], [ 85.3893484, 27.6738227 ], [ 85.3895602, 27.6738514 ], [ 85.3897915, 27.6738828 ], [ 85.3899881, 27.6739078 ], [ 85.3921875, 27.6741873 ], [ 85.3930566, 27.6742978 ], [ 85.3940825, 27.6744201 ], [ 85.3949247, 27.6745223 ], [ 85.395833, 27.6746393 ], [ 85.3960432, 27.6746624 ], [ 85.3962577, 27.6746711 ], [ 85.3964402, 27.6746838 ], [ 85.3966096, 27.6746835 ], [ 85.3975999, 27.6746406 ], [ 85.3976867, 27.6746345 ], [ 85.3982748, 27.6745674 ], [ 85.398535, 27.6745175 ], [ 85.3988247, 27.6744629 ], [ 85.3990495, 27.67441 ], [ 85.3996489, 27.6742616 ] ] ] } },
{ "type": "Feature", "properties": { "id": "way/216297391", "name": "Kathmandu Ringroad", "name_en": null, "name_ne": "काठमाडाैँ चक्रपथ", "highway": "trunk", "surface": "paved", "smoothness": null, "width": "6", "lanes": "2", "oneway": "yes", "bridge": null, "layer": null, "source": null, "adm0_pcode": "NPL", "adm0_name": "Nepal", "adm1_pcode": "NP03", "adm1_name": "Bagmati", "adm2_pcode": "NP0325", "adm2_name": "Lalitpur", "adm3_pcode": "NP0325101", "adm3_name": "Lalitpur", "adm4_pcode": null, "adm4_name": null, "name_latin": "Kathmandu Ringroad", "path": "C:/Users/neetu/OneDrive/Desktop/naxa file/GTFS Dashboard/data/trunk.geojson" }, "geometry": { "type": "MultiLineString", "coordinates": [ [ [ 85.32474, 27.6587024 ], [ 85.3246361, 27.6586416 ], [ 85.3242421, 27.6584126 ], [ 85.3237328, 27.6581118 ], [ 85.3235758, 27.6580249 ], [ 85.323498, 27.6579848 ], [ 85.3233488, 27.6579158 ], [ 85.3232793, 27.6578889 ], [ 85.3232145, 27.6578685 ], [ 85.3231521, 27.6578534 ], [ 85.3230889, 27.6578419 ], [ 85.3230254, 27.6578339 ], [ 85.3229619, 27.6578292 ], [ 85.3228987, 27.6578278 ], [ 85.3228361, 27.6578294 ], [ 85.3227745, 27.6578341 ], [ 85.3227142, 27.6578416 ], [ 85.3226555, 27.6578519 ], [ 85.3225988, 27.6578648 ], [ 85.3225443, 27.6578802 ], [ 85.3224925, 27.657898 ] ] ] } },
{ "type": "Feature", "properties": { "id": "way/338943704", "name": "Lampati", "name_en": null, "name_ne": null, "highway": "trunk", "surface": "paved", "smoothness": null, "width": "12", "lanes": "4", "oneway": null, "bridge": null, "layer": null, "source": null, "adm0_pcode": "NPL", "adm0_name": "Nepal", "adm1_pcode": "NP03", "adm1_name": "Bagmati", "adm2_pcode": "NP0327", "adm2_name": "Kathmandu", "adm3_pcode": "NP0327101", "adm3_name": "Kathmandu", "adm4_pcode": null, "adm4_name": null, "name_latin": "Lampati", "path": "C:/Users/neetu/OneDrive/Desktop/naxa file/GTFS Dashboard/data/trunk.geojson" }, "geometry": { "type": "MultiLineString", "coordinates": [ [ [ 85.2890414, 27.6953406 ], [ 85.2888833, 27.6952942 ], [ 85.2883751, 27.6951366 ], [ 85.2881125, 27.695066 ], [ 85.2877435, 27.694961 ], [ 85.2873599, 27.6948543 ], [ 85.2871849, 27.6948064 ], [ 85.2868943, 27.6947251 ], [ 85.2865809, 27.694649 ], [ 85.2856062, 27.6943531 ] ] ] } },
{ "type": "Feature", "properties": { "id": "way/171203193", "name": "Araniko Highway", "name_en": null, "name_ne": null, "highway": "trunk", "surface": "asphalt", "smoothness": null, "width": "10", "lanes": "4", "oneway": "yes", "bridge": null, "layer": null, "source": null, "adm0_pcode": "NPL", "adm0_name": "Nepal", "adm1_pcode": "NP03", "adm1_name": "Bagmati", "adm2_pcode": "NP0326", "adm2_name": "Bhaktapur", "adm3_pcode": "NP0326301", "adm3_name": "Madhyapur Thimi", "adm4_pcode": null, "adm4_name": null, "name_latin": "Araniko Highway", "path": "C:/Users/neetu/OneDrive/Desktop/naxa file/GTFS Dashboard/data/trunk.geojson" }, "geometry": { "type": "MultiLineString", "coordinates": [ [ [ 85.3854255, 27.6732317 ], [ 85.3853348, 27.6732197 ], [ 85.38472, 27.673211 ], [ 85.3841261, 27.6732227 ], [ 85.3820407, 27.6733427 ], [ 85.3810458, 27.6733893 ], [ 85.3797859, 27.6734603 ] ] ] } },
{ "type": "Feature", "properties": { "id": "way/1118309782", "name": "Araniko Highway", "name_en": null, "name_ne": "अरनिको राजमार्ग", "highway": "trunk", "surface": "paved", "smoothness": null, "width": "7", "lanes": "2", "oneway": "yes", "bridge": null, "layer": null, "source": null, "adm0_pcode": "NPL", "adm0_name": "Nepal", "adm1_pcode": "NP03", "adm1_name": "Bagmati", "adm2_pcode": "NP0326", "adm2_name": "Bhaktapur", "adm3_pcode": "NP0326301", "adm3_name": "Madhyapur Thimi", "adm4_pcode": null, "adm4_name": null, "name_latin": "Araniko Highway", "path": "C:/Users/neetu/OneDrive/Desktop/naxa file/GTFS Dashboard/data/trunk.geojson" }, "geometry": { "type": "MultiLineString", "coordinates": [ [ [ 85.3495325, 27.6787883 ], [ 85.349528, 27.6789384 ] ] ] } },
{ "type": "Feature", "properties": { "id": "way/1132401297", "name": "Kathmandu Ringroad", "name_en": null, "name_ne": "काठमाडाैँ चक्रपथ", "highway": "trunk", "surface": null, "smoothness": null, "width": "3.5", "lanes": null, "oneway": "yes", "bridge": null, "layer": null, "source": null, "adm0_pcode": "NPL", "adm0_name": "Nepal", "adm1_pcode": "NP03", "adm1_name": "Bagmati", "adm2_pcode": "NP0326", "adm2_name": "Bhaktapur", "adm3_pcode": "NP0326301", "adm3_name": "Madhyapur Thimi", "adm4_pcode": null, "adm4_name": null, "name_latin": "Kathmandu Ringroad", "path": "C:/Users/neetu/OneDrive/Desktop/naxa file/GTFS Dashboard/data/trunk.geojson" }, "geometry": { "type": "MultiLineString", "coordinates": [ [ [ 85.349252, 27.6787672 ], [ 85.3494144, 27.6788348 ], [ 85.3494809, 27.6788892 ], [ 85.349528, 27.6789384 ] ] ] } },
{ "type": "Feature", "properties": { "id": "way/670112953", "name": "Kathmandu Ringroad", "name_en": null, "name_ne": "काठमाडाैँ चक्रपथ", "highway": "trunk", "surface": null, "smoothness": null, "width": "7", "lanes": "2", "oneway": "yes", "bridge": null, "layer": null, "source": null, "adm0_pcode": "NPL", "adm0_name": "Nepal", "adm1_pcode": "NP03", "adm1_name": "Bagmati", "adm2_pcode": "NP0327", "adm2_name": "Kathmandu", "adm3_pcode": "NP0327101", "adm3_name": "Kathmandu", "adm4_pcode": null, "adm4_name": null, "name_latin": "Kathmandu Ringroad", "path": "C:/Users/neetu/OneDrive/Desktop/naxa file/GTFS Dashboard/data/trunk.geojson" }, "geometry": { "type": "MultiLineString", "coordinates": [ [ [ 85.2980455, 27.6848387 ], [ 85.2980772, 27.6848346 ], [ 85.2982255, 27.6848156 ], [ 85.2983495, 27.6848018 ], [ 85.2988544, 27.6847458 ] ] ] } },
{ "type": "Feature", "properties": { "id": "way/343515304", "name": "Tribhuvan Rajpath", "name_en": null, "name_ne": null, "highway": "trunk", "surface": "paved", "smoothness": null, "width": null, "lanes": "2", "oneway": null, "bridge": null, "layer": null, "source": null, "adm0_pcode": "NPL", "adm0_name": "Nepal", "adm1_pcode": "NP03", "adm1_name": "Bagmati", "adm2_pcode": "NP0330", "adm2_name": "Dhading", "adm3_pcode": "NP0330302", "adm3_name": "Dhunibenshi", "adm4_pcode": null, "adm4_name": null, "name_latin": "Tribhuvan Rajpath", "path": "C:/Users/neetu/OneDrive/Desktop/naxa file/GTFS Dashboard/data/trunk.geojson" }, "geometry": { "type": "MultiLineString", "coordinates": [ [ [ 85.1974384, 27.7163715 ], [ 85.1975112, 27.7164552 ], [ 85.1975722, 27.7165013 ], [ 85.1976336, 27.7165257 ], [ 85.1977114, 27.716538 ], [ 85.1977737, 27.716537 ], [ 85.1978538, 27.7165208 ], [ 85.197917, 27.7164956 ], [ 85.1979797, 27.716453 ], [ 85.198023, 27.7163908 ], [ 85.1980699, 27.7162751 ], [ 85.1980792, 27.7161328 ], [ 85.1980654, 27.7158397 ], [ 85.1980089, 27.7156335 ], [ 85.1980368, 27.7155432 ], [ 85.1981233, 27.7154254 ], [ 85.1983187, 27.7152841 ], [ 85.1983999, 27.7152129 ], [ 85.1985271, 27.7150288 ], [ 85.1986012, 27.7149714 ], [ 85.198696, 27.7149237 ], [ 85.1988526, 27.7148594 ], [ 85.1989584, 27.7148053 ], [ 85.1990885, 27.7146837 ], [ 85.1991951, 27.7145236 ], [ 85.199354, 27.7143732 ], [ 85.1996059, 27.714012 ], [ 85.1996771, 27.7139682 ], [ 85.1997612, 27.7139428 ], [ 85.1998418, 27.7139298 ], [ 85.1999504, 27.7139345 ], [ 85.2000318, 27.7139706 ], [ 85.2001038, 27.7140388 ], [ 85.2002327, 27.7142636 ], [ 85.2002999, 27.7142976 ], [ 85.2003886, 27.7143084 ], [ 85.2004843, 27.7143067 ], [ 85.200688, 27.7142463 ], [ 85.2008271, 27.7142212 ], [ 85.200984, 27.7142205 ], [ 85.2010909, 27.7142115 ], [ 85.2011604, 27.714187 ], [ 85.2012175, 27.7141528 ], [ 85.201321, 27.7140165 ], [ 85.2016361, 27.713631 ], [ 85.2017628, 27.7134569 ], [ 85.2018771, 27.713324 ], [ 85.2019208, 27.7132786 ], [ 85.2019961, 27.7132407 ], [ 85.2023356, 27.7131604 ], [ 85.2025065, 27.7131352 ], [ 85.2026094, 27.7131534 ], [ 85.2026758, 27.7131908 ], [ 85.2031935, 27.7135576 ], [ 85.2033297, 27.7136216 ], [ 85.2034282, 27.7136323 ], [ 85.2034984, 27.713623 ], [ 85.2035728, 27.7135797 ], [ 85.2038058, 27.7133398 ], [ 85.2038584, 27.7132417 ], [ 85.2038738, 27.7131519 ], [ 85.2038615, 27.7128276 ], [ 85.203902, 27.7127444 ], [ 85.2039476, 27.7126722 ], [ 85.2041035, 27.7125689 ], [ 85.204272, 27.7124422 ], [ 85.204429, 27.7121656 ], [ 85.2044639, 27.7120491 ], [ 85.2044659, 27.7119583 ], [ 85.2044384, 27.7117961 ], [ 85.2042908, 27.7114766 ], [ 85.2042438, 27.7112973 ], [ 85.2042035, 27.7111133 ], [ 85.2041727, 27.7109352 ], [ 85.2041408, 27.7107741 ], [ 85.2041515, 27.7106921 ], [ 85.2042122, 27.7106275 ], [ 85.20439, 27.7105312 ], [ 85.2045198, 27.7104431 ], [ 85.204571, 27.710378 ], [ 85.204605, 27.7103015 ], [ 85.2046001, 27.7102351 ], [ 85.2045612, 27.7101226 ], [ 85.2043341, 27.7098291 ], [ 85.2042111, 27.7097003 ], [ 85.2041561, 27.7096163 ], [ 85.2041137, 27.7095336 ], [ 85.2040859, 27.7094118 ], [ 85.2039996, 27.7090787 ], [ 85.2039706, 27.7089534 ], [ 85.2039779, 27.708814 ], [ 85.2040135, 27.7087074 ], [ 85.2040876, 27.7085736 ], [ 85.2041316, 27.7085128 ], [ 85.2043782, 27.7083168 ], [ 85.2044731, 27.7082308 ], [ 85.2045245, 27.7081342 ], [ 85.2045446, 27.7080557 ], [ 85.2045395, 27.7078298 ], [ 85.2045557, 27.7077209 ], [ 85.2046001, 27.7076467 ], [ 85.2046802, 27.7075925 ], [ 85.2047995, 27.7075509 ], [ 85.2049602, 27.707507 ], [ 85.2050987, 27.7074272 ], [ 85.2052901, 27.7072927 ] ] ] } },
{ "type": "Feature", "properties": { "id": "way/591355896", "name": "Kathmandu Ringroad", "name_en": null, "name_ne": "काठमाडाैँ चक्रपथ", "highway": "trunk", "surface": "paved", "smoothness": null, "width": null, "lanes": "4", "oneway": "yes", "bridge": null, "layer": null, "source": null, "adm0_pcode": "NPL", "adm0_name": "Nepal", "adm1_pcode": "NP03", "adm1_name": "Bagmati", "adm2_pcode": "NP0326", "adm2_name": "Bhaktapur", "adm3_pcode": "NP0326301", "adm3_name": "Madhyapur Thimi", "adm4_pcode": null, "adm4_name": null, "name_latin": "Kathmandu Ringroad", "path": "C:/Users/neetu/OneDrive/Desktop/naxa file/GTFS Dashboard/data/trunk.geojson" }, "geometry": { "type": "MultiLineString", "coordinates": [ [ [ 85.3496796, 27.6789466 ], [ 85.3495325, 27.6787883 ] ] ] } },
{ "type": "Feature", "properties": { "id": "way/1196456662", "name": "Kathmandu Ringroad", "name_en": null, "name_ne": "काठमाडाैँ चक्रपथ", "highway": "trunk", "surface": "asphalt", "smoothness": null, "width": "16", "lanes": "4", "oneway": null, "bridge": null, "layer": null, "source": null, "adm0_pcode": "NPL", "adm0_name": "Nepal", "adm1_pcode": "NP03", "adm1_name": "Bagmati", "adm2_pcode": "NP0327", "adm2_name": "Kathmandu", "adm3_pcode": "NP0327101", "adm3_name": "Kathmandu", "adm4_pcode": null, "adm4_name": null, "name_latin": "Kathmandu Ringroad", "path": "C:/Users/neetu/OneDrive/Desktop/naxa file/GTFS Dashboard/data/trunk.geojson" }, "geometry": { "type": "MultiLineString", "coordinates": [ [ [ 85.3384205, 27.7393409 ], [ 85.3374051, 27.7398525 ], [ 85.3371159, 27.7399982 ] ] ] } },
{ "type": "Feature", "properties": { "id": "way/180152353", "name": "Kathmandu Ringroad", "name_en": null, "name_ne": "काठमाडाैँ चक्रपथ", "highway": "trunk", "surface": "paved", "smoothness": null, "width": "7", "lanes": "2", "oneway": "yes", "bridge": null, "layer": null, "source": null, "adm0_pcode": "NPL", "adm0_name": "Nepal", "adm1_pcode": "NP03", "adm1_name": "Bagmati", "adm2_pcode": "NP0327", "adm2_name": "Kathmandu", "adm3_pcode": "NP0327101", "adm3_name": "Kathmandu", "adm4_pcode": null, "adm4_name": null, "name_latin": "Kathmandu Ringroad", "path": "C:/Users/neetu/OneDrive/Desktop/naxa file/GTFS Dashboard/data/trunk.geojson" }, "geometry": { "type": "MultiLineString", "coordinates": [ [ [ 85.2988406, 27.6846827 ], [ 85.2983445, 27.6847363 ], [ 85.2982213, 27.6847496 ], [ 85.2980693, 27.6847686 ], [ 85.2980356, 27.6847728 ] ] ] } },
{ "type": "Feature", "properties": { "id": "way/1132407060", "name": null, "name_en": null, "name_ne": null, "highway": "trunk", "surface": null, "smoothness": null, "width": null, "lanes": null, "oneway": "yes", "bridge": null, "layer": null, "source": null, "adm0_pcode": "NPL", "adm0_name": "Nepal", "adm1_pcode": "NP03", "adm1_name": "Bagmati", "adm2_pcode": "NP0326", "adm2_name": "Bhaktapur", "adm3_pcode": "NP0326301", "adm3_name": "Madhyapur Thimi", "adm4_pcode": null, "adm4_name": null, "name_latin": null, "path": "C:/Users/neetu/OneDrive/Desktop/naxa file/GTFS Dashboard/data/trunk.geojson" }, "geometry": { "type": "MultiLineString", "coordinates": [ [ [ 85.349528, 27.6789384 ], [ 85.3496796, 27.6789466 ] ] ] } },
{ "type": "Feature", "properties": { "id": "way/1290289974", "name": "Tribhuvan Rajpath", "name_en": null, "name_ne": null, "highway": "trunk", "surface": "paved", "smoothness": null, "width": null, "lanes": "2", "oneway": "yes", "bridge": null, "layer": null, "source": null, "adm0_pcode": "NPL", "adm0_name": "Nepal", "adm1_pcode": "NP03", "adm1_name": "Bagmati", "adm2_pcode": "NP0327", "adm2_name": "Kathmandu", "adm3_pcode": "NP0327308", "adm3_name": "Chandragiri", "adm4_pcode": null, "adm4_name": null, "name_latin": "Tribhuvan Rajpath", "path": "C:/Users/neetu/OneDrive/Desktop/naxa file/GTFS Dashboard/data/trunk.geojson" }, "geometry": { "type": "MultiLineString", "coordinates": [ [ [ 85.2263882, 27.6893382 ], [ 85.2262942, 27.6893361 ], [ 85.2262312, 27.6893566 ], [ 85.2261772, 27.6893798 ], [ 85.2259131, 27.6895139 ], [ 85.2257509, 27.6896089 ], [ 85.2255556, 27.6897136 ], [ 85.2252314, 27.6899091 ], [ 85.2250945, 27.6899841 ], [ 85.224979, 27.6900264 ], [ 85.2248614, 27.690054 ], [ 85.2247451, 27.6900731 ], [ 85.224655, 27.6900779 ], [ 85.2245605, 27.69007 ], [ 85.224414, 27.6900527 ], [ 85.2240353, 27.6899884 ], [ 85.2233626, 27.6898639 ], [ 85.2229128, 27.68978 ], [ 85.2227933, 27.6897437 ], [ 85.2226086, 27.6897465 ], [ 85.2224941, 27.6897884 ], [ 85.2223786, 27.6898382 ], [ 85.2222889, 27.6899134 ], [ 85.2220858, 27.6900578 ], [ 85.2218376, 27.6902402 ], [ 85.2216637, 27.6903775 ], [ 85.221565, 27.6904673 ], [ 85.2214592, 27.6905661 ], [ 85.2213519, 27.6906923 ], [ 85.2212436, 27.6908576 ], [ 85.2211786, 27.6909977 ], [ 85.2210589, 27.6912765 ], [ 85.2210529, 27.6913053 ], [ 85.2210502, 27.6913374 ], [ 85.2210515, 27.6914191 ] ] ] } },
{ "type": "Feature", "properties": { "id": "way/231882046", "name": "Araniko Highway", "name_en": null, "name_ne": null, "highway": "trunk", "surface": "asphalt", "smoothness": null, "width": "10", "lanes": "2", "oneway": "yes", "bridge": null, "layer": null, "source": null, "adm0_pcode": "NPL", "adm0_name": "Nepal", "adm1_pcode": "NP03", "adm1_name": "Bagmati", "adm2_pcode": "NP0326", "adm2_name": "Bhaktapur", "adm3_pcode": "NP0326301", "adm3_name": "Madhyapur Thimi", "adm4_pcode": null, "adm4_name": null, "name_latin": "Araniko Highway", "path": "C:/Users/neetu/OneDrive/Desktop/naxa file/GTFS Dashboard/data/trunk.geojson" }, "geometry": { "type": "MultiLineString", "coordinates": [ [ [ 85.3729302, 27.6740401 ], [ 85.3732923, 27.6740186 ], [ 85.3740179, 27.673976 ], [ 85.374085, 27.6739713 ], [ 85.3778819, 27.6737102 ], [ 85.3795725, 27.6736037 ], [ 85.3798829, 27.6735842 ], [ 85.381712, 27.6734737 ], [ 85.3832531, 27.6733788 ] ] ] } },
{ "type": "Feature", "properties": { "id": "way/1132407061", "name": null, "name_en": null, "name_ne": null, "highway": "trunk", "surface": null, "smoothness": null, "width": "3.5", "lanes": null, "oneway": "yes", "bridge": null, "layer": null, "source": null, "adm0_pcode": "NPL", "adm0_name": "Nepal", "adm1_pcode": "NP03", "adm1_name": "Bagmati", "adm2_pcode": "NP0326", "adm2_name": "Bhaktapur", "adm3_pcode": "NP0326301", "adm3_name": "Madhyapur Thimi", "adm4_pcode": null, "adm4_name": null, "name_latin": null, "path": "C:/Users/neetu/OneDrive/Desktop/naxa file/GTFS Dashboard/data/trunk.geojson" }, "geometry": { "type": "MultiLineString", "coordinates": [ [ [ 85.349252, 27.6787672 ], [ 85.3495325, 27.6787883 ] ] ] } },
{ "type": "Feature", "properties": { "id": "way/1290289975", "name": "Tribhuvan Rajpath", "name_en": null, "name_ne": null, "highway": "trunk", "surface": "paved", "smoothness": null, "width": null, "lanes": "2", "oneway": "yes", "bridge": null, "layer": null, "source": null, "adm0_pcode": "NPL", "adm0_name": "Nepal", "adm1_pcode": "NP03", "adm1_name": "Bagmati", "adm2_pcode": "NP0327", "adm2_name": "Kathmandu", "adm3_pcode": "NP0327308", "adm3_name": "Chandragiri", "adm4_pcode": null, "adm4_name": null, "name_latin": "Tribhuvan Rajpath", "path": "C:/Users/neetu/OneDrive/Desktop/naxa file/GTFS Dashboard/data/trunk.geojson" }, "geometry": { "type": "MultiLineString", "coordinates": [ [ [ 85.2210515, 27.6914191 ], [ 85.2211166, 27.6913632 ], [ 85.2211454, 27.6913213 ], [ 85.2211763, 27.6912747 ], [ 85.2212892, 27.6910096 ], [ 85.2214109, 27.6907889 ], [ 85.221485, 27.6906925 ], [ 85.2216412, 27.6905228 ], [ 85.2218793, 27.6903125 ], [ 85.2220558, 27.6901891 ], [ 85.222221, 27.6900677 ], [ 85.2224089, 27.6899318 ], [ 85.2224856, 27.6898834 ], [ 85.2225516, 27.6898589 ], [ 85.2226183, 27.6898458 ], [ 85.2227247, 27.6898503 ], [ 85.2229771, 27.6898905 ], [ 85.2233577, 27.6899492 ], [ 85.2238317, 27.6900286 ], [ 85.2242125, 27.6900943 ], [ 85.2244783, 27.6901403 ], [ 85.2245914, 27.6901503 ], [ 85.2247181, 27.6901526 ], [ 85.2248725, 27.6901363 ], [ 85.2249563, 27.6901187 ], [ 85.2250807, 27.6900793 ], [ 85.2252019, 27.6900245 ], [ 85.2256022, 27.6897912 ], [ 85.2258208, 27.6896689 ], [ 85.2259737, 27.6895858 ], [ 85.2262386, 27.6894635 ], [ 85.2262879, 27.6894368 ], [ 85.2263459, 27.6893993 ], [ 85.2263882, 27.6893382 ] ] ] } },
{ "type": "Feature", "properties": { "id": "way/194607856", "name": "Araniko Highway", "name_en": null, "name_ne": "अरनिको राजमार्ग", "highway": "trunk", "surface": "asphalt", "smoothness": null, "width": "9", "lanes": "2", "oneway": "yes", "bridge": null, "layer": null, "source": null, "adm0_pcode": "NPL", "adm0_name": "Nepal", "adm1_pcode": "NP03", "adm1_name": "Bagmati", "adm2_pcode": "NP0326", "adm2_name": "Bhaktapur", "adm3_pcode": "NP0326301", "adm3_name": "Madhyapur Thimi", "adm4_pcode": null, "adm4_name": null, "name_latin": "Araniko Highway", "path": "C:/Users/neetu/OneDrive/Desktop/naxa file/GTFS Dashboard/data/trunk.geojson" }, "geometry": { "type": "MultiLineString", "coordinates": [ [ [ 85.3496796, 27.6789466 ], [ 85.3496972, 27.67861 ], [ 85.3496994, 27.6784728 ] ] ] } },
{ "type": "Feature", "properties": { "id": "way/1132401300", "name": "Kathmandu Ringroad", "name_en": null, "name_ne": "काठमाडौं चक्रपथ", "highway": "trunk", "surface": "paved", "smoothness": null, "width": null, "lanes": null, "oneway": "yes", "bridge": null, "layer": null, "source": null, "adm0_pcode": "NPL", "adm0_name": "Nepal", "adm1_pcode": "NP03", "adm1_name": "Bagmati", "adm2_pcode": "NP0326", "adm2_name": "Bhaktapur", "adm3_pcode": "NP0326301", "adm3_name": "Madhyapur Thimi", "adm4_pcode": null, "adm4_name": null, "name_latin": "Kathmandu Ringroad", "path": "C:/Users/neetu/OneDrive/Desktop/naxa file/GTFS Dashboard/data/trunk.geojson" }, "geometry": { "type": "MultiLineString", "coordinates": [ [ [ 85.3495325, 27.6787883 ], [ 85.3496375, 27.6786343 ], [ 85.3496484, 27.6786081 ], [ 85.3496994, 27.6784728 ] ] ] } },
{ "type": "Feature", "properties": { "id": "way/232096887", "name": "Araniko Highway", "name_en": null, "name_ne": null, "highway": "trunk", "surface": "asphalt", "smoothness": null, "width": "10", "lanes": "4", "oneway": "yes", "bridge": null, "layer": null, "source": null, "adm0_pcode": "NPL", "adm0_name": "Nepal", "adm1_pcode": "NP03", "adm1_name": "Bagmati", "adm2_pcode": "NP0326", "adm2_name": "Bhaktapur", "adm3_pcode": "NP0326301", "adm3_name": "Madhyapur Thimi", "adm4_pcode": null, "adm4_name": null, "name_latin": "Araniko Highway", "path": "C:/Users/neetu/OneDrive/Desktop/naxa file/GTFS Dashboard/data/trunk.geojson" }, "geometry": { "type": "MultiLineString", "coordinates": [ [ [ 85.3797859, 27.6734603 ], [ 85.3795675, 27.6734764 ], [ 85.3773042, 27.6736423 ], [ 85.3756732, 27.6737538 ], [ 85.3740755, 27.6738768 ], [ 85.3740122, 27.6738817 ] ] ] } },
{ "type": "Feature", "properties": { "id": "way/111846942", "name": "बिजुलीबाजार पुल", "name_en": "Bijulibazar Bridge", "name_ne": "बिजुलिबजार पुल", "highway": "trunk", "surface": "asphalt", "smoothness": null, "width": "6", "lanes": "2", "oneway": "yes", "bridge": "yes", "layer": "2", "source": null, "adm0_pcode": "NPL", "adm0_name": "Nepal", "adm1_pcode": "NP03", "adm1_name": "Bagmati", "adm2_pcode": "NP0327", "adm2_name": "Kathmandu", "adm3_pcode": "NP0327101", "adm3_name": "Kathmandu", "adm4_pcode": null, "adm4_name": null, "name_latin": "Bijulibazar Bridge", "path": "C:/Users/neetu/OneDrive/Desktop/naxa file/GTFS Dashboard/data/trunk.geojson" }, "geometry": { "type": "MultiLineString", "coordinates": [ [ [ 85.328572, 27.6902202 ], [ 85.3280696, 27.6904626 ] ] ] } },
{ "type": "Feature", "properties": { "id": "way/185470054", "name": "Kathmandu Ringroad", "name_en": null, "name_ne": "काठमाडाैँ चक्रपथ", "highway": "trunk", "surface": "paved", "smoothness": null, "width": "7", "lanes": "2", "oneway": "yes", "bridge": "yes", "layer": "1", "source": null, "adm0_pcode": "NPL", "adm0_name": "Nepal", "adm1_pcode": "NP03", "adm1_name": "Bagmati", "adm2_pcode": "NP0327", "adm2_name": "Kathmandu", "adm3_pcode": "NP0327101", "adm3_name": "Kathmandu", "adm4_pcode": null, "adm4_name": null, "name_latin": "Kathmandu Ringroad", "path": "C:/Users/neetu/OneDrive/Desktop/naxa file/GTFS Dashboard/data/trunk.geojson" }, "geometry": { "type": "MultiLineString", "coordinates": [ [ [ 85.3001345, 27.684527 ], [ 85.2988406, 27.6846827 ] ] ] } },
{ "type": "Feature", "properties": { "id": "way/938739040", "name": null, "name_en": null, "name_ne": null, "highway": "trunk", "surface": "asphalt", "smoothness": null, "width": "6", "lanes": null, "oneway": "yes", "bridge": null, "layer": null, "source": null, "adm0_pcode": "NPL", "adm0_name": "Nepal", "adm1_pcode": "NP03", "adm1_name": "Bagmati", "adm2_pcode": "NP0327", "adm2_name": "Kathmandu", "adm3_pcode": "NP0327101", "adm3_name": "Kathmandu", "adm4_pcode": null, "adm4_name": null, "name_latin": null, "path": "C:/Users/neetu/OneDrive/Desktop/naxa file/GTFS Dashboard/data/trunk.geojson" }, "geometry": { "type": "MultiLineString", "coordinates": [ [ [ 85.3280696, 27.6904626 ], [ 85.3279291, 27.6905324 ] ] ] } },
{ "type": "Feature", "properties": { "id": "way/670112946", "name": "Kathmandu Ringroad", "name_en": null, "name_ne": "काठमाडाैँ चक्रपथ", "highway": "trunk", "surface": null, "smoothness": null, "width": "7", "lanes": "2", "oneway": "yes", "bridge": null, "layer": null, "source": null, "adm0_pcode": "NPL", "adm0_name": "Nepal", "adm1_pcode": "NP03", "adm1_name": "Bagmati", "adm2_pcode": "NP0326", "adm2_name": "Bhaktapur", "adm3_pcode": "NP0326301", "adm3_name": "Madhyapur Thimi", "adm4_pcode": null, "adm4_name": null, "name_latin": "Kathmandu Ringroad", "path": "C:/Users/neetu/OneDrive/Desktop/naxa file/GTFS Dashboard/data/trunk.geojson" }, "geometry": { "type": "MultiLineString", "coordinates": [ [ [ 85.3422351, 27.6735158 ], [ 85.3425293, 27.6738259 ] ] ] } },
{ "type": "Feature", "properties": { "id": "way/193085043", "name": "Kathmandu Ringroad", "name_en": null, "name_ne": "काठमाडाैँ चक्रपथ", "highway": "trunk", "surface": "asphalt", "smoothness": null, "width": "6", "lanes": "2", "oneway": "yes", "bridge": null, "layer": null, "source": null, "adm0_pcode": "NPL", "adm0_name": "Nepal", "adm1_pcode": "NP03", "adm1_name": "Bagmati", "adm2_pcode": "NP0325", "adm2_name": "Lalitpur", "adm3_pcode": "NP0325101", "adm3_name": "Lalitpur", "adm4_pcode": null, "adm4_name": null, "name_latin": "Kathmandu Ringroad", "path": "C:/Users/neetu/OneDrive/Desktop/naxa file/GTFS Dashboard/data/trunk.geojson" }, "geometry": { "type": "MultiLineString", "coordinates": [ [ [ 85.3022009, 27.6786174 ], [ 85.3021878, 27.6783521 ], [ 85.3021685, 27.6779813 ], [ 85.3021411, 27.6774016 ], [ 85.3021239, 27.6768222 ], [ 85.302098, 27.6762973 ], [ 85.3020733, 27.6756818 ], [ 85.3020748, 27.6754405 ], [ 85.3020832, 27.6751211 ], [ 85.3021026, 27.6749541 ], [ 85.3021366, 27.6747678 ], [ 85.3021604, 27.6746572 ], [ 85.3022062, 27.674488 ], [ 85.3022678, 27.6743242 ], [ 85.3023421, 27.6741363 ], [ 85.3024634, 27.6738968 ], [ 85.3025656, 27.6737314 ], [ 85.3026755, 27.6735642 ], [ 85.3028705, 27.673301 ], [ 85.3031087, 27.6729833 ], [ 85.303524, 27.6724527 ], [ 85.3040723, 27.6717405 ], [ 85.3049503, 27.6706402 ], [ 85.3054624, 27.669986 ], [ 85.3055911, 27.6698133 ], [ 85.3060113, 27.6692818 ], [ 85.3063021, 27.6689158 ], [ 85.3068599, 27.6682048 ], [ 85.3073012, 27.6676302 ], [ 85.3076466, 27.6671923 ], [ 85.3077516, 27.6670851 ], [ 85.3078648, 27.6669831 ], [ 85.3080111, 27.6668763 ], [ 85.3081822, 27.6667696 ], [ 85.3082681, 27.6667267 ], [ 85.3083425, 27.6666927 ], [ 85.3083475, 27.6666904 ], [ 85.3085244, 27.6666211 ], [ 85.3087656, 27.6665449 ], [ 85.3093111, 27.6663866 ], [ 85.3098437, 27.6662341 ], [ 85.3102358, 27.6661227 ], [ 85.3106025, 27.6660036 ], [ 85.3113581, 27.6657805 ], [ 85.3129733, 27.6653245 ], [ 85.3131849, 27.6652574 ], [ 85.3133828, 27.6651729 ], [ 85.3135459, 27.6650964 ], [ 85.3136914, 27.6650143 ], [ 85.3138161, 27.6649372 ], [ 85.3139716, 27.6648251 ], [ 85.3141321, 27.6647025 ], [ 85.3145713, 27.6643411 ], [ 85.3153681, 27.6637234 ], [ 85.3157566, 27.6633922 ], [ 85.3167531, 27.6626079 ], [ 85.3176565, 27.6618769 ], [ 85.3182422, 27.661408 ], [ 85.3182661, 27.6613889 ], [ 85.3186814, 27.6610728 ], [ 85.3205055, 27.659579 ], [ 85.3209314, 27.6592389 ], [ 85.321006, 27.6591793 ], [ 85.3221577, 27.6582047 ], [ 85.3222039, 27.6581685 ], [ 85.3222564, 27.6581301 ], [ 85.3223147, 27.6580909 ], [ 85.3223785, 27.6580523 ], [ 85.3224475, 27.6580156 ], [ 85.3225279, 27.6579791 ], [ 85.3225741, 27.6579629 ], [ 85.3225996, 27.6579535 ], [ 85.322682, 27.6579308 ], [ 85.3227682, 27.6579155 ], [ 85.3228578, 27.6579089 ], [ 85.322946, 27.6579099 ], [ 85.3230284, 27.6579161 ], [ 85.3231049, 27.6579267 ], [ 85.3231756, 27.6579407 ], [ 85.3232405, 27.6579575 ], [ 85.3232997, 27.6579763 ], [ 85.3233532, 27.6579962 ], [ 85.323401, 27.6580164 ], [ 85.3234432, 27.6580362 ], [ 85.3235786, 27.6581079 ], [ 85.3240159, 27.658357 ], [ 85.3245958, 27.65869 ], [ 85.3247008, 27.6587503 ], [ 85.3247934, 27.6588045 ], [ 85.3254558, 27.6591925 ], [ 85.325827, 27.6594127 ], [ 85.3258732, 27.6594416 ], [ 85.3259691, 27.659505 ], [ 85.3260701, 27.6595761 ], [ 85.3261768, 27.6596551 ], [ 85.3262894, 27.6597421 ], [ 85.3264707, 27.6598878 ], [ 85.3265349, 27.659943 ], [ 85.3266009, 27.660004 ], [ 85.3266675, 27.6600694 ], [ 85.3267339, 27.6601376 ], [ 85.326862, 27.6602763 ], [ 85.3269775, 27.660408 ], [ 85.3271097, 27.6605654 ], [ 85.3280241, 27.6616701 ], [ 85.3287667, 27.6625723 ], [ 85.329575, 27.6635576 ] ] ] } },
{ "type": "Feature", "properties": { "id": "way/231786210", "name": "Kathmandu Ringroad", "name_en": null, "name_ne": "काठमाडाैँ चक्रपथ", "highway": "trunk", "surface": "paved", "smoothness": null, "width": "7", "lanes": "2", "oneway": "yes", "bridge": null, "layer": null, "source": null, "adm0_pcode": "NPL", "adm0_name": "Nepal", "adm1_pcode": "NP03", "adm1_name": "Bagmati", "adm2_pcode": "NP0326", "adm2_name": "Bhaktapur", "adm3_pcode": "NP0326301", "adm3_name": "Madhyapur Thimi", "adm4_pcode": null, "adm4_name": null, "name_latin": "Kathmandu Ringroad", "path": "C:/Users/neetu/OneDrive/Desktop/naxa file/GTFS Dashboard/data/trunk.geojson" }, "geometry": { "type": "MultiLineString", "coordinates": [ [ [ 85.3425924, 27.6737776 ], [ 85.3424478, 27.6736317 ] ] ] } },
{ "type": "Feature", "properties": { "id": "way/216297386", "name": "Kathmandu Ringroad", "name_en": null, "name_ne": "काठमाडाैँ चक्रपथ", "highway": "trunk", "surface": "asphalt", "smoothness": null, "width": "6", "lanes": "2", "oneway": "yes", "bridge": null, "layer": null, "source": null, "adm0_pcode": "NPL", "adm0_name": "Nepal", "adm1_pcode": "NP03", "adm1_name": "Bagmati", "adm2_pcode": "NP0325", "adm2_name": "Lalitpur", "adm3_pcode": "NP0325101", "adm3_name": "Lalitpur", "adm4_pcode": null, "adm4_name": null, "name_latin": "Kathmandu Ringroad", "path": "C:/Users/neetu/OneDrive/Desktop/naxa file/GTFS Dashboard/data/trunk.geojson" }, "geometry": { "type": "MultiLineString", "coordinates": [ [ [ 85.3224925, 27.657898 ], [ 85.3223896, 27.6579503 ], [ 85.3222618, 27.6580262 ], [ 85.3221314, 27.6581281 ], [ 85.3209881, 27.6590959 ] ] ] } },
{ "type": "Feature", "properties": { "id": "way/777629766", "name": "Kathmandu Ringroad", "name_en": null, "name_ne": "काठमाडाैँ चक्रपथ", "highway": "trunk", "surface": null, "smoothness": null, "width": "7", "lanes": "2", "oneway": "yes", "bridge": "yes", "layer": "1", "source": null, "adm0_pcode": "NPL", "adm0_name": "Nepal", "adm1_pcode": "NP03", "adm1_name": "Bagmati", "adm2_pcode": "NP0327", "adm2_name": "Kathmandu", "adm3_pcode": "NP0327101", "adm3_name": "Kathmandu", "adm4_pcode": null, "adm4_name": null, "name_latin": "Kathmandu Ringroad", "path": "C:/Users/neetu/OneDrive/Desktop/naxa file/GTFS Dashboard/data/trunk.geojson" }, "geometry": { "type": "MultiLineString", "coordinates": [ [ [ 85.2975131, 27.6849067 ], [ 85.2980455, 27.6848387 ] ] ] } },
{ "type": "Feature", "properties": { "id": "way/195858822", "name": "Kathmandu Ringroad", "name_en": null, "name_ne": "काठमाडाैँ चक्रपथ", "highway": "trunk", "surface": "paved", "smoothness": null, "width": "7", "lanes": "2", "oneway": "yes", "bridge": "yes", "layer": "1", "source": null, "adm0_pcode": "NPL", "adm0_name": "Nepal", "adm1_pcode": "NP03", "adm1_name": "Bagmati", "adm2_pcode": "NP0327", "adm2_name": "Kathmandu", "adm3_pcode": "NP0327101", "adm3_name": "Kathmandu", "adm4_pcode": null, "adm4_name": null, "name_latin": "Kathmandu Ringroad", "path": "C:/Users/neetu/OneDrive/Desktop/naxa file/GTFS Dashboard/data/trunk.geojson" }, "geometry": { "type": "MultiLineString", "coordinates": [ [ [ 85.2980356, 27.6847728 ], [ 85.2975033, 27.6848377 ] ] ] } },
{ "type": "Feature", "properties": { "id": "way/231414551", "name": "Kathmandu Ringroad", "name_en": null, "name_ne": "काठमाडाैँ चक्रपथ", "highway": "trunk", "surface": "paved", "smoothness": null, "width": "14", "lanes": "4", "oneway": "no", "bridge": null, "layer": null, "source": null, "adm0_pcode": "NPL", "adm0_name": "Nepal", "adm1_pcode": "NP03", "adm1_name": "Bagmati", "adm2_pcode": "NP0327", "adm2_name": "Kathmandu", "adm3_pcode": "NP0327303", "adm3_name": "Budhanilkhantha", "adm4_pcode": null, "adm4_name": null, "name_latin": "Kathmandu Ringroad", "path": "C:/Users/neetu/OneDrive/Desktop/naxa file/GTFS Dashboard/data/trunk.geojson" }, "geometry": { "type": "MultiLineString", "coordinates": [ [ [ 85.3460736, 27.7206229 ], [ 85.3459236, 27.7210319 ] ] ] } },
{ "type": "Feature", "properties": { "id": "way/231194710", "name": "Kathmandu Ringroad", "name_en": null, "name_ne": "काठमाडाैँ चक्रपथ", "highway": "trunk", "surface": "asphalt", "smoothness": null, "width": "14", "lanes": "4", "oneway": null, "bridge": null, "layer": null, "source": null, "adm0_pcode": "NPL", "adm0_name": "Nepal", "adm1_pcode": "NP03", "adm1_name": "Bagmati", "adm2_pcode": "NP0327", "adm2_name": "Kathmandu", "adm3_pcode": "NP0327101", "adm3_name": "Kathmandu", "adm4_pcode": null, "adm4_name": null, "name_latin": "Kathmandu Ringroad", "path": "C:/Users/neetu/OneDrive/Desktop/naxa file/GTFS Dashboard/data/trunk.geojson" }, "geometry": { "type": "MultiLineString", "coordinates": [ [ [ 85.3423145, 27.7349381 ], [ 85.342239, 27.7350644 ], [ 85.3418001, 27.7357372 ], [ 85.3415569, 27.7361223 ], [ 85.3413313, 27.7364713 ], [ 85.3411639, 27.7367344 ], [ 85.340789, 27.7373205 ], [ 85.3406266, 27.7375624 ], [ 85.3404714, 27.7377758 ], [ 85.3403882, 27.7378773 ], [ 85.3403526, 27.737919 ], [ 85.3402336, 27.7380579 ], [ 85.3400901, 27.7382047 ], [ 85.3398037, 27.7384744 ], [ 85.3396209, 27.7386236 ], [ 85.3394394, 27.7387536 ], [ 85.3392313, 27.7388918 ], [ 85.3390313, 27.7389949 ], [ 85.3385596, 27.7392616 ], [ 85.3384205, 27.7393409 ] ] ] } },
{ "type": "Feature", "properties": { "id": "way/27033733", "name": "Araniko Highway", "name_en": null, "name_ne": null, "highway": "trunk", "surface": "asphalt", "smoothness": null, "width": "10", "lanes": "2", "oneway": "yes", "bridge": null, "layer": null, "source": null, "adm0_pcode": "NPL", "adm0_name": "Nepal", "adm1_pcode": "NP03", "adm1_name": "Bagmati", "adm2_pcode": "NP0326", "adm2_name": "Bhaktapur", "adm3_pcode": "NP0326304", "adm3_name": "Suryabinayak", "adm4_pcode": null, "adm4_name": null, "name_latin": "Araniko Highway", "path": "C:/Users/neetu/OneDrive/Desktop/naxa file/GTFS Dashboard/data/trunk.geojson" }, "geometry": { "type": "MultiLineString", "coordinates": [ [ [ 85.3996111, 27.6741675 ], [ 85.3989915, 27.6743193 ], [ 85.3985192, 27.6744126 ], [ 85.3980185, 27.6744913 ], [ 85.3976761, 27.6745238 ], [ 85.3975961, 27.6745311 ], [ 85.3974825, 27.6745415 ] ] ] } },
{ "type": "Feature", "properties": { "id": "way/195858821", "name": "Kathmandu Ringroad", "name_en": null, "name_ne": "काठमाडाैँ चक्रपथ", "highway": "trunk", "surface": "paved", "smoothness": null, "width": null, "lanes": "2", "oneway": "yes", "bridge": null, "layer": null, "source": null, "adm0_pcode": "NPL", "adm0_name": "Nepal", "adm1_pcode": "NP03", "adm1_name": "Bagmati", "adm2_pcode": "NP0327", "adm2_name": "Kathmandu", "adm3_pcode": "NP0327101", "adm3_name": "Kathmandu", "adm4_pcode": null, "adm4_name": null, "name_latin": "Kathmandu Ringroad", "path": "C:/Users/neetu/OneDrive/Desktop/naxa file/GTFS Dashboard/data/trunk.geojson" }, "geometry": { "type": "MultiLineString", "coordinates": [ [ [ 85.2975033, 27.6848377 ], [ 85.2974932, 27.6848386 ], [ 85.2972927, 27.6848568 ] ] ] } },
{ "type": "Feature", "properties": { "id": "way/1080550749", "name": "Kathmandu Ringroad", "name_en": null, "name_ne": "काठमाडाैँ चक्रपथ", "highway": "trunk", "surface": "paved", "smoothness": null, "width": "14", "lanes": "4", "oneway": "no", "bridge": null, "layer": null, "source": null, "adm0_pcode": "NPL", "adm0_name": "Nepal", "adm1_pcode": "NP03", "adm1_name": "Bagmati", "adm2_pcode": "NP0327", "adm2_name": "Kathmandu", "adm3_pcode": "NP0327303", "adm3_name": "Budhanilkhantha", "adm4_pcode": null, "adm4_name": null, "name_latin": "Kathmandu Ringroad", "path": "C:/Users/neetu/OneDrive/Desktop/naxa file/GTFS Dashboard/data/trunk.geojson" }, "geometry": { "type": "MultiLineString", "coordinates": [ [ [ 85.3468696, 27.7185132 ], [ 85.34679, 27.7187998 ], [ 85.3465198, 27.7194544 ], [ 85.3463496, 27.7198934 ], [ 85.3462686, 27.7200875 ], [ 85.3460906, 27.7205794 ], [ 85.3460736, 27.7206229 ] ] ] } },
{ "type": "Feature", "properties": { "id": "way/572288875", "name": "Tribhuvan Rajpath", "name_en": null, "name_ne": null, "highway": "trunk", "surface": "asphalt", "smoothness": null, "width": null, "lanes": "2", "oneway": null, "bridge": null, "layer": null, "source": null, "adm0_pcode": "NPL", "adm0_name": "Nepal", "adm1_pcode": "NP03", "adm1_name": "Bagmati", "adm2_pcode": "NP0327", "adm2_name": "Kathmandu", "adm3_pcode": "NP0327308", "adm3_name": "Chandragiri", "adm4_pcode": null, "adm4_name": null, "name_latin": "Tribhuvan Rajpath", "path": "C:/Users/neetu/OneDrive/Desktop/naxa file/GTFS Dashboard/data/trunk.geojson" }, "geometry": { "type": "MultiLineString", "coordinates": [ ] } },
{ "type": "Feature", "properties": { "id": "way/1469438871", "name": "थापाथली रोड", "name_en": "Thapathali Road", "name_ne": "थापाथली रोड", "highway": "trunk", "surface": null, "smoothness": null, "width": null, "lanes": "2", "oneway": "yes", "bridge": null, "layer": null, "source": null, "adm0_pcode": "NPL", "adm0_name": "Nepal", "adm1_pcode": "NP03", "adm1_name": "Bagmati", "adm2_pcode": "NP0327", "adm2_name": "Kathmandu", "adm3_pcode": "NP0327101", "adm3_name": "Kathmandu", "adm4_pcode": null, "adm4_name": null, "name_latin": "Thapathali Road", "path": "C:/Users/neetu/OneDrive/Desktop/naxa file/GTFS Dashboard/data/trunk.geojson" }, "geometry": { "type": "MultiLineString", "coordinates": [ [ [ 85.3177217, 27.6910201 ], [ 85.3176852, 27.690813 ], [ 85.3176821, 27.6907832 ] ] ] } },
{ "type": "Feature", "properties": { "id": "way/1467515171", "name": "थापाथली रोड", "name_en": "Thapathali Road", "name_ne": "थापाथली रोड", "highway": "trunk", "surface": null, "smoothness": null, "width": null, "lanes": "2", "oneway": "yes", "bridge": null, "layer": null, "source": null, "adm0_pcode": "NPL", "adm0_name": "Nepal", "adm1_pcode": "NP03", "adm1_name": "Bagmati", "adm2_pcode": "NP0327", "adm2_name": "Kathmandu", "adm3_pcode": "NP0327101", "adm3_name": "Kathmandu", "adm4_pcode": null, "adm4_name": null, "name_latin": "Thapathali Road", "path": "C:/Users/neetu/OneDrive/Desktop/naxa file/GTFS Dashboard/data/trunk.geojson" }, "geometry": { "type": "MultiLineString", "coordinates": [ [ [ 85.3176821, 27.6907832 ], [ 85.3176696, 27.6907043 ], [ 85.3176625, 27.6906393 ] ] ] } },
{ "type": "Feature", "properties": { "id": "way/257752686", "name": "Kathmandu Ringroad", "name_en": null, "name_ne": "काठमाडाैँ चक्रपथ", "highway": "trunk", "surface": "paved", "smoothness": null, "width": "14", "lanes": "4", "oneway": "no", "bridge": null, "layer": null, "source": null, "adm0_pcode": "NPL", "adm0_name": "Nepal", "adm1_pcode": "NP03", "adm1_name": "Bagmati", "adm2_pcode": "NP0327", "adm2_name": "Kathmandu", "adm3_pcode": "NP0327101", "adm3_name": "Kathmandu", "adm4_pcode": null, "adm4_name": null, "name_latin": "Kathmandu Ringroad", "path": "C:/Users/neetu/OneDrive/Desktop/naxa file/GTFS Dashboard/data/trunk.geojson" }, "geometry": { "type": "MultiLineString", "coordinates": [ [ [ 85.3525008, 27.6906714 ], [ 85.3521872, 27.6901621 ], [ 85.3517832, 27.6894725 ], [ 85.3513712, 27.6887334 ] ] ] } },
{ "type": "Feature", "properties": { "id": "way/1499708786", "name": null, "name_en": null, "name_ne": null, "highway": "trunk", "surface": null, "smoothness": null, "width": null, "lanes": null, "oneway": null, "bridge": "yes", "layer": "1", "source": null, "adm0_pcode": "NPL", "adm0_name": "Nepal", "adm1_pcode": "NP03", "adm1_name": "Bagmati", "adm2_pcode": "NP0327", "adm2_name": "Kathmandu", "adm3_pcode": "NP0327308", "adm3_name": "Chandragiri", "adm4_pcode": null, "adm4_name": null, "name_latin": null, "path": "C:/Users/neetu/OneDrive/Desktop/naxa file/GTFS Dashboard/data/trunk.geojson" }, "geometry": null },
{ "type": "Feature", "properties": { "id": "way/1467515170", "name": "थापाथली रोड", "name_en": "Thapathali Road", "name_ne": "थापाथली रोड", "highway": "trunk", "surface": null, "smoothness": null, "width": null, "lanes": "2", "oneway": "yes", "bridge": null, "layer": null, "source": null, "adm0_pcode": "NPL", "adm0_name": "Nepal", "adm1_pcode": "NP03", "adm1_name": "Bagmati", "adm2_pcode": "NP0327", "adm2_name": "Kathmandu", "adm3_pcode": "NP0327101", "adm3_name": "Kathmandu", "adm4_pcode": null, "adm4_name": null, "name_latin": "Thapathali Road", "path": "C:/Users/neetu/OneDrive/Desktop/naxa file/GTFS Dashboard/data/trunk.geojson" }, "geometry": { "type": "MultiLineString", "coordinates": [ [ [ 85.3175833, 27.6906458 ], [ 85.3175884, 27.6907033 ], [ 85.3175941, 27.6907823 ], [ 85.3175997, 27.6908274 ] ] ] } },
{ "type": "Feature", "properties": { "id": "way/183827055", "name": "Kathmandu Ringroad", "name_en": null, "name_ne": "काठमाडाैँ चक्रपथ", "highway": "trunk", "surface": "paved", "smoothness": null, "width": "7", "lanes": "2", "oneway": "yes", "bridge": "yes", "layer": "1", "source": null, "adm0_pcode": "NPL", "adm0_name": "Nepal", "adm1_pcode": "NP03", "adm1_name": "Bagmati", "adm2_pcode": "NP0325", "adm2_name": "Lalitpur", "adm3_pcode": "NP0325101", "adm3_name": "Lalitpur", "adm4_pcode": null, "adm4_name": null, "name_latin": "Kathmandu Ringroad", "path": "C:/Users/neetu/OneDrive/Desktop/naxa file/GTFS Dashboard/data/trunk.geojson" }, "geometry": { "type": "MultiLineString", "coordinates": [ [ [ 85.337687, 27.669951 ], [ 85.3351797, 27.6686124 ], [ 85.3344757, 27.6682368 ], [ 85.333935, 27.6679502 ], [ 85.3333557, 27.6676298 ], [ 85.3330681, 27.6674519 ], [ 85.3328607, 27.6673012 ], [ 85.3326798, 27.6671487 ], [ 85.3325101, 27.6669757 ], [ 85.3323597, 27.6668242 ], [ 85.3322536, 27.6666918 ], [ 85.3322078, 27.6666348 ] ] ] } },
{ "type": "Feature", "properties": { "id": "way/1467515168", "name": "त्रिपुरेश्वर मार्ग", "name_en": "Tripureshwar Marg", "name_ne": "त्रिपुरेश्वर मार्ग", "highway": "trunk", "surface": null, "smoothness": null, "width": null, "lanes": null, "oneway": "yes", "bridge": null, "layer": null, "source": null, "adm0_pcode": "NPL", "adm0_name": "Nepal", "adm1_pcode": "NP03", "adm1_name": "Bagmati", "adm2_pcode": "NP0327", "adm2_name": "Kathmandu", "adm3_pcode": "NP0327101", "adm3_name": "Kathmandu", "adm4_pcode": null, "adm4_name": null, "name_latin": "Tripureshwar Marg", "path": "C:/Users/neetu/OneDrive/Desktop/naxa file/GTFS Dashboard/data/trunk.geojson" }, "geometry": { "type": "MultiLineString", "coordinates": [ [ [ 85.317389, 27.6907228 ], [ 85.317505, 27.6907087 ], [ 85.3175369, 27.6907055 ], [ 85.3175884, 27.6907033 ], [ 85.3176696, 27.6907043 ] ] ] } },
{ "type": "Feature", "properties": { "id": "way/1074705227", "name": "त्रिपुरेश्वर मार्ग", "name_en": "Tripureshwar Marg", "name_ne": "त्रिपुरेश्वर मार्ग", "highway": "trunk", "surface": "asphalt", "smoothness": null, "width": "6", "lanes": null, "oneway": "yes", "bridge": null, "layer": null, "source": null, "adm0_pcode": "NPL", "adm0_name": "Nepal", "adm1_pcode": "NP03", "adm1_name": "Bagmati", "adm2_pcode": "NP0327", "adm2_name": "Kathmandu", "adm3_pcode": "NP0327101", "adm3_name": "Kathmandu", "adm4_pcode": null, "adm4_name": null, "name_latin": "Tripureshwar Marg", "path": "C:/Users/neetu/OneDrive/Desktop/naxa file/GTFS Dashboard/data/trunk.geojson" }, "geometry": { "type": "MultiLineString", "coordinates": [ [ [ 85.3176625, 27.6906393 ], [ 85.3175833, 27.6906458 ], [ 85.3174959, 27.6906573 ], [ 85.3172625, 27.6906878 ], [ 85.3171194, 27.6907315 ] ] ] } },
{ "type": "Feature", "properties": { "id": "way/345052247", "name": "Kathmandu Ringroad", "name_en": null, "name_ne": "काठमाडाैँ चक्रपथ", "highway": "trunk", "surface": "paved", "smoothness": null, "width": "7", "lanes": "2", "oneway": "yes", "bridge": "yes", "layer": "1", "source": null, "adm0_pcode": "NPL", "adm0_name": "Nepal", "adm1_pcode": "NP03", "adm1_name": "Bagmati", "adm2_pcode": "NP0326", "adm2_name": "Bhaktapur", "adm3_pcode": "NP0326301", "adm3_name": "Madhyapur Thimi", "adm4_pcode": null, "adm4_name": null, "name_latin": "Kathmandu Ringroad", "path": "C:/Users/neetu/OneDrive/Desktop/naxa file/GTFS Dashboard/data/trunk.geojson" }, "geometry": { "type": "MultiLineString", "coordinates": [ [ [ 85.3422921, 27.6734799 ], [ 85.3414907, 27.6726465 ] ] ] } },
{ "type": "Feature", "properties": { "id": "way/1196383633", "name": "Kathmandu Ringroad", "name_en": null, "name_ne": "काठमाडाैँ चक्रपथ", "highway": "trunk", "surface": "paved", "smoothness": null, "width": "4", "lanes": "2", "oneway": "yes", "bridge": null, "layer": null, "source": null, "adm0_pcode": "NPL", "adm0_name": "Nepal", "adm1_pcode": "NP03", "adm1_name": "Bagmati", "adm2_pcode": "NP0327", "adm2_name": "Kathmandu", "adm3_pcode": "NP0327305", "adm3_name": "Nagarjun", "adm4_pcode": null, "adm4_name": null, "name_latin": "Kathmandu Ringroad", "path": "C:/Users/neetu/OneDrive/Desktop/naxa file/GTFS Dashboard/data/trunk.geojson" }, "geometry": { "type": "MultiLineString", "coordinates": [ [ [ 85.2815134, 27.6989596 ], [ 85.2815276, 27.6987239 ], [ 85.2815055, 27.6984627 ], [ 85.2814759, 27.6980213 ] ] ] } },
{ "type": "Feature", "properties": { "id": "way/229195913", "name": "Kathmandu Ringroad", "name_en": null, "name_ne": "काठमाडाैँ चक्रपथ", "highway": "trunk", "surface": "paved", "smoothness": null, "width": "14", "lanes": "4", "oneway": "no", "bridge": null, "layer": null, "source": null, "adm0_pcode": "NPL", "adm0_name": "Nepal", "adm1_pcode": "NP03", "adm1_name": "Bagmati", "adm2_pcode": "NP0327", "adm2_name": "Kathmandu", "adm3_pcode": "NP0327303", "adm3_name": "Budhanilkhantha", "adm4_pcode": null, "adm4_name": null, "name_latin": "Kathmandu Ringroad", "path": "C:/Users/neetu/OneDrive/Desktop/naxa file/GTFS Dashboard/data/trunk.geojson" }, "geometry": { "type": "MultiLineString", "coordinates": [ [ [ 85.3459236, 27.7210319 ], [ 85.3456208, 27.721818 ] ] ] } },
{ "type": "Feature", "properties": { "id": "way/173044649", "name": null, "name_en": null, "name_ne": null, "highway": "trunk_link", "surface": "asphalt", "smoothness": null, "width": "4", "lanes": null, "oneway": "yes", "bridge": null, "layer": null, "source": null, "adm0_pcode": "NPL", "adm0_name": "Nepal", "adm1_pcode": "NP03", "adm1_name": "Bagmati", "adm2_pcode": "NP0327", "adm2_name": "Kathmandu", "adm3_pcode": "NP0327101", "adm3_name": "Kathmandu", "adm4_pcode": null, "adm4_name": null, "name_latin": null, "path": "C:/Users/neetu/OneDrive/Desktop/naxa file/GTFS Dashboard/data/trunk.geojson" }, "geometry": { "type": "MultiLineString", "coordinates": [ [ [ 85.3171418, 27.6907836 ], [ 85.3172106, 27.690771 ], [ 85.3172536, 27.6907688 ], [ 85.3173007, 27.6907688 ], [ 85.3173693, 27.6907765 ], [ 85.3174482, 27.6908074 ], [ 85.3174806, 27.6908325 ], [ 85.3175324, 27.6908726 ] ] ] } },
{ "type": "Feature", "properties": { "id": "way/1074705226", "name": "त्रिपुरेश्वर मार्ग", "name_en": "Tripureshwar Marg", "name_ne": "त्रिपुरेश्वर मार्ग", "highway": "trunk", "surface": "asphalt", "smoothness": null, "width": "6", "lanes": null, "oneway": "yes", "bridge": null, "layer": null, "source": null, "adm0_pcode": "NPL", "adm0_name": "Nepal", "adm1_pcode": "NP03", "adm1_name": "Bagmati", "adm2_pcode": "NP0327", "adm2_name": "Kathmandu", "adm3_pcode": "NP0327101", "adm3_name": "Kathmandu", "adm4_pcode": null, "adm4_name": null, "name_latin": "Tripureshwar Marg", "path": "C:/Users/neetu/OneDrive/Desktop/naxa file/GTFS Dashboard/data/trunk.geojson" }, "geometry": { "type": "MultiLineString", "coordinates": [ [ [ 85.3171418, 27.6907836 ], [ 85.3172109, 27.6907531 ], [ 85.3172431, 27.6907431 ], [ 85.3172892, 27.690732 ], [ 85.317389, 27.6907228 ] ] ] } },
{ "type": "Feature", "properties": { "id": "way/670112945", "name": "Kathmandu Ringroad", "name_en": null, "name_ne": "काठमाडाैँ चक्रपथ", "highway": "trunk", "surface": "asphalt", "smoothness": null, "width": "7", "lanes": "2", "oneway": "yes", "bridge": "yes", "layer": "1", "source": null, "adm0_pcode": "NPL", "adm0_name": "Nepal", "adm1_pcode": "NP03", "adm1_name": "Bagmati", "adm2_pcode": "NP0326", "adm2_name": "Bhaktapur", "adm3_pcode": "NP0326301", "adm3_name": "Madhyapur Thimi", "adm4_pcode": null, "adm4_name": null, "name_latin": "Kathmandu Ringroad", "path": "C:/Users/neetu/OneDrive/Desktop/naxa file/GTFS Dashboard/data/trunk.geojson" }, "geometry": { "type": "MultiLineString", "coordinates": [ [ [ 85.3414335, 27.6726959 ], [ 85.3422351, 27.6735158 ] ] ] } },
{ "type": "Feature", "properties": { "id": "way/118505084", "name": null, "name_en": null, "name_ne": null, "highway": "trunk_link", "surface": "asphalt", "smoothness": null, "width": "6", "lanes": null, "oneway": "yes", "bridge": null, "layer": null, "source": null, "adm0_pcode": "NPL", "adm0_name": "Nepal", "adm1_pcode": "NP03", "adm1_name": "Bagmati", "adm2_pcode": "NP0327", "adm2_name": "Kathmandu", "adm3_pcode": "NP0327101", "adm3_name": "Kathmandu", "adm4_pcode": null, "adm4_name": null, "name_latin": null, "path": "C:/Users/neetu/OneDrive/Desktop/naxa file/GTFS Dashboard/data/trunk.geojson" }, "geometry": { "type": "MultiLineString", "coordinates": [ [ [ 85.3173596, 27.690153 ], [ 85.317371, 27.6901682 ], [ 85.3174003, 27.6902178 ], [ 85.3174159, 27.6902501 ], [ 85.3174326, 27.6902859 ], [ 85.3174502, 27.690323 ], [ 85.3174634, 27.6903572 ], [ 85.3174781, 27.6903978 ], [ 85.3174773, 27.6904423 ], [ 85.3174673, 27.6904778 ], [ 85.3174505, 27.6905158 ], [ 85.3174242, 27.6905574 ], [ 85.3173989, 27.6905873 ], [ 85.3173763, 27.6906023 ], [ 85.3173484, 27.6906197 ], [ 85.3172916, 27.6906477 ], [ 85.3171889, 27.6906906 ], [ 85.3171194, 27.6907315 ] ] ] } },
{ "type": "Feature", "properties": { "id": "way/183827054", "name": "Kathmandu Ringroad", "name_en": null, "name_ne": "काठमाडाैँ चक्रपथ", "highway": "trunk", "surface": "paved", "smoothness": null, "width": "7", "lanes": "2", "oneway": "yes", "bridge": null, "layer": null, "source": null, "adm0_pcode": "NPL", "adm0_name": "Nepal", "adm1_pcode": "NP03", "adm1_name": "Bagmati", "adm2_pcode": "NP0326", "adm2_name": "Bhaktapur", "adm3_pcode": "NP0326301", "adm3_name": "Madhyapur Thimi", "adm4_pcode": null, "adm4_name": null, "name_latin": "Kathmandu Ringroad", "path": "C:/Users/neetu/OneDrive/Desktop/naxa file/GTFS Dashboard/data/trunk.geojson" }, "geometry": { "type": "MultiLineString", "coordinates": [ [ [ 85.3424478, 27.6736317 ], [ 85.3422921, 27.6734799 ] ] ] } },
{ "type": "Feature", "properties": { "id": "way/257756417", "name": "Kathmandu Ringroad", "name_en": null, "name_ne": "काठमाडाैँ चक्रपथ", "highway": "trunk", "surface": "paved", "smoothness": null, "width": null, "lanes": "4", "oneway": "no", "bridge": null, "layer": null, "source": null, "adm0_pcode": "NPL", "adm0_name": "Nepal", "adm1_pcode": "NP03", "adm1_name": "Bagmati", "adm2_pcode": "NP0327", "adm2_name": "Kathmandu", "adm3_pcode": "NP0327101", "adm3_name": "Kathmandu", "adm4_pcode": null, "adm4_name": null, "name_latin": "Kathmandu Ringroad", "path": "C:/Users/neetu/OneDrive/Desktop/naxa file/GTFS Dashboard/data/trunk.geojson" }, "geometry": { "type": "MultiLineString", "coordinates": [ [ [ 85.3508461, 27.6878188 ], [ 85.3507234, 27.6876231 ], [ 85.3505954, 27.6874192 ], [ 85.3505222, 27.6873064 ] ] ] } },
{ "type": "Feature", "properties": { "id": "way/257752685", "name": "Kathmandu Ringroad", "name_en": null, "name_ne": "काठमाडाैँ चक्रपथ", "highway": "trunk", "surface": "paved", "smoothness": null, "width": "14", "lanes": "4", "oneway": "no", "bridge": null, "layer": null, "source": null, "adm0_pcode": "NPL", "adm0_name": "Nepal", "adm1_pcode": "NP03", "adm1_name": "Bagmati", "adm2_pcode": "NP0327", "adm2_name": "Kathmandu", "adm3_pcode": "NP0327101", "adm3_name": "Kathmandu", "adm4_pcode": null, "adm4_name": null, "name_latin": "Kathmandu Ringroad", "path": "C:/Users/neetu/OneDrive/Desktop/naxa file/GTFS Dashboard/data/trunk.geojson" }, "geometry": { "type": "MultiLineString", "coordinates": [ [ [ 85.3513712, 27.6887334 ], [ 85.3508461, 27.6878188 ] ] ] } },
{ "type": "Feature", "properties": { "id": "way/1290289976", "name": "Tribhuvan Rajpath", "name_en": null, "name_ne": null, "highway": "trunk", "surface": "paved", "smoothness": null, "width": null, "lanes": "2", "oneway": "no", "bridge": null, "layer": null, "source": null, "adm0_pcode": "NPL", "adm0_name": "Nepal", "adm1_pcode": "NP03", "adm1_name": "Bagmati", "adm2_pcode": "NP0327", "adm2_name": "Kathmandu", "adm3_pcode": "NP0327308", "adm3_name": "Chandragiri", "adm4_pcode": null, "adm4_name": null, "name_latin": "Tribhuvan Rajpath", "path": "C:/Users/neetu/OneDrive/Desktop/naxa file/GTFS Dashboard/data/trunk.geojson" }, "geometry": { "type": "MultiLineString", "coordinates": [ [ [ 85.2263882, 27.6893382 ], [ 85.2270359, 27.689036 ], [ 85.2271833, 27.6889931 ] ] ] } },
{ "type": "Feature", "properties": { "id": "way/1330813756", "name": "Tribhuvan Rajpath", "name_en": null, "name_ne": null, "highway": "trunk", "surface": "paved", "smoothness": null, "width": null, "lanes": "2", "oneway": "no", "bridge": null, "layer": null, "source": null, "adm0_pcode": "NPL", "adm0_name": "Nepal", "adm1_pcode": "NP03", "adm1_name": "Bagmati", "adm2_pcode": "NP0327", "adm2_name": "Kathmandu", "adm3_pcode": "NP0327308", "adm3_name": "Chandragiri", "adm4_pcode": null, "adm4_name": null, "name_latin": "Tribhuvan Rajpath", "path": "C:/Users/neetu/OneDrive/Desktop/naxa file/GTFS Dashboard/data/trunk.geojson" }, "geometry": { "type": "MultiLineString", "coordinates": [ [ [ 85.2271833, 27.6889931 ], [ 85.2276415, 27.6890395 ], [ 85.2277306, 27.6890443 ], [ 85.2279143, 27.6890541 ], [ 85.2283633, 27.6890358 ], [ 85.2286619, 27.6890079 ], [ 85.228795, 27.6889942 ], [ 85.2289335, 27.6889807 ], [ 85.2289896, 27.6889742 ], [ 85.2299342, 27.6888679 ], [ 85.2301083, 27.6888566 ] ] ] } },
{ "type": "Feature", "properties": { "id": "way/185939504", "name": "त्रिपुरेश्वर मार्ग", "name_en": "Tripureshwar Marg", "name_ne": "त्रिपुरेश्वर मार्ग", "highway": "trunk", "surface": "asphalt", "smoothness": "good", "width": "16", "lanes": "4", "oneway": "no", "bridge": null, "layer": null, "source": null, "adm0_pcode": "NPL", "adm0_name": "Nepal", "adm1_pcode": "NP03", "adm1_name": "Bagmati", "adm2_pcode": "NP0327", "adm2_name": "Kathmandu", "adm3_pcode": "NP0327101", "adm3_name": "Kathmandu", "adm4_pcode": null, "adm4_name": null, "name_latin": "Tripureshwar Marg", "path": "C:/Users/neetu/OneDrive/Desktop/naxa file/GTFS Dashboard/data/trunk.geojson" }, "geometry": { "type": "MultiLineString", "coordinates": [ [ [ 85.3082264, 27.6958229 ], [ 85.3090125, 27.695478 ], [ 85.3095447, 27.6952501 ], [ 85.3099937, 27.6950366 ], [ 85.3107545, 27.6947685 ], [ 85.3109393, 27.6946716 ], [ 85.3114084, 27.6945039 ], [ 85.3118356, 27.6943596 ], [ 85.3118744, 27.6943465 ], [ 85.3122365, 27.6942045 ] ] ] } },
{ "type": "Feature", "properties": { "id": "way/172485293", "name": "Kathmandu Ringroad", "name_en": null, "name_ne": "काठमाडाैँ चक्रपथ", "highway": "trunk", "surface": "paved", "smoothness": null, "width": "12", "lanes": "2", "oneway": "yes", "bridge": null, "layer": null, "source": null, "adm0_pcode": "NPL", "adm0_name": "Nepal", "adm1_pcode": "NP03", "adm1_name": "Bagmati", "adm2_pcode": "NP0327", "adm2_name": "Kathmandu", "adm3_pcode": "NP0327305", "adm3_name": "Nagarjun", "adm4_pcode": null, "adm4_name": null, "name_latin": "Kathmandu Ringroad", "path": "C:/Users/neetu/OneDrive/Desktop/naxa file/GTFS Dashboard/data/trunk.geojson" }, "geometry": { "type": "MultiLineString", "coordinates": [ [ [ 85.2814201, 27.6969243 ], [ 85.2814029, 27.6971916 ], [ 85.2813895, 27.6976285 ], [ 85.2813922, 27.6980133 ], [ 85.2813963, 27.69846 ], [ 85.281421, 27.6987234 ], [ 85.2815134, 27.6989596 ] ] ] } },
{ "type": "Feature", "properties": { "id": "way/24691223", "name": "गणेशमान सिंह पथ", "name_en": "Ganeshman Singh Path", "name_ne": "गणेशमान सिंह पथ", "highway": "trunk", "surface": "paved", "smoothness": null, "width": "9", "lanes": "4", "oneway": "no", "bridge": "yes", "layer": "1", "source": null, "adm0_pcode": "NPL", "adm0_name": "Nepal", "adm1_pcode": "NP03", "adm1_name": "Bagmati", "adm2_pcode": "NP0327", "adm2_name": "Kathmandu", "adm3_pcode": "NP0327101", "adm3_name": "Kathmandu", "adm4_pcode": null, "adm4_name": null, "name_latin": "Ganeshman Singh Path", "path": "C:/Users/neetu/OneDrive/Desktop/naxa file/GTFS Dashboard/data/trunk.geojson" }, "geometry": { "type": "MultiLineString", "coordinates": [ [ [ 85.3018395, 27.6981815 ], [ 85.3025518, 27.6980192 ] ] ] } },
{ "type": "Feature", "properties": { "id": "way/1091877770", "name": "Kathmandu Ringroad", "name_en": null, "name_ne": "काठमाडाैँ चक्रपथ", "highway": "trunk", "surface": "paved", "smoothness": null, "width": "16", "lanes": "4", "oneway": null, "bridge": null, "layer": null, "source": null, "adm0_pcode": "NPL", "adm0_name": "Nepal", "adm1_pcode": "NP03", "adm1_name": "Bagmati", "adm2_pcode": "NP0327", "adm2_name": "Kathmandu", "adm3_pcode": "NP0327305", "adm3_name": "Nagarjun", "adm4_pcode": null, "adm4_name": null, "name_latin": "Kathmandu Ringroad", "path": "C:/Users/neetu/OneDrive/Desktop/naxa file/GTFS Dashboard/data/trunk.geojson" }, "geometry": { "type": "MultiLineString", "coordinates": [ [ [ 85.2815134, 27.6989596 ], [ 85.2815591, 27.6992547 ], [ 85.2815792, 27.6994157 ] ] ] } },
{ "type": "Feature", "properties": { "id": "way/194607852", "name": "Araniko Highway", "name_en": null, "name_ne": null, "highway": "trunk", "surface": "asphalt", "smoothness": null, "width": "10", "lanes": "2", "oneway": "yes", "bridge": null, "layer": null, "source": null, "adm0_pcode": "NPL", "adm0_name": "Nepal", "adm1_pcode": "NP03", "adm1_name": "Bagmati", "adm2_pcode": "NP0326", "adm2_name": "Bhaktapur", "adm3_pcode": "NP0326301", "adm3_name": "Madhyapur Thimi", "adm4_pcode": null, "adm4_name": null, "name_latin": "Araniko Highway", "path": "C:/Users/neetu/OneDrive/Desktop/naxa file/GTFS Dashboard/data/trunk.geojson" }, "geometry": { "type": "MultiLineString", "coordinates": [ [ [ 85.3740122, 27.6738817 ], [ 85.3736596, 27.6739053 ], [ 85.373323, 27.6739258 ], [ 85.372916, 27.6739505 ] ] ] } },
{ "type": "Feature", "properties": { "id": "way/170533892", "name": "Kathmandu Ringroad", "name_en": null, "name_ne": "काठमाडाैँ चक्रपथ", "highway": "trunk", "surface": "paved", "smoothness": null, "width": "14", "lanes": "4", "oneway": "no", "bridge": null, "layer": null, "source": null, "adm0_pcode": "NPL", "adm0_name": "Nepal", "adm1_pcode": "NP03", "adm1_name": "Bagmati", "adm2_pcode": "NP0327", "adm2_name": "Kathmandu", "adm3_pcode": "NP0327101", "adm3_name": "Kathmandu", "adm4_pcode": null, "adm4_name": null, "name_latin": "Kathmandu Ringroad", "path": "C:/Users/neetu/OneDrive/Desktop/naxa file/GTFS Dashboard/data/trunk.geojson" }, "geometry": { "type": "MultiLineString", "coordinates": [ [ [ 85.3432989, 27.7077664 ], [ 85.3435495, 27.7076918 ], [ 85.3436049, 27.7076719 ], [ 85.3437482, 27.7076096 ] ] ] } },
{ "type": "Feature", "properties": { "id": "way/231194711", "name": "Kathmandu Ringroad", "name_en": null, "name_ne": "काठमाडाैँ चक्रपथ", "highway": "trunk", "surface": "asphalt", "smoothness": null, "width": "14", "lanes": "4", "oneway": null, "bridge": null, "layer": null, "source": null, "adm0_pcode": "NPL", "adm0_name": "Nepal", "adm1_pcode": "NP03", "adm1_name": "Bagmati", "adm2_pcode": "NP0327", "adm2_name": "Kathmandu", "adm3_pcode": "NP0327303", "adm3_name": "Budhanilkhantha", "adm4_pcode": null, "adm4_name": null, "name_latin": "Kathmandu Ringroad", "path": "C:/Users/neetu/OneDrive/Desktop/naxa file/GTFS Dashboard/data/trunk.geojson" }, "geometry": { "type": "MultiLineString", "coordinates": [ [ [ 85.3443282, 27.731706 ], [ 85.3440945, 27.7320867 ], [ 85.3440394, 27.7321764 ], [ 85.3437985, 27.7325983 ], [ 85.3436976, 27.7327629 ], [ 85.3434463, 27.7331479 ], [ 85.3431512, 27.7336088 ], [ 85.342969, 27.7338934 ], [ 85.3428238, 27.7341337 ], [ 85.3426607, 27.7343956 ], [ 85.342603, 27.734485 ], [ 85.3424264, 27.7347609 ], [ 85.3423145, 27.7349381 ] ] ] } },
{ "type": "Feature", "properties": { "id": "way/24691222", "name": "गणेशमान सिंह पथ", "name_en": "Ganeshman Singh Path", "name_ne": "गणेशमान सिंह पथ", "highway": "trunk", "surface": "asphalt", "smoothness": null, "width": "16", "lanes": "4", "oneway": "no", "bridge": null, "layer": null, "source": null, "adm0_pcode": "NPL", "adm0_name": "Nepal", "adm1_pcode": "NP03", "adm1_name": "Bagmati", "adm2_pcode": "NP0327", "adm2_name": "Kathmandu", "adm3_pcode": "NP0327101", "adm3_name": "Kathmandu", "adm4_pcode": null, "adm4_name": null, "name_latin": "Ganeshman Singh Path", "path": "C:/Users/neetu/OneDrive/Desktop/naxa file/GTFS Dashboard/data/trunk.geojson" }, "geometry": { "type": "MultiLineString", "coordinates": [ [ [ 85.3025518, 27.6980192 ], [ 85.3028393, 27.6979488 ], [ 85.3029742, 27.6979087 ], [ 85.3034197, 27.6977747 ], [ 85.3035868, 27.6977011 ], [ 85.3038033, 27.6975966 ], [ 85.3043325, 27.6973247 ], [ 85.3045321, 27.6972183 ], [ 85.3047167, 27.6971168 ], [ 85.3048382, 27.6970518 ], [ 85.3051041, 27.6969051 ], [ 85.3054776, 27.6966921 ], [ 85.3056506, 27.69662 ] ] ] } },
{ "type": "Feature", "properties": { "id": "way/1467515164", "name": "थापाथली सडक", "name_en": "Thapathali Road", "name_ne": "थापाथली सडक", "highway": "trunk", "surface": null, "smoothness": null, "width": null, "lanes": "2", "oneway": "yes", "bridge": null, "layer": null, "source": null, "adm0_pcode": "NPL", "adm0_name": "Nepal", "adm1_pcode": "NP03", "adm1_name": "Bagmati", "adm2_pcode": "NP0327", "adm2_name": "Kathmandu", "adm3_pcode": "NP0327101", "adm3_name": "Kathmandu", "adm4_pcode": null, "adm4_name": null, "name_latin": "Thapathali Road", "path": "C:/Users/neetu/OneDrive/Desktop/naxa file/GTFS Dashboard/data/trunk.geojson" }, "geometry": { "type": "MultiLineString", "coordinates": [ [ [ 85.3193303, 27.6940212 ], [ 85.3191727, 27.6938061 ], [ 85.3191466, 27.6937668 ], [ 85.3188351, 27.6932974 ], [ 85.3187318, 27.6931417 ], [ 85.3186631, 27.6930114 ], [ 85.318413, 27.6924988 ], [ 85.3183971, 27.6924662 ], [ 85.3182469, 27.6921371 ], [ 85.3181164, 27.6918512 ], [ 85.3181034, 27.6918228 ], [ 85.3180124, 27.6916244 ], [ 85.3179663, 27.6915293 ], [ 85.31787, 27.6913305 ], [ 85.3177598, 27.6911336 ], [ 85.3177217, 27.6910201 ] ] ] } },
{ "type": "Feature", "properties": { "id": "way/184872593", "name": "Kathmandu Ringroad", "name_en": null, "name_ne": "काठमाडाैँ चक्रपथ", "highway": "trunk", "surface": "paved", "smoothness": null, "width": "14", "lanes": "4", "oneway": "no", "bridge": "yes", "layer": "1", "source": null, "adm0_pcode": "NPL", "adm0_name": "Nepal", "adm1_pcode": "NP03", "adm1_name": "Bagmati", "adm2_pcode": "NP0327", "adm2_name": "Kathmandu", "adm3_pcode": "NP0327305", "adm3_name": "Nagarjun", "adm4_pcode": null, "adm4_name": null, "name_latin": "Kathmandu Ringroad", "path": "C:/Users/neetu/OneDrive/Desktop/naxa file/GTFS Dashboard/data/trunk.geojson" }, "geometry": { "type": "MultiLineString", "coordinates": [ [ [ 85.2815792, 27.6994157 ], [ 85.2816026, 27.6996358 ], [ 85.2816047, 27.6996695 ] ] ] } },
{ "type": "Feature", "properties": { "id": "way/231414550", "name": "Kathmandu Ringroad", "name_en": null, "name_ne": "काठमाडाैँ चक्रपथ", "highway": "trunk", "surface": "paved", "smoothness": null, "width": "14", "lanes": "4", "oneway": "no", "bridge": null, "layer": null, "source": null, "adm0_pcode": "NPL", "adm0_name": "Nepal", "adm1_pcode": "NP03", "adm1_name": "Bagmati", "adm2_pcode": "NP0327", "adm2_name": "Kathmandu", "adm3_pcode": "NP0327101", "adm3_name": "Kathmandu", "adm4_pcode": null, "adm4_name": null, "name_latin": "Kathmandu Ringroad", "path": "C:/Users/neetu/OneDrive/Desktop/naxa file/GTFS Dashboard/data/trunk.geojson" }, "geometry": { "type": "MultiLineString", "coordinates": [ [ [ 85.3441101, 27.7101193 ], [ 85.3440737, 27.7099004 ], [ 85.3440077, 27.709623 ], [ 85.3439639, 27.7094195 ], [ 85.3439018, 27.7091376 ], [ 85.3438505, 27.7089976 ], [ 85.3436763, 27.7086167 ], [ 85.3434595, 27.7080967 ], [ 85.343436, 27.7080382 ], [ 85.3433993, 27.7079563 ], [ 85.3432989, 27.7077664 ] ] ] } },
{ "type": "Feature", "properties": { "id": "way/351018906", "name": "थापाथली सडक", "name_en": "Thapathali Road", "name_ne": "थापाथली सडक", "highway": "trunk", "surface": "asphalt", "smoothness": null, "width": "14", "lanes": "2", "oneway": "yes", "bridge": null, "layer": null, "source": null, "adm0_pcode": "NPL", "adm0_name": "Nepal", "adm1_pcode": "NP03", "adm1_name": "Bagmati", "adm2_pcode": "NP0327", "adm2_name": "Kathmandu", "adm3_pcode": "NP0327101", "adm3_name": "Kathmandu", "adm4_pcode": null, "adm4_name": null, "name_latin": "Thapathali Road", "path": "C:/Users/neetu/OneDrive/Desktop/naxa file/GTFS Dashboard/data/trunk.geojson" }, "geometry": { "type": "MultiLineString", "coordinates": [ [ [ 85.3176484, 27.6910367 ], [ 85.3178273, 27.6914303 ], [ 85.3178917, 27.6915538 ], [ 85.3180335, 27.6918451 ], [ 85.3181794, 27.6921446 ], [ 85.3183477, 27.6925014 ], [ 85.3183584, 27.6925234 ], [ 85.3184024, 27.6926184 ], [ 85.3184764, 27.6927742 ], [ 85.318573, 27.6929678 ], [ 85.3186652, 27.6931394 ], [ 85.3187997, 27.6933712 ], [ 85.3193533, 27.694148 ] ] ] } },
{ "type": "Feature", "properties": { "id": "way/1198639191", "name": "त्रिपुरेश्वर मार्ग", "name_en": "Tripureshwar Marg", "name_ne": "त्रिपुरेश्वर मार्ग", "highway": "trunk", "surface": "asphalt", "smoothness": null, "width": "16", "lanes": "4", "oneway": null, "bridge": null, "layer": null, "source": null, "adm0_pcode": "NPL", "adm0_name": "Nepal", "adm1_pcode": "NP03", "adm1_name": "Bagmati", "adm2_pcode": "NP0327", "adm2_name": "Kathmandu", "adm3_pcode": "NP0327101", "adm3_name": "Kathmandu", "adm4_pcode": null, "adm4_name": null, "name_latin": "Tripureshwar Marg", "path": "C:/Users/neetu/OneDrive/Desktop/naxa file/GTFS Dashboard/data/trunk.geojson" }, "geometry": { "type": "MultiLineString", "coordinates": [ [ [ 85.3127044, 27.6940575 ], [ 85.3129801, 27.6939804 ], [ 85.3133513, 27.693897 ], [ 85.3137197, 27.6938461 ] ] ] } },
{ "type": "Feature", "properties": { "id": "way/231202418", "name": "Kathmandu Ringroad", "name_en": null, "name_ne": "काठमाडाैँ चक्रपथ", "highway": "trunk", "surface": "paved", "smoothness": null, "width": "14", "lanes": "4", "oneway": "no", "bridge": null, "layer": null, "source": null, "adm0_pcode": "NPL", "adm0_name": "Nepal", "adm1_pcode": "NP03", "adm1_name": "Bagmati", "adm2_pcode": "NP0327", "adm2_name": "Kathmandu", "adm3_pcode": "NP0327305", "adm3_name": "Nagarjun", "adm4_pcode": null, "adm4_name": null, "name_latin": "Kathmandu Ringroad", "path": "C:/Users/neetu/OneDrive/Desktop/naxa file/GTFS Dashboard/data/trunk.geojson" }, "geometry": { "type": "MultiLineString", "coordinates": [ [ [ 85.2828367, 27.710127 ], [ 85.2828901, 27.7105261 ], [ 85.2828965, 27.7105692 ], [ 85.2829329, 27.7110072 ], [ 85.2830391, 27.7120517 ], [ 85.2831086, 27.7125505 ], [ 85.2831735, 27.713033 ], [ 85.2832261, 27.713482 ], [ 85.2832975, 27.7140443 ], [ 85.2833847, 27.7146851 ], [ 85.2834369, 27.7152126 ], [ 85.283506, 27.7157416 ], [ 85.2835417, 27.716017 ] ] ] } },
{ "type": "Feature", "properties": { "id": "way/672176869", "name": "Tripureshwar Marg", "name_en": null, "name_ne": "त्रिपुरेश्वर मार्ग", "highway": "trunk", "surface": "asphalt", "smoothness": null, "width": "7", "lanes": "2", "oneway": "yes", "bridge": null, "layer": null, "source": null, "adm0_pcode": "NPL", "adm0_name": "Nepal", "adm1_pcode": "NP03", "adm1_name": "Bagmati", "adm2_pcode": "NP0327", "adm2_name": "Kathmandu", "adm3_pcode": "NP0327101", "adm3_name": "Kathmandu", "adm4_pcode": null, "adm4_name": null, "name_latin": "Tripureshwar Marg", "path": "C:/Users/neetu/OneDrive/Desktop/naxa file/GTFS Dashboard/data/trunk.geojson" }, "geometry": { "type": "MultiLineString", "coordinates": [ [ [ 85.3139739, 27.6937165 ], [ 85.3139168, 27.6937588 ], [ 85.3138452, 27.6937928 ], [ 85.3137197, 27.6938461 ] ] ] } },
{ "type": "Feature", "properties": { "id": "way/231103975", "name": "Kathmandu Ringroad", "name_en": null, "name_ne": "काठमाडाैँ चक्रपथ", "highway": "trunk", "surface": "paved", "smoothness": null, "width": "14", "lanes": "4", "oneway": "no", "bridge": null, "layer": null, "source": null, "adm0_pcode": "NPL", "adm0_name": "Nepal", "adm1_pcode": "NP03", "adm1_name": "Bagmati", "adm2_pcode": "NP0327", "adm2_name": "Kathmandu", "adm3_pcode": "NP0327101", "adm3_name": "Kathmandu", "adm4_pcode": null, "adm4_name": null, "name_latin": "Kathmandu Ringroad", "path": "C:/Users/neetu/OneDrive/Desktop/naxa file/GTFS Dashboard/data/trunk.geojson" }, "geometry": { "type": "MultiLineString", "coordinates": [ [ [ 85.3544753, 27.699655 ], [ 85.3545943, 27.6995007 ], [ 85.3547493, 27.6992928 ], [ 85.3548501, 27.6991167 ], [ 85.3549188, 27.698987 ], [ 85.3550274, 27.6987338 ], [ 85.3550978, 27.6985349 ], [ 85.355164, 27.6983249 ], [ 85.3551851, 27.6982262 ], [ 85.3552252, 27.6980489 ], [ 85.3552436, 27.6978449 ], [ 85.3552459, 27.697748 ], [ 85.3552486, 27.6976364 ], [ 85.355231, 27.6973366 ], [ 85.3551636, 27.6968036 ], [ 85.3551231, 27.6963827 ], [ 85.3551073, 27.6962746 ], [ 85.3550507, 27.6957383 ], [ 85.355045, 27.695623 ], [ 85.355046, 27.6954887 ] ] ] } },
{ "type": "Feature", "properties": { "id": "way/196277319", "name": "Kathmandu Ringroad", "name_en": null, "name_ne": "काठमाडाैँ चक्रपथ", "highway": "trunk", "surface": "paved", "smoothness": null, "width": "7", "lanes": "2", "oneway": "yes", "bridge": null, "layer": null, "source": null, "adm0_pcode": "NPL", "adm0_name": "Nepal", "adm1_pcode": "NP03", "adm1_name": "Bagmati", "adm2_pcode": "NP0326", "adm2_name": "Bhaktapur", "adm3_pcode": "NP0326301", "adm3_name": "Madhyapur Thimi", "adm4_pcode": null, "adm4_name": null, "name_latin": "Kathmandu Ringroad", "path": "C:/Users/neetu/OneDrive/Desktop/naxa file/GTFS Dashboard/data/trunk.geojson" }, "geometry": { "type": "MultiLineString", "coordinates": [ [ [ 85.3458279, 27.6763889 ], [ 85.3449806, 27.6758348 ], [ 85.3446061, 27.6755847 ], [ 85.3443584, 27.6754129 ], [ 85.3441777, 27.6752838 ], [ 85.3440013, 27.6751464 ], [ 85.3437807, 27.6749556 ], [ 85.3435727, 27.6747743 ], [ 85.3434054, 27.6746152 ], [ 85.3431943, 27.6744051 ], [ 85.34297, 27.6741677 ], [ 85.342677, 27.6738601 ], [ 85.3425924, 27.6737776 ] ] ] } },
{ "type": "Feature", "properties": { "id": "way/1485288252", "name": null, "name_en": null, "name_ne": null, "highway": "trunk_link", "surface": null, "smoothness": null, "width": null, "lanes": null, "oneway": null, "bridge": null, "layer": null, "source": null, "adm0_pcode": "NPL", "adm0_name": "Nepal", "adm1_pcode": "NP03", "adm1_name": "Bagmati", "adm2_pcode": "NP0327", "adm2_name": "Kathmandu", "adm3_pcode": "NP0327308", "adm3_name": "Chandragiri", "adm4_pcode": null, "adm4_name": null, "name_latin": null, "path": "C:/Users/neetu/OneDrive/Desktop/naxa file/GTFS Dashboard/data/trunk.geojson" }, "geometry": { "type": "MultiLineString", "coordinates": [ [ [ 85.206425, 27.7045119 ], [ 85.206426, 27.7044182 ] ] ] } },
{ "type": "Feature", "properties": { "id": "way/257752687", "name": "Kathmandu Ringroad", "name_en": null, "name_ne": "काठमाडाैँ चक्रपथ", "highway": "trunk", "surface": "paved", "smoothness": null, "width": "14", "lanes": "4", "oneway": "no", "bridge": null, "layer": null, "source": null, "adm0_pcode": "NPL", "adm0_name": "Nepal", "adm1_pcode": "NP03", "adm1_name": "Bagmati", "adm2_pcode": "NP0327", "adm2_name": "Kathmandu", "adm3_pcode": "NP0327101", "adm3_name": "Kathmandu", "adm4_pcode": null, "adm4_name": null, "name_latin": "Kathmandu Ringroad", "path": "C:/Users/neetu/OneDrive/Desktop/naxa file/GTFS Dashboard/data/trunk.geojson" }, "geometry": { "type": "MultiLineString", "coordinates": [ [ [ 85.3534939, 27.692438 ], [ 85.3528405, 27.6912796 ], [ 85.3527794, 27.691169 ], [ 85.3525008, 27.6906714 ] ] ] } },
{ "type": "Feature", "properties": { "id": "way/670112949", "name": null, "name_en": null, "name_ne": null, "highway": "trunk_link", "surface": null, "smoothness": null, "width": null, "lanes": null, "oneway": "yes", "bridge": null, "layer": null, "source": null, "adm0_pcode": "NPL", "adm0_name": "Nepal", "adm1_pcode": "NP03", "adm1_name": "Bagmati", "adm2_pcode": "NP0325", "adm2_name": "Lalitpur", "adm3_pcode": "NP0325101", "adm3_name": "Lalitpur", "adm4_pcode": null, "adm4_name": null, "name_latin": null, "path": "C:/Users/neetu/OneDrive/Desktop/naxa file/GTFS Dashboard/data/trunk.geojson" }, "geometry": { "type": "MultiLineString", "coordinates": [ [ [ 85.3068949, 27.668032 ], [ 85.3067165, 27.6681293 ] ] ] } },
{ "type": "Feature", "properties": { "id": "way/1198638170", "name": "त्रिपुरेश्वर मार्ग", "name_en": "Tripureshwar Marg", "name_ne": "त्रिपुरेश्वर मार्ग", "highway": "trunk", "surface": "asphalt", "smoothness": null, "width": "16", "lanes": "4", "oneway": "no", "bridge": null, "layer": null, "source": null, "adm0_pcode": "NPL", "adm0_name": "Nepal", "adm1_pcode": "NP03", "adm1_name": "Bagmati", "adm2_pcode": "NP0327", "adm2_name": "Kathmandu", "adm3_pcode": "NP0327101", "adm3_name": "Kathmandu", "adm4_pcode": null, "adm4_name": null, "name_latin": "Tripureshwar Marg", "path": "C:/Users/neetu/OneDrive/Desktop/naxa file/GTFS Dashboard/data/trunk.geojson" }, "geometry": { "type": "MultiLineString", "coordinates": [ [ [ 85.3122365, 27.6942045 ], [ 85.3124141, 27.6941384 ], [ 85.3127044, 27.6940575 ] ] ] } },
{ "type": "Feature", "properties": { "id": "way/231786215", "name": "Kathmandu Ringroad", "name_en": null, "name_ne": "काठमाडाैँ चक्रपथ", "highway": "trunk", "surface": "paved", "smoothness": null, "width": "14", "lanes": "4", "oneway": "no", "bridge": null, "layer": null, "source": null, "adm0_pcode": "NPL", "adm0_name": "Nepal", "adm1_pcode": "NP03", "adm1_name": "Bagmati", "adm2_pcode": "NP0327", "adm2_name": "Kathmandu", "adm3_pcode": "NP0327101", "adm3_name": "Kathmandu", "adm4_pcode": null, "adm4_name": null, "name_latin": "Kathmandu Ringroad", "path": "C:/Users/neetu/OneDrive/Desktop/naxa file/GTFS Dashboard/data/trunk.geojson" }, "geometry": { "type": "MultiLineString", "coordinates": [ [ [ 85.3144905, 27.7349302 ], [ 85.3146154, 27.7349404 ], [ 85.3150951, 27.7349605 ], [ 85.3156625, 27.7349987 ], [ 85.3161333, 27.7350199 ], [ 85.3164801, 27.735036 ], [ 85.3168094, 27.7350553 ], [ 85.3172916, 27.7350636 ], [ 85.3175087, 27.7350687 ], [ 85.3176995, 27.7350732 ], [ 85.3180817, 27.73509 ], [ 85.3184796, 27.7351293 ], [ 85.3186812, 27.7351443 ], [ 85.3188678, 27.7351598 ], [ 85.3189729, 27.7351683 ], [ 85.3192267, 27.7352031 ], [ 85.3193972, 27.7352208 ], [ 85.3196772, 27.7352662 ], [ 85.3199602, 27.7353245 ], [ 85.3201271, 27.7353679 ], [ 85.3203386, 27.7354248 ], [ 85.3206228, 27.7355116 ], [ 85.3208687, 27.7356015 ] ] ] } },
{ "type": "Feature", "properties": { "id": "way/231885715", "name": "त्रिपुरेश्वर मार्ग", "name_en": "Tripureshwar Marg", "name_ne": "त्रिपुरेश्वर मार्ग", "highway": "trunk", "surface": "asphalt", "smoothness": null, "width": "8", "lanes": "2", "oneway": "yes", "bridge": null, "layer": null, "source": null, "adm0_pcode": "NPL", "adm0_name": "Nepal", "adm1_pcode": "NP03", "adm1_name": "Bagmati", "adm2_pcode": "NP0327", "adm2_name": "Kathmandu", "adm3_pcode": "NP0327101", "adm3_name": "Kathmandu", "adm4_pcode": null, "adm4_name": null, "name_latin": "Tripureshwar Marg", "path": "C:/Users/neetu/OneDrive/Desktop/naxa file/GTFS Dashboard/data/trunk.geojson" }, "geometry": { "type": "MultiLineString", "coordinates": [ [ [ 85.3145329, 27.6933612 ], [ 85.3149493, 27.6929513 ], [ 85.3151795, 27.692717 ], [ 85.31538, 27.6925019 ], [ 85.3156444, 27.6922293 ], [ 85.3159115, 27.6919626 ], [ 85.3165916, 27.691306 ], [ 85.3167166, 27.6911681 ], [ 85.3168672, 27.6910123 ], [ 85.3169353, 27.6909395 ], [ 85.316965, 27.6909048 ], [ 85.3169898, 27.6908805 ], [ 85.3170266, 27.6908492 ], [ 85.3170605, 27.6908243 ], [ 85.3171022, 27.690802 ], [ 85.3171418, 27.6907836 ] ] ] } },
{ "type": "Feature", "properties": { "id": "way/188865973", "name": "त्रिभुवन राजपथ", "name_en": "Tribhuvan Rajpath", "name_ne": "त्रिभुवन राजपथ", "highway": "trunk", "surface": "paved", "smoothness": null, "width": null, "lanes": "2", "oneway": "yes", "bridge": null, "layer": null, "source": null, "adm0_pcode": "NPL", "adm0_name": "Nepal", "adm1_pcode": "NP03", "adm1_name": "Bagmati", "adm2_pcode": "NP0327", "adm2_name": "Kathmandu", "adm3_pcode": "NP0327308", "adm3_name": "Chandragiri", "adm4_pcode": null, "adm4_name": null, "name_latin": "Tribhuvan Rajpath", "path": "C:/Users/neetu/OneDrive/Desktop/naxa file/GTFS Dashboard/data/trunk.geojson" }, "geometry": { "type": "MultiLineString", "coordinates": [ [ [ 85.2155799, 27.6962378 ], [ 85.2155145, 27.696252 ], [ 85.2154581, 27.6962642 ], [ 85.2153508, 27.6963022 ], [ 85.2152234, 27.6963663 ], [ 85.2147455, 27.6966125 ], [ 85.2146311, 27.6966747 ], [ 85.2139494, 27.6970396 ], [ 85.2136396, 27.6971904 ], [ 85.2135538, 27.6972272 ], [ 85.2132989, 27.6973329 ], [ 85.2130616, 27.6974314 ], [ 85.2127545, 27.6975442 ], [ 85.2121054, 27.6977772 ], [ 85.2115936, 27.6979381 ], [ 85.2114496, 27.6979834 ], [ 85.2112357, 27.6980644 ], [ 85.2111062, 27.6981344 ], [ 85.2109869, 27.698246 ], [ 85.2108887, 27.6983598 ], [ 85.2107052, 27.6986367 ], [ 85.210602, 27.6987851 ], [ 85.2104719, 27.698905 ], [ 85.2103217, 27.6990297 ], [ 85.2100602, 27.6991485 ], [ 85.2099609, 27.6991888 ], [ 85.2098081, 27.6992328 ], [ 85.2095841, 27.6992767 ], [ 85.2094124, 27.6992921 ], [ 85.209159, 27.6993254 ], [ 85.2088799, 27.699371 ], [ 85.2087526, 27.6993919 ], [ 85.2080324, 27.6994976 ], [ 85.2077119, 27.6995356 ], [ 85.2075872, 27.6995629 ], [ 85.2074879, 27.6995926 ], [ 85.207382, 27.6996424 ], [ 85.2071996, 27.6997826 ], [ 85.2071761, 27.6998023 ], [ 85.206792, 27.7000986 ], [ 85.2066654, 27.7001867 ], [ 85.2065679, 27.7002325 ], [ 85.2064158, 27.700291 ], [ 85.2062823, 27.7003308 ], [ 85.2061821, 27.7003664 ], [ 85.2060999, 27.7004038 ], [ 85.2059327, 27.7004936 ], [ 85.2058515, 27.7005524 ], [ 85.2057426, 27.7006496 ], [ 85.2055809, 27.7008359 ], [ 85.2054975, 27.7009396 ], [ 85.2054476, 27.7010185 ], [ 85.2054049, 27.7011484 ], [ 85.2053985, 27.7012323 ], [ 85.2053898, 27.701357 ], [ 85.2054173, 27.7015138 ], [ 85.205487, 27.701826 ], [ 85.2055125, 27.7019745 ], [ 85.2055098, 27.7020754 ], [ 85.2055018, 27.7022024 ], [ 85.2054629, 27.7023639 ], [ 85.2054041, 27.7025944 ], [ 85.2053805, 27.7027392 ], [ 85.2053643, 27.702905 ], [ 85.2053762, 27.7031179 ], [ 85.2054103, 27.7033212 ], [ 85.2054511, 27.7035355 ], [ 85.2054627, 27.7037091 ], [ 85.2054588, 27.7038125 ], [ 85.205428, 27.704102 ], [ 85.2054333, 27.704201 ], [ 85.2054505, 27.7042766 ], [ 85.2054818, 27.7043258 ], [ 85.2055272, 27.7043714 ], [ 85.2055809, 27.7044054 ], [ 85.2056393, 27.704436 ], [ 85.2057501, 27.7044646 ], [ 85.2059399, 27.7044982 ], [ 85.2061241, 27.7045138 ], [ 85.2063334, 27.7045138 ], [ 85.206425, 27.7045119 ], [ 85.206482, 27.7045108 ], [ 85.2065636, 27.704518 ], [ 85.2066383, 27.7045386 ], [ 85.2067132, 27.7045932 ], [ 85.2067873, 27.7046903 ], [ 85.2068179, 27.7047591 ], [ 85.2068288, 27.7048241 ], [ 85.2068388, 27.7049043 ], [ 85.2068422, 27.7049648 ], [ 85.2068442, 27.7050361 ], [ 85.2067737, 27.7052587 ] ] ] } },
{ "type": "Feature", "properties": { "id": "way/1292071067", "name": "त्रिभुवन राजपथ", "name_en": "Tribhuvan Rajpath", "name_ne": "त्रिभुवन राजपथ", "highway": "trunk", "surface": "paved", "smoothness": null, "width": null, "lanes": "2", "oneway": "yes", "bridge": null, "layer": null, "source": null, "adm0_pcode": "NPL", "adm0_name": "Nepal", "adm1_pcode": "NP03", "adm1_name": "Bagmati", "adm2_pcode": "NP0327", "adm2_name": "Kathmandu", "adm3_pcode": "NP0327308", "adm3_name": "Chandragiri", "adm4_pcode": null, "adm4_name": null, "name_latin": "Tribhuvan Rajpath", "path": "C:/Users/neetu/OneDrive/Desktop/naxa file/GTFS Dashboard/data/trunk.geojson" }, "geometry": { "type": "MultiLineString", "coordinates": [ [ [ 85.2067737, 27.7052587 ], [ 85.2068865, 27.705115 ], [ 85.2069374, 27.7049969 ], [ 85.2069427, 27.7049067 ], [ 85.2069431, 27.7048297 ], [ 85.2069352, 27.7047338 ], [ 85.2069057, 27.704657 ], [ 85.2068573, 27.7045821 ], [ 85.2067938, 27.7045165 ], [ 85.2067334, 27.7044692 ], [ 85.2066424, 27.704434 ], [ 85.2065453, 27.7044159 ], [ 85.206426, 27.7044182 ], [ 85.2062303, 27.7044219 ], [ 85.2059939, 27.7044011 ], [ 85.2057388, 27.7043535 ], [ 85.2056063, 27.7043016 ], [ 85.2055591, 27.7042405 ], [ 85.2055335, 27.7041858 ], [ 85.2055259, 27.704119 ], [ 85.2055541, 27.7039704 ], [ 85.2055727, 27.7038389 ], [ 85.2055733, 27.7036967 ], [ 85.2055632, 27.7035694 ], [ 85.2055426, 27.7034292 ], [ 85.2054974, 27.7032134 ], [ 85.2054743, 27.7030634 ], [ 85.2054736, 27.7028792 ], [ 85.2055044, 27.7026715 ], [ 85.2055635, 27.7024352 ], [ 85.2056238, 27.7022108 ], [ 85.2056386, 27.7021233 ], [ 85.2056437, 27.7019943 ], [ 85.2056139, 27.7018328 ], [ 85.2055155, 27.7014974 ], [ 85.2054898, 27.7013581 ], [ 85.2054851, 27.7012432 ], [ 85.2054899, 27.701174 ], [ 85.2055124, 27.7011078 ], [ 85.2055484, 27.7010209 ], [ 85.2056398, 27.7009015 ], [ 85.2058122, 27.7006998 ], [ 85.2059208, 27.7006025 ], [ 85.2059888, 27.7005551 ], [ 85.2060152, 27.7005367 ], [ 85.2061056, 27.700485 ], [ 85.2062891, 27.7004146 ], [ 85.2064897, 27.7003554 ], [ 85.2066484, 27.7002867 ], [ 85.2067566, 27.7002237 ], [ 85.2068508, 27.7001639 ], [ 85.2072435, 27.6998573 ], [ 85.2072874, 27.6998196 ], [ 85.207375, 27.6997474 ], [ 85.2074901, 27.6996843 ], [ 85.2075955, 27.6996408 ], [ 85.207737, 27.6996098 ], [ 85.2080541, 27.699571 ], [ 85.2088097, 27.6994777 ], [ 85.2092638, 27.6994126 ], [ 85.209639, 27.6993687 ], [ 85.2098089, 27.6993391 ], [ 85.2099844, 27.6992958 ], [ 85.2101439, 27.6992489 ], [ 85.2103949, 27.6991228 ], [ 85.2105438, 27.6990292 ], [ 85.2106717, 27.6989086 ], [ 85.2107985, 27.6987642 ], [ 85.2109772, 27.6984642 ], [ 85.2110774, 27.6983271 ], [ 85.2111672, 27.6982229 ], [ 85.2112972, 27.6981427 ], [ 85.2114764, 27.6980737 ], [ 85.2116375, 27.6980207 ], [ 85.211783, 27.6979728 ], [ 85.2125331, 27.69772 ], [ 85.2127996, 27.6976318 ], [ 85.2130743, 27.6975401 ], [ 85.2133238, 27.6974444 ], [ 85.2136143, 27.6973149 ], [ 85.213703, 27.6972733 ], [ 85.2140017, 27.6971168 ], [ 85.2146952, 27.6967427 ], [ 85.2148017, 27.6966861 ], [ 85.2151349, 27.6965088 ], [ 85.2154098, 27.6963651 ], [ 85.2154689, 27.6963259 ], [ 85.2155799, 27.6962378 ] ] ] } },
{ "type": "Feature", "properties": { "id": "way/351018899", "name": "थापाथली रोड", "name_en": "Thapathali Road", "name_ne": "थापाथली रोड", "highway": "trunk", "surface": "asphalt", "smoothness": null, "width": "9", "lanes": "2", "oneway": "yes", "bridge": null, "layer": null, "source": null, "adm0_pcode": "NPL", "adm0_name": "Nepal", "adm1_pcode": "NP03", "adm1_name": "Bagmati", "adm2_pcode": "NP0327", "adm2_name": "Kathmandu", "adm3_pcode": "NP0327101", "adm3_name": "Kathmandu", "adm4_pcode": null, "adm4_name": null, "name_latin": "Thapathali Road", "path": "C:/Users/neetu/OneDrive/Desktop/naxa file/GTFS Dashboard/data/trunk.geojson" }, "geometry": { "type": "MultiLineString", "coordinates": [ [ [ 85.3175997, 27.6908274 ], [ 85.3176201, 27.6909544 ], [ 85.3176484, 27.6910367 ] ] ] } },
{ "type": "Feature", "properties": { "id": "way/136619565", "name": "गणेशमान सिंह पथ", "name_en": "Ganeshman Singh Path", "name_ne": "गणेशमान सिंह पथ", "highway": "trunk", "surface": null, "smoothness": null, "width": "12", "lanes": null, "oneway": null, "bridge": null, "layer": null, "source": null, "adm0_pcode": "NPL", "adm0_name": "Nepal", "adm1_pcode": "NP03", "adm1_name": "Bagmati", "adm2_pcode": "NP0327", "adm2_name": "Kathmandu", "adm3_pcode": "NP0327101", "adm3_name": "Kathmandu", "adm4_pcode": null, "adm4_name": null, "name_latin": "Ganeshman Singh Path", "path": "C:/Users/neetu/OneDrive/Desktop/naxa file/GTFS Dashboard/data/trunk.geojson" }, "geometry": { "type": "MultiLineString", "coordinates": [ [ [ 85.2996154, 27.6984868 ], [ 85.2997046, 27.6985061 ], [ 85.299897, 27.6985347 ], [ 85.3000192, 27.6985576 ], [ 85.3000778, 27.6985689 ], [ 85.3002139, 27.6985405 ], [ 85.3003152, 27.6985165 ], [ 85.3004881, 27.6984797 ], [ 85.3005407, 27.6984702 ], [ 85.3016628, 27.6982223 ], [ 85.3018395, 27.6981815 ] ] ] } },
{ "type": "Feature", "properties": { "id": "way/351018897", "name": null, "name_en": null, "name_ne": null, "highway": "trunk_link", "surface": "asphalt", "smoothness": null, "width": "4", "lanes": null, "oneway": "yes", "bridge": null, "layer": null, "source": null, "adm0_pcode": "NPL", "adm0_name": "Nepal", "adm1_pcode": "NP03", "adm1_name": "Bagmati", "adm2_pcode": "NP0327", "adm2_name": "Kathmandu", "adm3_pcode": "NP0327101", "adm3_name": "Kathmandu", "adm4_pcode": null, "adm4_name": null, "name_latin": null, "path": "C:/Users/neetu/OneDrive/Desktop/naxa file/GTFS Dashboard/data/trunk.geojson" }, "geometry": { "type": "MultiLineString", "coordinates": [ [ [ 85.3175324, 27.6908726 ], [ 85.3175924, 27.6909535 ], [ 85.3176484, 27.6910367 ] ] ] } },
{ "type": "Feature", "properties": { "id": "way/1426160996", "name": "Kathmandu Ringroad", "name_en": null, "name_ne": "काठमाडाैँ चक्रपथ", "highway": "trunk", "surface": "asphalt", "smoothness": null, "width": "6", "lanes": "2", "oneway": "yes", "bridge": null, "layer": null, "source": null, "adm0_pcode": "NPL", "adm0_name": "Nepal", "adm1_pcode": "NP03", "adm1_name": "Bagmati", "adm2_pcode": "NP0325", "adm2_name": "Lalitpur", "adm3_pcode": "NP0325101", "adm3_name": "Lalitpur", "adm4_pcode": null, "adm4_name": null, "name_latin": "Kathmandu Ringroad", "path": "C:/Users/neetu/OneDrive/Desktop/naxa file/GTFS Dashboard/data/trunk.geojson" }, "geometry": { "type": "MultiLineString", "coordinates": [ [ [ 85.3376493, 27.6700032 ], [ 85.3382993, 27.6703499 ], [ 85.3389832, 27.6707109 ], [ 85.3392836, 27.6708808 ], [ 85.3396136, 27.6710708 ], [ 85.3398938, 27.6712585 ], [ 85.3401138, 27.6714259 ], [ 85.340268, 27.6715483 ], [ 85.3404759, 27.6717288 ], [ 85.3406516, 27.6718951 ], [ 85.3408366, 27.6720804 ], [ 85.3414335, 27.6726959 ] ] ] } },
{ "type": "Feature", "properties": { "id": "way/1469161151", "name": null, "name_en": null, "name_ne": null, "highway": "trunk", "surface": "paved", "smoothness": null, "width": "6", "lanes": "1", "oneway": "yes", "bridge": null, "layer": null, "source": null, "adm0_pcode": "NPL", "adm0_name": "Nepal", "adm1_pcode": "NP03", "adm1_name": "Bagmati", "adm2_pcode": "NP0327", "adm2_name": "Kathmandu", "adm3_pcode": "NP0327101", "adm3_name": "Kathmandu", "adm4_pcode": null, "adm4_name": null, "name_latin": null, "path": "C:/Users/neetu/OneDrive/Desktop/naxa file/GTFS Dashboard/data/trunk.geojson" }, "geometry": { "type": "MultiLineString", "coordinates": [ [ [ 85.3202281, 27.6947244 ], [ 85.320271, 27.6947479 ], [ 85.320454, 27.694848 ] ] ] } },
{ "type": "Feature", "properties": { "id": "way/1485288250", "name": null, "name_en": null, "name_ne": null, "highway": "trunk_link", "surface": null, "smoothness": null, "width": null, "lanes": null, "oneway": null, "bridge": null, "layer": null, "source": null, "adm0_pcode": "NPL", "adm0_name": "Nepal", "adm1_pcode": "NP03", "adm1_name": "Bagmati", "adm2_pcode": "NP0327", "adm2_name": "Kathmandu", "adm3_pcode": "NP0327308", "adm3_name": "Chandragiri", "adm4_pcode": null, "adm4_name": null, "name_latin": null, "path": "C:/Users/neetu/OneDrive/Desktop/naxa file/GTFS Dashboard/data/trunk.geojson" }, "geometry": { "type": "MultiLineString", "coordinates": [ [ [ 85.2059888, 27.7005551 ], [ 85.2059327, 27.7004936 ] ] ] } },
{ "type": "Feature", "properties": { "id": "way/172008702", "name": null, "name_en": null, "name_ne": null, "highway": "trunk", "surface": "asphalt", "smoothness": null, "width": "7", "lanes": null, "oneway": "yes", "bridge": null, "layer": null, "source": null, "adm0_pcode": "NPL", "adm0_name": "Nepal", "adm1_pcode": "NP03", "adm1_name": "Bagmati", "adm2_pcode": "NP0327", "adm2_name": "Kathmandu", "adm3_pcode": "NP0327101", "adm3_name": "Kathmandu", "adm4_pcode": null, "adm4_name": null, "name_latin": null, "path": "C:/Users/neetu/OneDrive/Desktop/naxa file/GTFS Dashboard/data/trunk.geojson" }, "geometry": { "type": "MultiLineString", "coordinates": [ [ [ 85.3202127, 27.6942558 ], [ 85.3201722, 27.6942974 ], [ 85.3201486, 27.6943383 ], [ 85.3201396, 27.6943649 ], [ 85.3201194, 27.6943958 ], [ 85.3201034, 27.6944331 ], [ 85.3201014, 27.6944713 ], [ 85.3201032, 27.6945021 ], [ 85.3201127, 27.6945347 ], [ 85.3201303, 27.6945712 ], [ 85.3201631, 27.6946113 ], [ 85.3201985, 27.6946481 ], [ 85.3202281, 27.6947244 ] ] ] } },
{ "type": "Feature", "properties": { "id": "way/169191889", "name": "त्रिपुरेश्वर मार्ग", "name_en": "Tripureshwar Marg", "name_ne": "त्रिपुरेश्वर मार्ग", "highway": "trunk", "surface": "asphalt", "smoothness": "good", "width": "9", "lanes": "2", "oneway": "yes", "bridge": null, "layer": null, "source": null, "adm0_pcode": "NPL", "adm0_name": "Nepal", "adm1_pcode": "NP03", "adm1_name": "Bagmati", "adm2_pcode": "NP0327", "adm2_name": "Kathmandu", "adm3_pcode": "NP0327101", "adm3_name": "Kathmandu", "adm4_pcode": null, "adm4_name": null, "name_latin": "Tripureshwar Marg", "path": "C:/Users/neetu/OneDrive/Desktop/naxa file/GTFS Dashboard/data/trunk.geojson" }, "geometry": { "type": "MultiLineString", "coordinates": [ [ [ 85.3142776, 27.6938157 ], [ 85.3143056, 27.6936957 ], [ 85.3143254, 27.6936471 ], [ 85.3143752, 27.6935504 ], [ 85.3145329, 27.6933612 ] ] ] } },
{ "type": "Feature", "properties": { "id": "way/1426160995", "name": "Kathmandu Ringroad", "name_en": null, "name_ne": "काठमाडाैँ चक्रपथ", "highway": "trunk", "surface": "paved", "smoothness": null, "width": "7", "lanes": "2", "oneway": "yes", "bridge": null, "layer": null, "source": null, "adm0_pcode": "NPL", "adm0_name": "Nepal", "adm1_pcode": "NP03", "adm1_name": "Bagmati", "adm2_pcode": "NP0325", "adm2_name": "Lalitpur", "adm3_pcode": "NP0325101", "adm3_name": "Lalitpur", "adm4_pcode": null, "adm4_name": null, "name_latin": "Kathmandu Ringroad", "path": "C:/Users/neetu/OneDrive/Desktop/naxa file/GTFS Dashboard/data/trunk.geojson" }, "geometry": { "type": "MultiLineString", "coordinates": [ [ [ 85.3414907, 27.6726465 ], [ 85.3411704, 27.6723191 ], [ 85.3407781, 27.6719162 ], [ 85.3405732, 27.6717123 ], [ 85.3403481, 27.6715176 ], [ 85.3401084, 27.6713238 ], [ 85.3398467, 27.6711356 ], [ 85.3395896, 27.6709683 ], [ 85.3393362, 27.6708263 ], [ 85.3378246, 27.6700244 ], [ 85.337687, 27.669951 ] ] ] } },
{ "type": "Feature", "properties": { "id": "way/172126340", "name": "मदन भण्डारी पथ", "name_en": "Madan Bhandari Path", "name_ne": "मदन भण्डारी पथ", "highway": "trunk", "surface": "asphalt", "smoothness": null, "width": "8", "lanes": null, "oneway": "yes", "bridge": null, "layer": null, "source": null, "adm0_pcode": "NPL", "adm0_name": "Nepal", "adm1_pcode": "NP03", "adm1_name": "Bagmati", "adm2_pcode": "NP0327", "adm2_name": "Kathmandu", "adm3_pcode": "NP0327101", "adm3_name": "Kathmandu", "adm4_pcode": null, "adm4_name": null, "name_latin": "Madan Bhandari Path", "path": "C:/Users/neetu/OneDrive/Desktop/naxa file/GTFS Dashboard/data/trunk.geojson" }, "geometry": { "type": "MultiLineString", "coordinates": [ [ [ 85.3207225, 27.6945001 ], [ 85.3207097, 27.6943814 ], [ 85.3207102, 27.6943375 ], [ 85.3207185, 27.694282 ] ] ] } },
{ "type": "Feature", "properties": { "id": "way/111845384", "name": null, "name_en": null, "name_ne": null, "highway": "trunk", "surface": "asphalt", "smoothness": null, "width": "6", "lanes": null, "oneway": "yes", "bridge": null, "layer": null, "source": null, "adm0_pcode": "NPL", "adm0_name": "Nepal", "adm1_pcode": "NP03", "adm1_name": "Bagmati", "adm2_pcode": "NP0327", "adm2_name": "Kathmandu", "adm3_pcode": "NP0327101", "adm3_name": "Kathmandu", "adm4_pcode": null, "adm4_name": null, "name_latin": null, "path": "C:/Users/neetu/OneDrive/Desktop/naxa file/GTFS Dashboard/data/trunk.geojson" }, "geometry": { "type": "MultiLineString", "coordinates": [ [ [ 85.320454, 27.694848 ], [ 85.3205282, 27.6948543 ], [ 85.3205553, 27.6948665 ], [ 85.3205877, 27.6948713 ], [ 85.3206447, 27.6948676 ], [ 85.3206651, 27.6948633 ], [ 85.3206866, 27.6948525 ], [ 85.3207072, 27.6948318 ], [ 85.3207192, 27.6948164 ], [ 85.3207289, 27.694794 ], [ 85.3207357, 27.6947665 ], [ 85.320744, 27.6947208 ], [ 85.320747, 27.6946376 ], [ 85.3207372, 27.6945461 ] ] ] } },
{ "type": "Feature", "properties": { "id": "way/257416645", "name": "मदन भण्डारी पथ", "name_en": "Madan Bhandari Path", "name_ne": "मदन भण्डारी पथ", "highway": "trunk", "surface": "asphalt", "smoothness": null, "width": "6", "lanes": null, "oneway": "yes", "bridge": null, "layer": null, "source": null, "adm0_pcode": "NPL", "adm0_name": "Nepal", "adm1_pcode": "NP03", "adm1_name": "Bagmati", "adm2_pcode": "NP0327", "adm2_name": "Kathmandu", "adm3_pcode": "NP0327101", "adm3_name": "Kathmandu", "adm4_pcode": null, "adm4_name": null, "name_latin": "Madan Bhandari Path", "path": "C:/Users/neetu/OneDrive/Desktop/naxa file/GTFS Dashboard/data/trunk.geojson" }, "geometry": { "type": "MultiLineString", "coordinates": [ [ [ 85.3207185, 27.694282 ], [ 85.3207293, 27.6942291 ], [ 85.3207366, 27.6941929 ], [ 85.3207663, 27.6941357 ], [ 85.3207932, 27.6940703 ] ] ] } },
{ "type": "Feature", "properties": { "id": "way/170533894", "name": null, "name_en": null, "name_ne": null, "highway": "trunk", "surface": "asphalt", "smoothness": null, "width": null, "lanes": null, "oneway": "yes", "bridge": null, "layer": null, "source": null, "adm0_pcode": "NPL", "adm0_name": "Nepal", "adm1_pcode": "NP03", "adm1_name": "Bagmati", "adm2_pcode": "NP0327", "adm2_name": "Kathmandu", "adm3_pcode": "NP0327101", "adm3_name": "Kathmandu", "adm4_pcode": null, "adm4_name": null, "name_latin": null, "path": "C:/Users/neetu/OneDrive/Desktop/naxa file/GTFS Dashboard/data/trunk.geojson" }, "geometry": { "type": "MultiLineString", "coordinates": [ [ [ 85.3207372, 27.6945461 ], [ 85.3207225, 27.6945001 ] ] ] } },
{ "type": "Feature", "properties": { "id": "way/232095615", "name": "मदन भण्डारी पथ", "name_en": "Madan Bhandari Path", "name_ne": "मदन भण्डारी पथ", "highway": "trunk", "surface": "asphalt", "smoothness": null, "width": "6", "lanes": null, "oneway": "yes", "bridge": null, "layer": null, "source": null, "adm0_pcode": "NPL", "adm0_name": "Nepal", "adm1_pcode": "NP03", "adm1_name": "Bagmati", "adm2_pcode": "NP0327", "adm2_name": "Kathmandu", "adm3_pcode": "NP0327101", "adm3_name": "Kathmandu", "adm4_pcode": null, "adm4_name": null, "name_latin": "Madan Bhandari Path", "path": "C:/Users/neetu/OneDrive/Desktop/naxa file/GTFS Dashboard/data/trunk.geojson" }, "geometry": { "type": "MultiLineString", "coordinates": [ [ [ 85.3209015, 27.6938746 ], [ 85.3208184, 27.6939125 ], [ 85.3204063, 27.6941279 ], [ 85.3202127, 27.6942558 ] ] ] } },
{ "type": "Feature", "properties": { "id": "way/111845390", "name": "माइतिघर सडक", "name_en": "Maitighar", "name_ne": "माइतिघर सडक", "highway": "trunk", "surface": "asphalt", "smoothness": null, "width": "8", "lanes": null, "oneway": "yes", "bridge": null, "layer": null, "source": null, "adm0_pcode": "NPL", "adm0_name": "Nepal", "adm1_pcode": "NP03", "adm1_name": "Bagmati", "adm2_pcode": "NP0327", "adm2_name": "Kathmandu", "adm3_pcode": "NP0327101", "adm3_name": "Kathmandu", "adm4_pcode": null, "adm4_name": null, "name_latin": "Maitighar", "path": "C:/Users/neetu/OneDrive/Desktop/naxa file/GTFS Dashboard/data/trunk.geojson" }, "geometry": { "type": "MultiLineString", "coordinates": [ [ [ 85.3207225, 27.6945001 ], [ 85.3206873, 27.6944177 ], [ 85.3206447, 27.694353 ], [ 85.3205966, 27.694304 ], [ 85.3205447, 27.694269 ], [ 85.3204909, 27.6942458 ], [ 85.320437, 27.6942327 ], [ 85.3203848, 27.6942276 ], [ 85.3203361, 27.6942286 ], [ 85.3202927, 27.6942339 ], [ 85.3202565, 27.6942415 ], [ 85.3202292, 27.6942494 ], [ 85.3202127, 27.6942558 ] ] ] } },
{ "type": "Feature", "properties": { "id": "way/1467515176", "name": "थापाथली सडक", "name_en": "Thapathali Road", "name_ne": "थापाथली सडक", "highway": "trunk", "surface": "asphalt", "smoothness": null, "width": "9", "lanes": null, "oneway": "yes", "bridge": null, "layer": null, "source": null, "adm0_pcode": "NPL", "adm0_name": "Nepal", "adm1_pcode": "NP03", "adm1_name": "Bagmati", "adm2_pcode": "NP0327", "adm2_name": "Kathmandu", "adm3_pcode": "NP0327101", "adm3_name": "Kathmandu", "adm4_pcode": null, "adm4_name": null, "name_latin": "Thapathali Road", "path": "C:/Users/neetu/OneDrive/Desktop/naxa file/GTFS Dashboard/data/trunk.geojson" }, "geometry": { "type": "MultiLineString", "coordinates": [ [ [ 85.3193952, 27.694101 ], [ 85.319362, 27.6940607 ], [ 85.3193303, 27.6940212 ] ] ] } },
{ "type": "Feature", "properties": { "id": "way/351018908", "name": "त्रिपुरेश्वर मार्ग", "name_en": "Tripureshwar Marg", "name_ne": "त्रिपुरेश्वर मार्ग", "highway": "trunk", "surface": "asphalt", "smoothness": "good", "width": "4", "lanes": "2", "oneway": "yes", "bridge": null, "layer": null, "source": null, "adm0_pcode": "NPL", "adm0_name": "Nepal", "adm1_pcode": "NP03", "adm1_name": "Bagmati", "adm2_pcode": "NP0327", "adm2_name": "Kathmandu", "adm3_pcode": "NP0327101", "adm3_name": "Kathmandu", "adm4_pcode": null, "adm4_name": null, "name_latin": "Tripureshwar Marg", "path": "C:/Users/neetu/OneDrive/Desktop/naxa file/GTFS Dashboard/data/trunk.geojson" }, "geometry": { "type": "MultiLineString", "coordinates": [ [ [ 85.3171194, 27.6907315 ], [ 85.3170864, 27.6907434 ], [ 85.3170588, 27.6907571 ], [ 85.3170291, 27.6907721 ], [ 85.3169954, 27.6907993 ], [ 85.3169605, 27.6908316 ], [ 85.3168423, 27.6909481 ], [ 85.3167509, 27.6910403 ], [ 85.3165196, 27.6912869 ], [ 85.3159937, 27.6918054 ], [ 85.3154282, 27.692397 ], [ 85.3149992, 27.6928341 ], [ 85.3149085, 27.692919 ], [ 85.3142811, 27.6935171 ], [ 85.3141699, 27.6935994 ], [ 85.3140839, 27.6936498 ] ] ] } },
{ "type": "Feature", "properties": { "id": "way/172008695", "name": "थापाथली सडक", "name_en": "Thapathali Road", "name_ne": "थापाथली सडक", "highway": "trunk", "surface": "asphalt", "smoothness": null, "width": "9", "lanes": "2", "oneway": "yes", "bridge": null, "layer": null, "source": null, "adm0_pcode": "NPL", "adm0_name": "Nepal", "adm1_pcode": "NP03", "adm1_name": "Bagmati", "adm2_pcode": "NP0327", "adm2_name": "Kathmandu", "adm3_pcode": "NP0327101", "adm3_name": "Kathmandu", "adm4_pcode": null, "adm4_name": null, "name_latin": "Thapathali Road", "path": "C:/Users/neetu/OneDrive/Desktop/naxa file/GTFS Dashboard/data/trunk.geojson" }, "geometry": { "type": "MultiLineString", "coordinates": [ [ [ 85.3201722, 27.6942974 ], [ 85.3199798, 27.6943616 ], [ 85.3199604, 27.6943699 ], [ 85.3199476, 27.6943749 ], [ 85.3199353, 27.6943794 ], [ 85.3199168, 27.6943855 ], [ 85.3198924, 27.6943918 ], [ 85.3198628, 27.694397 ], [ 85.3198282, 27.6943998 ], [ 85.3197996, 27.6943927 ], [ 85.3197662, 27.6943801 ], [ 85.3197035, 27.694338 ], [ 85.3196582, 27.6943159 ], [ 85.3195872, 27.6942713 ], [ 85.3195065, 27.6941972 ], [ 85.3193952, 27.694101 ] ] ] } },
{ "type": "Feature", "properties": { "id": "way/1178260839", "name": "Kathmandu Ringroad", "name_en": null, "name_ne": "काठमाडाैँ चक्रपथ", "highway": "trunk", "surface": "paved", "smoothness": null, "width": "16", "lanes": "4", "oneway": "no", "bridge": null, "layer": null, "source": null, "adm0_pcode": "NPL", "adm0_name": "Nepal", "adm1_pcode": "NP03", "adm1_name": "Bagmati", "adm2_pcode": "NP0327", "adm2_name": "Kathmandu", "adm3_pcode": "NP0327101", "adm3_name": "Kathmandu", "adm4_pcode": null, "adm4_name": null, "name_latin": "Kathmandu Ringroad", "path": "C:/Users/neetu/OneDrive/Desktop/naxa file/GTFS Dashboard/data/trunk.geojson" }, "geometry": { "type": "MultiLineString", "coordinates": [ [ [ 85.3053747, 27.7321299 ], [ 85.3053814, 27.7326649 ], [ 85.3053916, 27.7332326 ], [ 85.3054297, 27.7343631 ], [ 85.3054439, 27.7344831 ], [ 85.3054581, 27.7345933 ], [ 85.3054756, 27.7346893 ], [ 85.3054964, 27.7347667 ], [ 85.3055294, 27.7348292 ], [ 85.3055723, 27.7349016 ], [ 85.3056264, 27.7349851 ], [ 85.3056554, 27.7350298 ], [ 85.3056997, 27.7350939 ], [ 85.3057413, 27.7351414 ], [ 85.3057775, 27.7351782 ], [ 85.3058325, 27.7352245 ], [ 85.3058928, 27.7352708 ] ] ] } },
{ "type": "Feature", "properties": { "id": "way/190889376", "name": "Kathmandu Ringroad", "name_en": null, "name_ne": "काठमाडाैँ चक्रपथ", "highway": "trunk", "surface": "paved", "smoothness": null, "width": "14", "lanes": "4", "oneway": "no", "bridge": null, "layer": null, "source": null, "adm0_pcode": "NPL", "adm0_name": "Nepal", "adm1_pcode": "NP03", "adm1_name": "Bagmati", "adm2_pcode": "NP0327", "adm2_name": "Kathmandu", "adm3_pcode": "NP0327303", "adm3_name": "Budhanilkhantha", "adm4_pcode": null, "adm4_name": null, "name_latin": "Kathmandu Ringroad", "path": "C:/Users/neetu/OneDrive/Desktop/naxa file/GTFS Dashboard/data/trunk.geojson" }, "geometry": { "type": "MultiLineString", "coordinates": [ [ [ 85.3454401, 27.7222872 ], [ 85.3453463, 27.7225242 ], [ 85.3453113, 27.7226282 ], [ 85.3453056, 27.7226537 ] ] ] } },
{ "type": "Feature", "properties": { "id": "way/231880678", "name": "मदन भण्डारी पथ", "name_en": "Madan Bhandari Path", "name_ne": "मदन भण्डारी पथ", "highway": "trunk", "surface": "asphalt", "smoothness": null, "width": "6", "lanes": "2", "oneway": "yes", "bridge": null, "layer": null, "source": null, "adm0_pcode": "NPL", "adm0_name": "Nepal", "adm1_pcode": "NP03", "adm1_name": "Bagmati", "adm2_pcode": "NP0327", "adm2_name": "Kathmandu", "adm3_pcode": "NP0327101", "adm3_name": "Kathmandu", "adm4_pcode": null, "adm4_name": null, "name_latin": "Madan Bhandari Path", "path": "C:/Users/neetu/OneDrive/Desktop/naxa file/GTFS Dashboard/data/trunk.geojson" }, "geometry": { "type": "MultiLineString", "coordinates": [ [ [ 85.3207932, 27.6940703 ], [ 85.3208764, 27.693979 ], [ 85.3209169, 27.6939486 ], [ 85.3209897, 27.6939049 ], [ 85.3219325, 27.6934344 ], [ 85.3227462, 27.6930425 ], [ 85.3237362, 27.6925962 ], [ 85.3238932, 27.692519 ] ] ] } },
{ "type": "Feature", "properties": { "id": "way/1467515177", "name": null, "name_en": null, "name_ne": null, "highway": "trunk_link", "surface": null, "smoothness": null, "width": null, "lanes": null, "oneway": "yes", "bridge": null, "layer": null, "source": null, "adm0_pcode": "NPL", "adm0_name": "Nepal", "adm1_pcode": "NP03", "adm1_name": "Bagmati", "adm2_pcode": "NP0327", "adm2_name": "Kathmandu", "adm3_pcode": "NP0327101", "adm3_name": "Kathmandu", "adm4_pcode": null, "adm4_name": null, "name_latin": null, "path": "C:/Users/neetu/OneDrive/Desktop/naxa file/GTFS Dashboard/data/trunk.geojson" }, "geometry": { "type": "MultiLineString", "coordinates": [ [ [ 85.3201194, 27.6943958 ], [ 85.3200423, 27.6944082 ], [ 85.3199838, 27.6944427 ], [ 85.3199342, 27.6944708 ], [ 85.3198878, 27.694483 ], [ 85.319791, 27.6944854 ] ] ] } },
{ "type": "Feature", "properties": { "id": "way/344320085", "name": "थापाथली सडक", "name_en": "Thapathali Road", "name_ne": "थापाथली सडक", "highway": "trunk", "surface": "paved", "smoothness": null, "width": "6", "lanes": "1", "oneway": "yes", "bridge": null, "layer": null, "source": null, "adm0_pcode": "NPL", "adm0_name": "Nepal", "adm1_pcode": "NP03", "adm1_name": "Bagmati", "adm2_pcode": "NP0327", "adm2_name": "Kathmandu", "adm3_pcode": "NP0327101", "adm3_name": "Kathmandu", "adm4_pcode": null, "adm4_name": null, "name_latin": "Thapathali Road", "path": "C:/Users/neetu/OneDrive/Desktop/naxa file/GTFS Dashboard/data/trunk.geojson" }, "geometry": { "type": "MultiLineString", "coordinates": [ [ [ 85.3193533, 27.694148 ], [ 85.319455, 27.6942514 ], [ 85.319791, 27.6944854 ], [ 85.3202281, 27.6947244 ] ] ] } },
{ "type": "Feature", "properties": { "id": "way/216281900", "name": "Tribhuvan Rajpath", "name_en": null, "name_ne": null, "highway": "trunk", "surface": "paved", "smoothness": null, "width": null, "lanes": "2", "oneway": "no", "bridge": null, "layer": null, "source": null, "adm0_pcode": "NPL", "adm0_name": "Nepal", "adm1_pcode": "NP03", "adm1_name": "Bagmati", "adm2_pcode": "NP0327", "adm2_name": "Kathmandu", "adm3_pcode": "NP0327308", "adm3_name": "Chandragiri", "adm4_pcode": null, "adm4_name": null, "name_latin": "Tribhuvan Rajpath", "path": "C:/Users/neetu/OneDrive/Desktop/naxa file/GTFS Dashboard/data/trunk.geojson" }, "geometry": { "type": "MultiLineString", "coordinates": [ [ [ 85.2184015, 27.6937992 ], [ 85.2185425, 27.6937669 ], [ 85.2188862, 27.6937007 ], [ 85.2192097, 27.6936131 ], [ 85.2193284, 27.6935691 ], [ 85.2194298, 27.6935243 ], [ 85.2195295, 27.6934452 ], [ 85.21961, 27.6933717 ], [ 85.2196733, 27.6933018 ], [ 85.219725, 27.6932349 ], [ 85.2197784, 27.6931657 ], [ 85.2198627, 27.6930188 ], [ 85.2200284, 27.6927384 ], [ 85.2200799, 27.6926642 ], [ 85.2201707, 27.6925822 ], [ 85.2203139, 27.6924736 ], [ 85.2203755, 27.6924235 ], [ 85.2205706, 27.6922575 ], [ 85.2206524, 27.6921804 ], [ 85.220724, 27.6920943 ], [ 85.2207844, 27.6920008 ], [ 85.2208471, 27.6918832 ], [ 85.2209922, 27.6915549 ], [ 85.2210316, 27.6914657 ], [ 85.2210515, 27.6914191 ] ] ] } },
{ "type": "Feature", "properties": { "id": "way/1284332018", "name": "Tribhuvan Rajpath", "name_en": null, "name_ne": null, "highway": "trunk", "surface": "paved", "smoothness": null, "width": "22", "lanes": "2", "oneway": "no", "bridge": null, "layer": null, "source": null, "adm0_pcode": "NPL", "adm0_name": "Nepal", "adm1_pcode": "NP03", "adm1_name": "Bagmati", "adm2_pcode": "NP0327", "adm2_name": "Kathmandu", "adm3_pcode": "NP0327308", "adm3_name": "Chandragiri", "adm4_pcode": null, "adm4_name": null, "name_latin": "Tribhuvan Rajpath", "path": "C:/Users/neetu/OneDrive/Desktop/naxa file/GTFS Dashboard/data/trunk.geojson" }, "geometry": { "type": "MultiLineString", "coordinates": [ [ [ 85.2743322, 27.6906799 ], [ 85.2747591, 27.6908441 ], [ 85.275065, 27.6909802 ], [ 85.2751952, 27.6910522 ], [ 85.2755926, 27.6913148 ], [ 85.2760358, 27.6916254 ], [ 85.276259, 27.6917749 ], [ 85.2764228, 27.691876 ], [ 85.2765755, 27.6919527 ], [ 85.276709, 27.6920038 ], [ 85.2768487, 27.6920422 ], [ 85.2770214, 27.6920783 ], [ 85.2772659, 27.692109 ], [ 85.2776256, 27.6921391 ], [ 85.2777959, 27.6921537 ] ] ] } },
{ "type": "Feature", "properties": { "id": "way/180216483", "name": "Kathmandu Ringroad", "name_en": null, "name_ne": "काठमाडाैँ चक्रपथ", "highway": "trunk", "surface": "paved", "smoothness": null, "width": "14", "lanes": "2", "oneway": "yes", "bridge": null, "layer": null, "source": null, "adm0_pcode": "NPL", "adm0_name": "Nepal", "adm1_pcode": "NP03", "adm1_name": "Bagmati", "adm2_pcode": "NP0327", "adm2_name": "Kathmandu", "adm3_pcode": "NP0327303", "adm3_name": "Budhanilkhantha", "adm4_pcode": null, "adm4_name": null, "name_latin": "Kathmandu Ringroad", "path": "C:/Users/neetu/OneDrive/Desktop/naxa file/GTFS Dashboard/data/trunk.geojson" }, "geometry": { "type": "MultiLineString", "coordinates": [ [ [ 85.3468696, 27.7185132 ], [ 85.3469214, 27.7183136 ], [ 85.3469319, 27.7182057 ], [ 85.3469224, 27.7180865 ], [ 85.3468549, 27.7178731 ], [ 85.3467212, 27.7175281 ], [ 85.3467182, 27.7175145 ] ] ] } },
{ "type": "Feature", "properties": { "id": "way/303949324", "name": null, "name_en": null, "name_ne": null, "highway": "trunk_link", "surface": null, "smoothness": null, "width": null, "lanes": null, "oneway": "yes", "bridge": null, "layer": null, "source": null, "adm0_pcode": "NPL", "adm0_name": "Nepal", "adm1_pcode": "NP03", "adm1_name": "Bagmati", "adm2_pcode": "NP0327", "adm2_name": "Kathmandu", "adm3_pcode": "NP0327303", "adm3_name": "Budhanilkhantha", "adm4_pcode": null, "adm4_name": null, "name_latin": null, "path": "C:/Users/neetu/OneDrive/Desktop/naxa file/GTFS Dashboard/data/trunk.geojson" }, "geometry": { "type": "MultiLineString", "coordinates": [ [ [ 85.3468696, 27.7185132 ], [ 85.3469444, 27.7184007 ], [ 85.3470008, 27.7182624 ], [ 85.3470144, 27.7181086 ], [ 85.34699, 27.7179785 ], [ 85.346937, 27.7178341 ], [ 85.346871, 27.7177292 ], [ 85.3467712, 27.717576 ], [ 85.3467182, 27.7175145 ] ] ] } },
{ "type": "Feature", "properties": { "id": "way/199430779", "name": "Tribhuvan Rajpath", "name_en": "Tribhuvan Rajpath", "name_ne": null, "highway": "trunk", "surface": "paved", "smoothness": null, "width": null, "lanes": "2", "oneway": "no", "bridge": "yes", "layer": "1", "source": null, "adm0_pcode": "NPL", "adm0_name": "Nepal", "adm1_pcode": "NP03", "adm1_name": "Bagmati", "adm2_pcode": "NP0327", "adm2_name": "Kathmandu", "adm3_pcode": "NP0327308", "adm3_name": "Chandragiri", "adm4_pcode": null, "adm4_name": null, "name_latin": "Tribhuvan Rajpath", "path": "C:/Users/neetu/OneDrive/Desktop/naxa file/GTFS Dashboard/data/trunk.geojson" }, "geometry": { "type": "MultiLineString", "coordinates": [ [ [ 85.2598706, 27.6862092 ], [ 85.2602539, 27.686192 ] ] ] } },
{ "type": "Feature", "properties": { "id": "way/199430781", "name": "Tribhuvan Rajpath", "name_en": "Tribhuvan Rajpath", "name_ne": null, "highway": "trunk", "surface": "paved", "smoothness": null, "width": null, "lanes": "2", "oneway": "no", "bridge": null, "layer": null, "source": null, "adm0_pcode": "NPL", "adm0_name": "Nepal", "adm1_pcode": "NP03", "adm1_name": "Bagmati", "adm2_pcode": "NP0327", "adm2_name": "Kathmandu", "adm3_pcode": "NP0327308", "adm3_name": "Chandragiri", "adm4_pcode": null, "adm4_name": null, "name_latin": "Tribhuvan Rajpath", "path": "C:/Users/neetu/OneDrive/Desktop/naxa file/GTFS Dashboard/data/trunk.geojson" }, "geometry": { "type": "MultiLineString", "coordinates": [ [ [ 85.2602539, 27.686192 ], [ 85.2605397, 27.6861762 ], [ 85.2609461, 27.6861537 ], [ 85.2617194, 27.6861114 ], [ 85.2619433, 27.6860921 ], [ 85.2621211, 27.6860887 ], [ 85.2622779, 27.6860997 ], [ 85.2624191, 27.6861279 ] ] ] } },
{ "type": "Feature", "properties": { "id": "way/1330813763", "name": "Tribhuvan Rajpath", "name_en": null, "name_ne": null, "highway": "trunk", "surface": "paved", "smoothness": null, "width": null, "lanes": "2", "oneway": "no", "bridge": null, "layer": null, "source": null, "adm0_pcode": "NPL", "adm0_name": "Nepal", "adm1_pcode": "NP03", "adm1_name": "Bagmati", "adm2_pcode": "NP0327", "adm2_name": "Kathmandu", "adm3_pcode": "NP0327308", "adm3_name": "Chandragiri", "adm4_pcode": null, "adm4_name": null, "name_latin": "Tribhuvan Rajpath", "path": "C:/Users/neetu/OneDrive/Desktop/naxa file/GTFS Dashboard/data/trunk.geojson" }, "geometry": { "type": "MultiLineString", "coordinates": [ [ [ 85.2593954, 27.6862227 ], [ 85.2598706, 27.6862092 ] ] ] } },
{ "type": "Feature", "properties": { "id": "way/1071913171", "name": "Kathmandu Ringroad", "name_en": null, "name_ne": "काठमाडाैँ चक्रपथ", "highway": "trunk", "surface": null, "smoothness": null, "width": "14", "lanes": "2", "oneway": "yes", "bridge": null, "layer": null, "source": null, "adm0_pcode": "NPL", "adm0_name": "Nepal", "adm1_pcode": "NP03", "adm1_name": "Bagmati", "adm2_pcode": "NP0327", "adm2_name": "Kathmandu", "adm3_pcode": "NP0327303", "adm3_name": "Budhanilkhantha", "adm4_pcode": null, "adm4_name": null, "name_latin": "Kathmandu Ringroad", "path": "C:/Users/neetu/OneDrive/Desktop/naxa file/GTFS Dashboard/data/trunk.geojson" }, "geometry": { "type": "MultiLineString", "coordinates": [ [ [ 85.3465615, 27.7172298 ], [ 85.3466242, 27.7174792 ], [ 85.3466383, 27.7175304 ], [ 85.3467324, 27.7177799 ], [ 85.3468053, 27.7179852 ], [ 85.3468432, 27.7181376 ], [ 85.3468596, 27.7183121 ], [ 85.3468696, 27.7185132 ] ] ] } },
{ "type": "Feature", "properties": { "id": "way/1091877769", "name": null, "name_en": null, "name_ne": null, "highway": "trunk_link", "surface": null, "smoothness": null, "width": null, "lanes": null, "oneway": "no", "bridge": null, "layer": null, "source": null, "adm0_pcode": "NPL", "adm0_name": "Nepal", "adm1_pcode": "NP03", "adm1_name": "Bagmati", "adm2_pcode": "NP0327", "adm2_name": "Kathmandu", "adm3_pcode": "NP0327101", "adm3_name": "Kathmandu", "adm4_pcode": null, "adm4_name": null, "name_latin": null, "path": "C:/Users/neetu/OneDrive/Desktop/naxa file/GTFS Dashboard/data/trunk.geojson" }, "geometry": { "type": "MultiLineString", "coordinates": [ [ [ 85.2945359, 27.6853588 ], [ 85.2945223, 27.6852517 ], [ 85.2945173, 27.6851845 ] ] ] } },
{ "type": "Feature", "properties": { "id": "way/24667319", "name": "रबिभवन सडक", "name_en": "Rabhibhawan", "name_ne": "रबिभवन सडक", "highway": "trunk", "surface": "paved", "smoothness": null, "width": "12", "lanes": "4", "oneway": null, "bridge": null, "layer": null, "source": null, "adm0_pcode": "NPL", "adm0_name": "Nepal", "adm1_pcode": "NP03", "adm1_name": "Bagmati", "adm2_pcode": "NP0327", "adm2_name": "Kathmandu", "adm3_pcode": "NP0327101", "adm3_name": "Kathmandu", "adm4_pcode": null, "adm4_name": null, "name_latin": "Rabhibhawan", "path": "C:/Users/neetu/OneDrive/Desktop/naxa file/GTFS Dashboard/data/trunk.geojson" }, "geometry": { "type": "MultiLineString", "coordinates": [ [ [ 85.2909759, 27.6956105 ], [ 85.2908733, 27.6956154 ], [ 85.2907893, 27.6956147 ], [ 85.2906988, 27.6956057 ], [ 85.2906029, 27.6955933 ], [ 85.2902506, 27.6954962 ], [ 85.2901035, 27.6954316 ], [ 85.2899719, 27.695393 ], [ 85.289817, 27.6953748 ], [ 85.2893684, 27.6953552 ], [ 85.289145, 27.6953501 ], [ 85.2890414, 27.6953406 ] ] ] } },
{ "type": "Feature", "properties": { "id": "way/1071913167", "name": "Ring Road", "name_en": null, "name_ne": null, "highway": "trunk", "surface": null, "smoothness": null, "width": "14", "lanes": null, "oneway": "yes", "bridge": null, "layer": null, "source": null, "adm0_pcode": "NPL", "adm0_name": "Nepal", "adm1_pcode": "NP03", "adm1_name": "Bagmati", "adm2_pcode": "NP0327", "adm2_name": "Kathmandu", "adm3_pcode": "NP0327303", "adm3_name": "Budhanilkhantha", "adm4_pcode": null, "adm4_name": null, "name_latin": "Ring Road", "path": "C:/Users/neetu/OneDrive/Desktop/naxa file/GTFS Dashboard/data/trunk.geojson" }, "geometry": { "type": "MultiLineString", "coordinates": [ [ [ 85.3467182, 27.7175145 ], [ 85.3467128, 27.7174662 ], [ 85.3467027, 27.7173766 ] ] ] } },
{ "type": "Feature", "properties": { "id": "way/180373624", "name": "Kathmandu Ringroad", "name_en": null, "name_ne": "काठमाडाैँ चक्रपथ", "highway": "trunk", "surface": "paved", "smoothness": null, "width": "14", "lanes": "4", "oneway": "no", "bridge": "yes", "layer": "2", "source": null, "adm0_pcode": "NPL", "adm0_name": "Nepal", "adm1_pcode": "NP03", "adm1_name": "Bagmati", "adm2_pcode": "NP0327", "adm2_name": "Kathmandu", "adm3_pcode": "NP0327303", "adm3_name": "Budhanilkhantha", "adm4_pcode": null, "adm4_name": null, "name_latin": "Kathmandu Ringroad", "path": "C:/Users/neetu/OneDrive/Desktop/naxa file/GTFS Dashboard/data/trunk.geojson" }, "geometry": { "type": "MultiLineString", "coordinates": [ [ [ 85.3456208, 27.721818 ], [ 85.3454401, 27.7222872 ] ] ] } },
{ "type": "Feature", "properties": { "id": "way/1118295691", "name": "Kathmandu Ringroad", "name_en": null, "name_ne": "काठमाडाैँ चक्रपथ", "highway": "trunk", "surface": "asphalt", "smoothness": null, "width": "14", "lanes": "2", "oneway": "yes", "bridge": null, "layer": null, "source": null, "adm0_pcode": "NPL", "adm0_name": "Nepal", "adm1_pcode": "NP03", "adm1_name": "Bagmati", "adm2_pcode": "NP0327", "adm2_name": "Kathmandu", "adm3_pcode": "NP0327303", "adm3_name": "Budhanilkhantha", "adm4_pcode": null, "adm4_name": null, "name_latin": "Kathmandu Ringroad", "path": "C:/Users/neetu/OneDrive/Desktop/naxa file/GTFS Dashboard/data/trunk.geojson" }, "geometry": { "type": "MultiLineString", "coordinates": [ [ [ 85.3465029, 27.7170084 ], [ 85.3465061, 27.7170752 ], [ 85.3465615, 27.7172298 ] ] ] } },
{ "type": "Feature", "properties": { "id": "way/1071913170", "name": "Kathmandu Ringroad", "name_en": null, "name_ne": "काठमाडाैँ चक्रपथ", "highway": "trunk", "surface": "asphalt", "smoothness": null, "width": null, "lanes": null, "oneway": "yes", "bridge": null, "layer": null, "source": null, "adm0_pcode": "NPL", "adm0_name": "Nepal", "adm1_pcode": "NP03", "adm1_name": "Bagmati", "adm2_pcode": "NP0327", "adm2_name": "Kathmandu", "adm3_pcode": "NP0327303", "adm3_name": "Budhanilkhantha", "adm4_pcode": null, "adm4_name": null, "name_latin": "Kathmandu Ringroad", "path": "C:/Users/neetu/OneDrive/Desktop/naxa file/GTFS Dashboard/data/trunk.geojson" }, "geometry": { "type": "MultiLineString", "coordinates": [ [ [ 85.3466601, 27.7170242 ], [ 85.3466121, 27.7170253 ], [ 85.3465695, 27.717025 ], [ 85.3465029, 27.7170084 ] ] ] } },
{ "type": "Feature", "properties": { "id": "way/1071913169", "name": "Kathmandu Ringroad", "name_en": null, "name_ne": "काठमाडाैँ चक्रपथ", "highway": "trunk", "surface": null, "smoothness": null, "width": "12", "lanes": "2", "oneway": "yes", "bridge": null, "layer": null, "source": null, "adm0_pcode": "NPL", "adm0_name": "Nepal", "adm1_pcode": "NP03", "adm1_name": "Bagmati", "adm2_pcode": "NP0327", "adm2_name": "Kathmandu", "adm3_pcode": "NP0327303", "adm3_name": "Budhanilkhantha", "adm4_pcode": null, "adm4_name": null, "name_latin": "Kathmandu Ringroad", "path": "C:/Users/neetu/OneDrive/Desktop/naxa file/GTFS Dashboard/data/trunk.geojson" }, "geometry": { "type": "MultiLineString", "coordinates": [ [ [ 85.3466601, 27.7170242 ], [ 85.3466133, 27.7169346 ], [ 85.3465859, 27.7168768 ], [ 85.3464267, 27.7166853 ] ] ] } },
{ "type": "Feature", "properties": { "id": "way/231882050", "name": "मदन भण्डारी पथ", "name_en": "Madan Bhandari Path", "name_ne": "मदन भण्डारी पथ", "highway": "trunk", "surface": "asphalt", "smoothness": null, "width": "6", "lanes": "2", "oneway": "yes", "bridge": null, "layer": null, "source": null, "adm0_pcode": "NPL", "adm0_name": "Nepal", "adm1_pcode": "NP03", "adm1_name": "Bagmati", "adm2_pcode": "NP0327", "adm2_name": "Kathmandu", "adm3_pcode": "NP0327101", "adm3_name": "Kathmandu", "adm4_pcode": null, "adm4_name": null, "name_latin": "Madan Bhandari Path", "path": "C:/Users/neetu/OneDrive/Desktop/naxa file/GTFS Dashboard/data/trunk.geojson" }, "geometry": { "type": "MultiLineString", "coordinates": [ [ [ 85.3238932, 27.692519 ], [ 85.3244572, 27.6922321 ], [ 85.3255431, 27.6917307 ], [ 85.326071, 27.6914869 ], [ 85.327077, 27.691005 ], [ 85.3278743, 27.6906322 ], [ 85.327951, 27.6905913 ], [ 85.3281072, 27.6905215 ] ] ] } },
{ "type": "Feature", "properties": { "id": "way/232095616", "name": "मदन भण्डारी पथ", "name_en": "Madan Bhandari Path", "name_ne": "मदन भण्डारी पथ", "highway": "trunk", "surface": "asphalt", "smoothness": null, "width": "6", "lanes": "2", "oneway": "yes", "bridge": null, "layer": null, "source": null, "adm0_pcode": "NPL", "adm0_name": "Nepal", "adm1_pcode": "NP03", "adm1_name": "Bagmati", "adm2_pcode": "NP0327", "adm2_name": "Kathmandu", "adm3_pcode": "NP0327101", "adm3_name": "Kathmandu", "adm4_pcode": null, "adm4_name": null, "name_latin": "Madan Bhandari Path", "path": "C:/Users/neetu/OneDrive/Desktop/naxa file/GTFS Dashboard/data/trunk.geojson" }, "geometry": { "type": "MultiLineString", "coordinates": [ [ [ 85.3279291, 27.6905324 ], [ 85.3278407, 27.6905748 ], [ 85.3255084, 27.6916763 ], [ 85.3243243, 27.6922288 ] ] ] } },
{ "type": "Feature", "properties": { "id": "way/176147962", "name": "Kathmandu Ringroad", "name_en": null, "name_ne": "काठमाडाैँ चक्रपथ", "highway": "trunk", "surface": "paved", "smoothness": null, "width": "16", "lanes": "4", "oneway": "no", "bridge": null, "layer": null, "source": null, "adm0_pcode": "NPL", "adm0_name": "Nepal", "adm1_pcode": "NP03", "adm1_name": "Bagmati", "adm2_pcode": "NP0327", "adm2_name": "Kathmandu", "adm3_pcode": "NP0327101", "adm3_name": "Kathmandu", "adm4_pcode": null, "adm4_name": null, "name_latin": "Kathmandu Ringroad", "path": "C:/Users/neetu/OneDrive/Desktop/naxa file/GTFS Dashboard/data/trunk.geojson" }, "geometry": { "type": "MultiLineString", "coordinates": [ [ [ 85.3050855, 27.727599 ], [ 85.3051216, 27.7276715 ], [ 85.3051548, 27.7277459 ], [ 85.3051849, 27.7278206 ], [ 85.3052119, 27.7278942 ], [ 85.3052355, 27.7279651 ], [ 85.3052558, 27.7280317 ], [ 85.3052725, 27.7280926 ], [ 85.3052875, 27.7281884 ], [ 85.3052986, 27.7283149 ], [ 85.3053097, 27.7286878 ], [ 85.3053172, 27.7291328 ], [ 85.3053304, 27.7303255 ], [ 85.3053314, 27.7304151 ], [ 85.3053422, 27.7313943 ], [ 85.3053663, 27.7318909 ], [ 85.3053747, 27.7321299 ] ] ] } },
{ "type": "Feature", "properties": { "id": "way/1292071068", "name": "त्रिभुवन राजपथ", "name_en": "Tribhuvan Rajpath", "name_ne": "त्रिभुवन राजपथ", "highway": "trunk", "surface": "paved", "smoothness": null, "width": null, "lanes": "2", "oneway": null, "bridge": null, "layer": null, "source": null, "adm0_pcode": "NPL", "adm0_name": "Nepal", "adm1_pcode": "NP03", "adm1_name": "Bagmati", "adm2_pcode": "NP0327", "adm2_name": "Kathmandu", "adm3_pcode": "NP0327308", "adm3_name": "Chandragiri", "adm4_pcode": null, "adm4_name": null, "name_latin": "Tribhuvan Rajpath", "path": "C:/Users/neetu/OneDrive/Desktop/naxa file/GTFS Dashboard/data/trunk.geojson" }, "geometry": { "type": "MultiLineString", "coordinates": [ [ [ 85.2155799, 27.6962378 ], [ 85.2160088, 27.6960011 ], [ 85.2162085, 27.6958652 ], [ 85.2165126, 27.6956785 ], [ 85.2166557, 27.6955763 ], [ 85.2167752, 27.6954693 ], [ 85.2171663, 27.6950933 ], [ 85.2173541, 27.694839 ], [ 85.2176029, 27.6944646 ], [ 85.2176481, 27.694411 ], [ 85.217973, 27.6940291 ], [ 85.2180627, 27.6939453 ], [ 85.2181033, 27.693916 ], [ 85.2181792, 27.6938709 ], [ 85.2182728, 27.6938357 ], [ 85.2184015, 27.6937992 ] ] ] } },
{ "type": "Feature", "properties": { "id": "way/232095629", "name": "मदन भण्डारी पथ", "name_en": "Madan Bhandari Path", "name_ne": "मदन भण्डारी पथ", "highway": "trunk", "surface": "asphalt", "smoothness": null, "width": "9", "lanes": "2", "oneway": "yes", "bridge": null, "layer": null, "source": null, "adm0_pcode": "NPL", "adm0_name": "Nepal", "adm1_pcode": "NP03", "adm1_name": "Bagmati", "adm2_pcode": "NP0327", "adm2_name": "Kathmandu", "adm3_pcode": "NP0327101", "adm3_name": "Kathmandu", "adm4_pcode": null, "adm4_name": null, "name_latin": "Madan Bhandari Path", "path": "C:/Users/neetu/OneDrive/Desktop/naxa file/GTFS Dashboard/data/trunk.geojson" }, "geometry": { "type": "MultiLineString", "coordinates": [ [ [ 85.3456401, 27.6860032 ], [ 85.3448613, 27.6861556 ], [ 85.3446458, 27.6861978 ] ] ] } },
{ "type": "Feature", "properties": { "id": "way/231880681", "name": "मदन भण्डारी पथ", "name_en": "Madan Bhandari Path", "name_ne": "मदन भण्डारी पथ", "highway": "trunk", "surface": null, "smoothness": null, "width": "9", "lanes": "2", "oneway": "yes", "bridge": null, "layer": null, "source": null, "adm0_pcode": "NPL", "adm0_name": "Nepal", "adm1_pcode": "NP03", "adm1_name": "Bagmati", "adm2_pcode": "NP0327", "adm2_name": "Kathmandu", "adm3_pcode": "NP0327101", "adm3_name": "Kathmandu", "adm4_pcode": null, "adm4_name": null, "name_latin": "Madan Bhandari Path", "path": "C:/Users/neetu/OneDrive/Desktop/naxa file/GTFS Dashboard/data/trunk.geojson" }, "geometry": { "type": "MultiLineString", "coordinates": [ [ [ 85.3443547, 27.686315 ], [ 85.3445355, 27.6862874 ], [ 85.3446733, 27.6862612 ], [ 85.3448806, 27.686218 ], [ 85.3456573, 27.6860432 ], [ 85.3458885, 27.6859995 ], [ 85.3462309, 27.685935 ], [ 85.3463543, 27.6859233 ], [ 85.3464968, 27.6858978 ], [ 85.3466389, 27.6858777 ] ] ] } },
{ "type": "Feature", "properties": { "id": "way/232095630", "name": "मदन भण्डारी पथ", "name_en": "Madan Bhandari Path", "name_ne": "मदन भण्डारी पथ", "highway": "trunk", "surface": "asphalt", "smoothness": null, "width": "6", "lanes": "2", "oneway": "yes", "bridge": null, "layer": null, "source": null, "adm0_pcode": "NPL", "adm0_name": "Nepal", "adm1_pcode": "NP03", "adm1_name": "Bagmati", "adm2_pcode": "NP0327", "adm2_name": "Kathmandu", "adm3_pcode": "NP0327101", "adm3_name": "Kathmandu", "adm4_pcode": null, "adm4_name": null, "name_latin": "Madan Bhandari Path", "path": "C:/Users/neetu/OneDrive/Desktop/naxa file/GTFS Dashboard/data/trunk.geojson" }, "geometry": { "type": "MultiLineString", "coordinates": [ [ [ 85.3407311, 27.6870705 ], [ 85.3402935, 27.6871672 ], [ 85.3393361, 27.6873819 ], [ 85.3389464, 27.6874639 ], [ 85.338512, 27.687554 ] ] ] } },
{ "type": "Feature", "properties": { "id": "way/171603747", "name": "Kathmandu Ringroad", "name_en": null, "name_ne": "काठमाडाैँ चक्रपथ", "highway": "trunk", "surface": "paved", "smoothness": null, "width": "14", "lanes": "4", "oneway": "no", "bridge": null, "layer": null, "source": null, "adm0_pcode": "NPL", "adm0_name": "Nepal", "adm1_pcode": "NP03", "adm1_name": "Bagmati", "adm2_pcode": "NP0327", "adm2_name": "Kathmandu", "adm3_pcode": "NP0327303", "adm3_name": "Budhanilkhantha", "adm4_pcode": null, "adm4_name": null, "name_latin": "Kathmandu Ringroad", "path": "C:/Users/neetu/OneDrive/Desktop/naxa file/GTFS Dashboard/data/trunk.geojson" }, "geometry": { "type": "MultiLineString", "coordinates": [ [ [ 85.3464267, 27.7166853 ], [ 85.3464028, 27.7166267 ], [ 85.3463219, 27.7163914 ], [ 85.3461889, 27.7160314 ] ] ] } },
{ "type": "Feature", "properties": { "id": "way/1071901893", "name": "Kathmandu Ringroad", "name_en": null, "name_ne": "काठमाडाैँ चक्रपथ", "highway": "trunk", "surface": null, "smoothness": null, "width": "12", "lanes": "2", "oneway": "yes", "bridge": null, "layer": null, "source": null, "adm0_pcode": "NPL", "adm0_name": "Nepal", "adm1_pcode": "NP03", "adm1_name": "Bagmati", "adm2_pcode": "NP0327", "adm2_name": "Kathmandu", "adm3_pcode": "NP0327303", "adm3_name": "Budhanilkhantha", "adm4_pcode": null, "adm4_name": null, "name_latin": "Kathmandu Ringroad", "path": "C:/Users/neetu/OneDrive/Desktop/naxa file/GTFS Dashboard/data/trunk.geojson" }, "geometry": { "type": "MultiLineString", "coordinates": [ [ [ 85.3464267, 27.7166853 ], [ 85.3464965, 27.7169641 ], [ 85.3465029, 27.7170084 ] ] ] } },
{ "type": "Feature", "properties": { "id": "way/1071913168", "name": "Kathmandu Ringroad", "name_en": null, "name_ne": "काठमाडाैँ चक्रपथ", "highway": "trunk", "surface": null, "smoothness": null, "width": "14", "lanes": "2", "oneway": "yes", "bridge": null, "layer": null, "source": null, "adm0_pcode": "NPL", "adm0_name": "Nepal", "adm1_pcode": "NP03", "adm1_name": "Bagmati", "adm2_pcode": "NP0327", "adm2_name": "Kathmandu", "adm3_pcode": "NP0327303", "adm3_name": "Budhanilkhantha", "adm4_pcode": null, "adm4_name": null, "name_latin": "Kathmandu Ringroad", "path": "C:/Users/neetu/OneDrive/Desktop/naxa file/GTFS Dashboard/data/trunk.geojson" }, "geometry": { "type": "MultiLineString", "coordinates": [ [ [ 85.3467027, 27.7173766 ], [ 85.3467069, 27.7173306 ], [ 85.3467356, 27.7172307 ] ] ] } },
{ "type": "Feature", "properties": { "id": "way/1330813761", "name": "Tribhuvan Rajpath", "name_en": null, "name_ne": null, "highway": "trunk", "surface": "paved", "smoothness": null, "width": null, "lanes": "2", "oneway": "yes", "bridge": null, "layer": null, "source": null, "adm0_pcode": "NPL", "adm0_name": "Nepal", "adm1_pcode": "NP03", "adm1_name": "Bagmati", "adm2_pcode": "NP0327", "adm2_name": "Kathmandu", "adm3_pcode": "NP0327308", "adm3_name": "Chandragiri", "adm4_pcode": null, "adm4_name": null, "name_latin": "Tribhuvan Rajpath", "path": "C:/Users/neetu/OneDrive/Desktop/naxa file/GTFS Dashboard/data/trunk.geojson" }, "geometry": { "type": "MultiLineString", "coordinates": [ [ [ 85.2593954, 27.6862227 ], [ 85.2591228, 27.6861951 ], [ 85.2581508, 27.6862763 ], [ 85.2574655, 27.6863438 ], [ 85.2571225, 27.6863815 ], [ 85.2560721, 27.6864686 ], [ 85.2559737, 27.6864764 ], [ 85.2558148, 27.6864864 ], [ 85.2551259, 27.6865469 ], [ 85.2549928, 27.6865538 ], [ 85.2539746, 27.6866217 ], [ 85.253866, 27.6866514 ], [ 85.2538137, 27.6866882 ] ] ] } },
{ "type": "Feature", "properties": { "id": "way/232502594", "name": "Tribhuvan Rajpath", "name_en": null, "name_ne": null, "highway": "trunk", "surface": "paved", "smoothness": null, "width": null, "lanes": "2", "oneway": "yes", "bridge": null, "layer": null, "source": null, "adm0_pcode": "NPL", "adm0_name": "Nepal", "adm1_pcode": "NP03", "adm1_name": "Bagmati", "adm2_pcode": "NP0327", "adm2_name": "Kathmandu", "adm3_pcode": "NP0327308", "adm3_name": "Chandragiri", "adm4_pcode": null, "adm4_name": null, "name_latin": "Tribhuvan Rajpath", "path": "C:/Users/neetu/OneDrive/Desktop/naxa file/GTFS Dashboard/data/trunk.geojson" }, "geometry": { "type": "MultiLineString", "coordinates": [ [ [ 85.2538137, 27.6866882 ], [ 85.2539076, 27.6867036 ], [ 85.2549868, 27.6866274 ], [ 85.2551388, 27.6866074 ], [ 85.2558379, 27.6865449 ], [ 85.2559939, 27.6865345 ], [ 85.2561125, 27.6865243 ], [ 85.257103, 27.6864336 ], [ 85.2574763, 27.6864056 ], [ 85.2582897, 27.6863371 ], [ 85.2585829, 27.6863129 ], [ 85.2591396, 27.6862791 ], [ 85.2593954, 27.6862227 ] ] ] } },
{ "type": "Feature", "properties": { "id": "way/1071901895", "name": "Kathmandu Ringroad", "name_en": null, "name_ne": "काठमाडाैँ चक्रपथ", "highway": "trunk", "surface": "asphalt", "smoothness": null, "width": "14", "lanes": "2", "oneway": "yes", "bridge": null, "layer": null, "source": null, "adm0_pcode": "NPL", "adm0_name": "Nepal", "adm1_pcode": "NP03", "adm1_name": "Bagmati", "adm2_pcode": "NP0327", "adm2_name": "Kathmandu", "adm3_pcode": "NP0327303", "adm3_name": "Budhanilkhantha", "adm4_pcode": null, "adm4_name": null, "name_latin": "Kathmandu Ringroad", "path": "C:/Users/neetu/OneDrive/Desktop/naxa file/GTFS Dashboard/data/trunk.geojson" }, "geometry": { "type": "MultiLineString", "coordinates": [ [ [ 85.3467356, 27.7172307 ], [ 85.3467192, 27.7171242 ], [ 85.3466951, 27.7170668 ], [ 85.3466601, 27.7170242 ] ] ] } },
{ "type": "Feature", "properties": { "id": "way/1071890143", "name": "Kathmandu Ringroad", "name_en": null, "name_ne": "काठमाडाैँ चक्रपथ", "highway": "trunk", "surface": "asphalt", "smoothness": null, "width": null, "lanes": null, "oneway": "yes", "bridge": null, "layer": null, "source": null, "adm0_pcode": "NPL", "adm0_name": "Nepal", "adm1_pcode": "NP03", "adm1_name": "Bagmati", "adm2_pcode": "NP0327", "adm2_name": "Kathmandu", "adm3_pcode": "NP0327303", "adm3_name": "Budhanilkhantha", "adm4_pcode": null, "adm4_name": null, "name_latin": "Kathmandu Ringroad", "path": "C:/Users/neetu/OneDrive/Desktop/naxa file/GTFS Dashboard/data/trunk.geojson" }, "geometry": { "type": "MultiLineString", "coordinates": [ [ [ 85.3465615, 27.7172298 ], [ 85.3466038, 27.7172458 ], [ 85.3466768, 27.7172458 ], [ 85.3467356, 27.7172307 ] ] ] } },
{ "type": "Feature", "properties": { "id": "way/1330813760", "name": null, "name_en": null, "name_ne": null, "highway": "trunk_link", "surface": null, "smoothness": null, "width": null, "lanes": null, "oneway": null, "bridge": null, "layer": null, "source": null, "adm0_pcode": "NPL", "adm0_name": "Nepal", "adm1_pcode": "NP03", "adm1_name": "Bagmati", "adm2_pcode": "NP0327", "adm2_name": "Kathmandu", "adm3_pcode": "NP0327308", "adm3_name": "Chandragiri", "adm4_pcode": null, "adm4_name": null, "name_latin": null, "path": "C:/Users/neetu/OneDrive/Desktop/naxa file/GTFS Dashboard/data/trunk.geojson" }, "geometry": { "type": "MultiLineString", "coordinates": [ [ [ 85.2574763, 27.6864056 ], [ 85.2574655, 27.6863438 ] ] ] } },
{ "type": "Feature", "properties": { "id": "way/1284332023", "name": "Tribhuvan Rajpath", "name_en": null, "name_ne": null, "highway": "trunk", "surface": "paved", "smoothness": null, "width": "22", "lanes": "2", "oneway": "yes", "bridge": null, "layer": null, "source": null, "adm0_pcode": "NPL", "adm0_name": "Nepal", "adm1_pcode": "NP03", "adm1_name": "Bagmati", "adm2_pcode": "NP0327", "adm2_name": "Kathmandu", "adm3_pcode": "NP0327308", "adm3_name": "Chandragiri", "adm4_pcode": null, "adm4_name": null, "name_latin": "Tribhuvan Rajpath", "path": "C:/Users/neetu/OneDrive/Desktop/naxa file/GTFS Dashboard/data/trunk.geojson" }, "geometry": { "type": "MultiLineString", "coordinates": [ [ [ 85.2777959, 27.6921537 ], [ 85.2779238, 27.6922031 ], [ 85.2780295, 27.6922466 ], [ 85.2781747, 27.6923104 ], [ 85.2784105, 27.6924003 ], [ 85.279002, 27.6926536 ], [ 85.2793544, 27.6927963 ], [ 85.279606, 27.6928866 ] ] ] } },
{ "type": "Feature", "properties": { "id": "way/231882044", "name": "Araniko Highway", "name_en": null, "name_ne": null, "highway": "trunk", "surface": "asphalt", "smoothness": null, "width": "10", "lanes": "2", "oneway": "yes", "bridge": null, "layer": null, "source": null, "adm0_pcode": "NPL", "adm0_name": "Nepal", "adm1_pcode": "NP03", "adm1_name": "Bagmati", "adm2_pcode": "NP0326", "adm2_name": "Bhaktapur", "adm3_pcode": "NP0326304", "adm3_name": "Suryabinayak", "adm4_pcode": null, "adm4_name": null, "name_latin": "Araniko Highway", "path": "C:/Users/neetu/OneDrive/Desktop/naxa file/GTFS Dashboard/data/trunk.geojson" }, "geometry": { "type": "MultiLineString", "coordinates": [ [ [ 85.4068282, 27.6723005 ], [ 85.4069734, 27.6722591 ], [ 85.4073232, 27.6721595 ], [ 85.4078085, 27.672013 ] ] ] } },
{ "type": "Feature", "properties": { "id": "way/1284332019", "name": "Tribhuvan Rajpath", "name_en": null, "name_ne": null, "highway": "trunk", "surface": "paved", "smoothness": null, "width": "22", "lanes": "2", "oneway": "yes", "bridge": null, "layer": null, "source": null, "adm0_pcode": "NPL", "adm0_name": "Nepal", "adm1_pcode": "NP03", "adm1_name": "Bagmati", "adm2_pcode": "NP0327", "adm2_name": "Kathmandu", "adm3_pcode": "NP0327308", "adm3_name": "Chandragiri", "adm4_pcode": null, "adm4_name": null, "name_latin": "Tribhuvan Rajpath", "path": "C:/Users/neetu/OneDrive/Desktop/naxa file/GTFS Dashboard/data/trunk.geojson" }, "geometry": { "type": "MultiLineString", "coordinates": [ [ [ 85.279696, 27.6928259 ], [ 85.2794023, 27.6927213 ], [ 85.2790443, 27.6925761 ], [ 85.2784433, 27.6923297 ], [ 85.2782857, 27.6922659 ], [ 85.2780853, 27.6921943 ], [ 85.2779664, 27.6921616 ], [ 85.2777959, 27.6921537 ] ] ] } },
{ "type": "Feature", "properties": { "id": "way/232096885", "name": "Araniko Highway", "name_en": null, "name_ne": null, "highway": "trunk", "surface": "asphalt", "smoothness": null, "width": "10", "lanes": "2", "oneway": "yes", "bridge": null, "layer": null, "source": null, "adm0_pcode": "NPL", "adm0_name": "Nepal", "adm1_pcode": "NP03", "adm1_name": "Bagmati", "adm2_pcode": "NP0326", "adm2_name": "Bhaktapur", "adm3_pcode": "NP0326304", "adm3_name": "Suryabinayak", "adm4_pcode": null, "adm4_name": null, "name_latin": "Araniko Highway", "path": "C:/Users/neetu/OneDrive/Desktop/naxa file/GTFS Dashboard/data/trunk.geojson" }, "geometry": { "type": "MultiLineString", "coordinates": [ [ [ 85.4067769, 27.6721888 ], [ 85.4060711, 27.6723788 ], [ 85.4052845, 27.6725978 ] ] ] } },
{ "type": "Feature", "properties": { "id": "way/220025930", "name": "Araniko Highway", "name_en": null, "name_ne": null, "highway": "trunk", "surface": "asphalt", "smoothness": null, "width": "10", "lanes": "2", "oneway": "yes", "bridge": null, "layer": null, "source": null, "adm0_pcode": "NPL", "adm0_name": "Nepal", "adm1_pcode": "NP03", "adm1_name": "Bagmati", "adm2_pcode": "NP0326", "adm2_name": "Bhaktapur", "adm3_pcode": "NP0326304", "adm3_name": "Suryabinayak", "adm4_pcode": null, "adm4_name": null, "name_latin": "Araniko Highway", "path": "C:/Users/neetu/OneDrive/Desktop/naxa file/GTFS Dashboard/data/trunk.geojson" }, "geometry": { "type": "MultiLineString", "coordinates": [ [ [ 85.4083933, 27.6716758 ], [ 85.4083245, 27.6717121 ], [ 85.4081459, 27.6717886 ], [ 85.4079218, 27.6718742 ], [ 85.4077261, 27.6719311 ], [ 85.4072764, 27.6720454 ], [ 85.4067769, 27.6721888 ] ] ] } },
{ "type": "Feature", "properties": { "id": "way/229038204", "name": "मदन भण्डारी पथ", "name_en": "Madan Bhandari Path", "name_ne": "मदन भण्डारी पथ", "highway": "trunk", "surface": "asphalt", "smoothness": null, "width": "9", "lanes": "2", "oneway": "yes", "bridge": null, "layer": null, "source": null, "adm0_pcode": "NPL", "adm0_name": "Nepal", "adm1_pcode": "NP03", "adm1_name": "Bagmati", "adm2_pcode": "NP0327", "adm2_name": "Kathmandu", "adm3_pcode": "NP0327101", "adm3_name": "Kathmandu", "adm4_pcode": null, "adm4_name": null, "name_latin": "Madan Bhandari Path", "path": "C:/Users/neetu/OneDrive/Desktop/naxa file/GTFS Dashboard/data/trunk.geojson" }, "geometry": { "type": "MultiLineString", "coordinates": [ [ [ 85.3446458, 27.6861978 ], [ 85.3443379, 27.686258 ] ] ] } },
{ "type": "Feature", "properties": { "id": "way/231882048", "name": "Araniko Highway", "name_en": null, "name_ne": null, "highway": "trunk", "surface": "asphalt", "smoothness": null, "width": "10", "lanes": "2", "oneway": "yes", "bridge": null, "layer": null, "source": null, "adm0_pcode": "NPL", "adm0_name": "Nepal", "adm1_pcode": "NP03", "adm1_name": "Bagmati", "adm2_pcode": "NP0326", "adm2_name": "Bhaktapur", "adm3_pcode": "NP0326301", "adm3_name": "Madhyapur Thimi", "adm4_pcode": null, "adm4_name": null, "name_latin": "Araniko Highway", "path": "C:/Users/neetu/OneDrive/Desktop/naxa file/GTFS Dashboard/data/trunk.geojson" }, "geometry": { "type": "MultiLineString", "coordinates": [ [ [ 85.3832531, 27.6733788 ], [ 85.3841185, 27.6733403 ], [ 85.3846418, 27.6733212 ], [ 85.3851607, 27.6733317 ], [ 85.3854042, 27.6733529 ] ] ] } },
{ "type": "Feature", "properties": { "id": "way/1330813759", "name": "Tribhuvan Rajpath", "name_en": "Tribhuvan Rajpath", "name_ne": null, "highway": "trunk", "surface": "paved", "smoothness": null, "width": null, "lanes": "2", "oneway": "no", "bridge": null, "layer": null, "source": null, "adm0_pcode": "NPL", "adm0_name": "Nepal", "adm1_pcode": "NP03", "adm1_name": "Bagmati", "adm2_pcode": "NP0327", "adm2_name": "Kathmandu", "adm3_pcode": "NP0327308", "adm3_name": "Chandragiri", "adm4_pcode": null, "adm4_name": null, "name_latin": "Tribhuvan Rajpath", "path": "C:/Users/neetu/OneDrive/Desktop/naxa file/GTFS Dashboard/data/trunk.geojson" }, "geometry": { "type": "MultiLineString", "coordinates": [ [ [ 85.2491681, 27.6870789 ], [ 85.24953, 27.6870413 ], [ 85.2503236, 27.6869575 ], [ 85.2506363, 27.6869157 ] ] ] } },
{ "type": "Feature", "properties": { "id": "way/232096886", "name": "Araniko Highway", "name_en": null, "name_ne": null, "highway": "trunk", "surface": "asphalt", "smoothness": null, "width": "10", "lanes": "4", "oneway": "yes", "bridge": null, "layer": null, "source": null, "adm0_pcode": "NPL", "adm0_name": "Nepal", "adm1_pcode": "NP03", "adm1_name": "Bagmati", "adm2_pcode": "NP0326", "adm2_name": "Bhaktapur", "adm3_pcode": "NP0326301", "adm3_name": "Madhyapur Thimi", "adm4_pcode": null, "adm4_name": null, "name_latin": "Araniko Highway", "path": "C:/Users/neetu/OneDrive/Desktop/naxa file/GTFS Dashboard/data/trunk.geojson" }, "geometry": { "type": "MultiLineString", "coordinates": [ [ [ 85.3862949, 27.673338 ], [ 85.3854255, 27.6732317 ] ] ] } },
{ "type": "Feature", "properties": { "id": "way/1330813762", "name": "Tribhuvan Rajpath", "name_en": null, "name_ne": null, "highway": "trunk", "surface": "paved", "smoothness": null, "width": null, "lanes": "2", "oneway": "no", "bridge": null, "layer": null, "source": null, "adm0_pcode": "NPL", "adm0_name": "Nepal", "adm1_pcode": "NP03", "adm1_name": "Bagmati", "adm2_pcode": "NP0327", "adm2_name": "Kathmandu", "adm3_pcode": "NP0327308", "adm3_name": "Chandragiri", "adm4_pcode": null, "adm4_name": null, "name_latin": "Tribhuvan Rajpath", "path": "C:/Users/neetu/OneDrive/Desktop/naxa file/GTFS Dashboard/data/trunk.geojson" }, "geometry": { "type": "MultiLineString", "coordinates": [ [ [ 85.2506363, 27.6869157 ], [ 85.251267, 27.6868606 ], [ 85.2521433, 27.6867966 ], [ 85.2522404, 27.686797 ], [ 85.2526357, 27.6867812 ], [ 85.2537316, 27.6866938 ], [ 85.2538137, 27.6866882 ] ] ] } },
{ "type": "Feature", "properties": { "id": "way/357506891", "name": "Arniko Raj Marga", "name_en": null, "name_ne": null, "highway": "trunk", "surface": "asphalt", "smoothness": null, "width": "8", "lanes": null, "oneway": "no", "bridge": null, "layer": null, "source": null, "adm0_pcode": "NPL", "adm0_name": "Nepal", "adm1_pcode": "NP03", "adm1_name": "Bagmati", "adm2_pcode": "NP0326", "adm2_name": "Bhaktapur", "adm3_pcode": "NP0326304", "adm3_name": "Suryabinayak", "adm4_pcode": null, "adm4_name": null, "name_latin": "Arniko Raj Marga", "path": "C:/Users/neetu/OneDrive/Desktop/naxa file/GTFS Dashboard/data/trunk.geojson" }, "geometry": { "type": "MultiLineString", "coordinates": [ [ [ 85.4774027, 27.6418954 ], [ 85.4773043, 27.6419495 ] ] ] } },
{ "type": "Feature", "properties": { "id": "way/231103976", "name": "मदन भण्डारी पथ", "name_en": "Madan Bhandari Path", "name_ne": "मदन भण्डारी पथ", "highway": "trunk", "surface": "asphalt", "smoothness": null, "width": "6", "lanes": "2", "oneway": "yes", "bridge": null, "layer": null, "source": null, "adm0_pcode": "NPL", "adm0_name": "Nepal", "adm1_pcode": "NP03", "adm1_name": "Bagmati", "adm2_pcode": "NP0327", "adm2_name": "Kathmandu", "adm3_pcode": "NP0327101", "adm3_name": "Kathmandu", "adm4_pcode": null, "adm4_name": null, "name_latin": "Madan Bhandari Path", "path": "C:/Users/neetu/OneDrive/Desktop/naxa file/GTFS Dashboard/data/trunk.geojson" }, "geometry": { "type": "MultiLineString", "coordinates": [ [ [ 85.338406, 27.6876417 ], [ 85.3389625, 27.6875207 ], [ 85.3393496, 27.6874364 ], [ 85.3405826, 27.6871687 ], [ 85.3415411, 27.6869604 ] ] ] } },
{ "type": "Feature", "properties": { "id": "way/232567681", "name": "Araniko Highway", "name_en": null, "name_ne": null, "highway": "trunk", "surface": "asphalt", "smoothness": null, "width": "8", "lanes": null, "oneway": "no", "bridge": null, "layer": null, "source": null, "adm0_pcode": "NPL", "adm0_name": "Nepal", "adm1_pcode": "NP03", "adm1_name": "Bagmati", "adm2_pcode": "NP0326", "adm2_name": "Bhaktapur", "adm3_pcode": "NP0326304", "adm3_name": "Suryabinayak", "adm4_pcode": null, "adm4_name": null, "name_latin": "Araniko Highway", "path": "C:/Users/neetu/OneDrive/Desktop/naxa file/GTFS Dashboard/data/trunk.geojson" }, "geometry": { "type": "MultiLineString", "coordinates": [ [ [ 85.477514693037904, 27.641851973189731 ], [ 85.4775072, 27.6418547 ], [ 85.4774027, 27.6418954 ] ] ] } },
{ "type": "Feature", "properties": { "id": "way/231786209", "name": "Kathmandu Ringroad", "name_en": null, "name_ne": "काठमाडाैँ चक्रपथ", "highway": "trunk", "surface": "asphalt", "smoothness": null, "width": "14", "lanes": "4", "oneway": "no", "bridge": null, "layer": null, "source": null, "adm0_pcode": "NPL", "adm0_name": "Nepal", "adm1_pcode": "NP03", "adm1_name": "Bagmati", "adm2_pcode": "NP0327", "adm2_name": "Kathmandu", "adm3_pcode": "NP0327101", "adm3_name": "Kathmandu", "adm4_pcode": null, "adm4_name": null, "name_latin": "Kathmandu Ringroad", "path": "C:/Users/neetu/OneDrive/Desktop/naxa file/GTFS Dashboard/data/trunk.geojson" }, "geometry": { "type": "MultiLineString", "coordinates": [ [ [ 85.3293125, 27.7406148 ], [ 85.329379, 27.7406521 ], [ 85.3297046, 27.7408507 ], [ 85.3302069, 27.7411571 ], [ 85.3307914, 27.7415219 ], [ 85.3309173, 27.7416005 ], [ 85.3312359, 27.7417964 ], [ 85.331521, 27.7419499 ], [ 85.3315424, 27.741959 ], [ 85.3316898, 27.7420064 ], [ 85.3318866, 27.7420691 ], [ 85.3320162, 27.7421014 ], [ 85.3321595, 27.7421226 ], [ 85.3322731, 27.7421378 ], [ 85.332366, 27.7421479 ], [ 85.3324544, 27.7421539 ], [ 85.3325556, 27.7421569 ], [ 85.3327485, 27.7421484 ], [ 85.3328682, 27.7421262 ], [ 85.3329938, 27.7420975 ], [ 85.333123, 27.7420563 ], [ 85.3331724, 27.7420386 ], [ 85.3333938, 27.7419528 ], [ 85.3336057, 27.7418548 ], [ 85.3342049, 27.7415206 ], [ 85.3355838, 27.7408075 ] ] ] } },
{ "type": "Feature", "properties": { "id": "way/232502593", "name": "Tribhuvan Rajpath", "name_en": null, "name_ne": null, "highway": "trunk", "surface": "paved", "smoothness": null, "width": null, "lanes": "2", "oneway": "yes", "bridge": null, "layer": null, "source": null, "adm0_pcode": "NPL", "adm0_name": "Nepal", "adm1_pcode": "NP03", "adm1_name": "Bagmati", "adm2_pcode": "NP0327", "adm2_name": "Kathmandu", "adm3_pcode": "NP0327308", "adm3_name": "Chandragiri", "adm4_pcode": null, "adm4_name": null, "name_latin": "Tribhuvan Rajpath", "path": "C:/Users/neetu/OneDrive/Desktop/naxa file/GTFS Dashboard/data/trunk.geojson" }, "geometry": { "type": "MultiLineString", "coordinates": [ [ [ 85.2301083, 27.6888566 ], [ 85.2302518, 27.6888733 ], [ 85.2308364, 27.688803 ], [ 85.2314169, 27.6887569 ], [ 85.2320556, 27.6887082 ], [ 85.2321619, 27.6887044 ], [ 85.2326514, 27.6886753 ], [ 85.2329907, 27.6886443 ], [ 85.2336052, 27.6885883 ], [ 85.234609, 27.688498 ], [ 85.2349118, 27.688464 ], [ 85.2350742, 27.6884474 ], [ 85.2352826, 27.6884297 ], [ 85.2354429, 27.6884166 ], [ 85.2361911, 27.688352 ], [ 85.2367712, 27.6882885 ], [ 85.2369177, 27.6882678 ], [ 85.2371193, 27.6882579 ], [ 85.2374035, 27.6882221 ], [ 85.2381247, 27.6881603 ], [ 85.2389918, 27.6880704 ], [ 85.2400608, 27.6879681 ], [ 85.241776, 27.6878139 ], [ 85.2418962, 27.6877613 ] ] ] } },
{ "type": "Feature", "properties": { "id": "way/1484959280", "name": null, "name_en": null, "name_ne": null, "highway": "trunk", "surface": null, "smoothness": null, "width": null, "lanes": null, "oneway": null, "bridge": null, "layer": "1", "source": null, "adm0_pcode": "NPL", "adm0_name": "Nepal", "adm1_pcode": "NP03", "adm1_name": "Bagmati", "adm2_pcode": "NP0327", "adm2_name": "Kathmandu", "adm3_pcode": "NP0327308", "adm3_name": "Chandragiri", "adm4_pcode": null, "adm4_name": null, "name_latin": null, "path": "C:/Users/neetu/OneDrive/Desktop/naxa file/GTFS Dashboard/data/trunk.geojson" }, "geometry": { "type": "MultiLineString", "coordinates": [ [ [ 85.2363852, 27.6882835 ], [ 85.2362358, 27.6884031 ] ] ] } },
{ "type": "Feature", "properties": { "id": "way/225456435", "name": null, "name_en": null, "name_ne": null, "highway": "trunk", "surface": "asphalt", "smoothness": "good", "width": null, "lanes": "2", "oneway": "yes", "bridge": null, "layer": null, "source": null, "adm0_pcode": "NPL", "adm0_name": "Nepal", "adm1_pcode": "NP03", "adm1_name": "Bagmati", "adm2_pcode": "NP0327", "adm2_name": "Kathmandu", "adm3_pcode": "NP0327101", "adm3_name": "Kathmandu", "adm4_pcode": null, "adm4_name": null, "name_latin": null, "path": "C:/Users/neetu/OneDrive/Desktop/naxa file/GTFS Dashboard/data/trunk.geojson" }, "geometry": { "type": "MultiLineString", "coordinates": [ [ [ 85.3432697, 27.6865008 ], [ 85.3431628, 27.6865289 ] ] ] } },
{ "type": "Feature", "properties": { "id": "way/1330813754", "name": "Tribhuvan Rajpath", "name_en": null, "name_ne": null, "highway": "trunk", "surface": "paved", "smoothness": null, "width": null, "lanes": "2", "oneway": "yes", "bridge": null, "layer": null, "source": null, "adm0_pcode": "NPL", "adm0_name": "Nepal", "adm1_pcode": "NP03", "adm1_name": "Bagmati", "adm2_pcode": "NP0327", "adm2_name": "Kathmandu", "adm3_pcode": "NP0327308", "adm3_name": "Chandragiri", "adm4_pcode": null, "adm4_name": null, "name_latin": "Tribhuvan Rajpath", "path": "C:/Users/neetu/OneDrive/Desktop/naxa file/GTFS Dashboard/data/trunk.geojson" }, "geometry": { "type": "MultiLineString", "coordinates": [ [ [ 85.2418962, 27.6877613 ], [ 85.2417722, 27.6877404 ], [ 85.2415627, 27.6877594 ], [ 85.2407641, 27.6878094 ], [ 85.2394406, 27.687898 ], [ 85.2388814, 27.6879572 ], [ 85.2381363, 27.6880137 ], [ 85.2374024, 27.6880867 ], [ 85.2373066, 27.6880962 ], [ 85.2371656, 27.6881072 ], [ 85.2370549, 27.6881155 ], [ 85.2368191, 27.6881404 ], [ 85.2361725, 27.6882379 ], [ 85.2360016, 27.6882693 ], [ 85.2356521, 27.6883178 ], [ 85.2352709, 27.688344 ], [ 85.2350712, 27.6883604 ], [ 85.2348893, 27.6883834 ], [ 85.2345997, 27.6884134 ], [ 85.2336159, 27.6885108 ], [ 85.2331507, 27.6885466 ], [ 85.2329808, 27.6885591 ], [ 85.232684, 27.6885888 ], [ 85.2321562, 27.6886264 ], [ 85.2320563, 27.6886374 ], [ 85.2320114, 27.688638 ], [ 85.2314065, 27.6886948 ], [ 85.23082, 27.688744 ], [ 85.2302317, 27.6887878 ], [ 85.2301083, 27.6888566 ] ] ] } },
{ "type": "Feature", "properties": { "id": "way/182984833", "name": null, "name_en": null, "name_ne": null, "highway": "trunk", "surface": "asphalt", "smoothness": null, "width": null, "lanes": "2", "oneway": "yes", "bridge": null, "layer": null, "source": null, "adm0_pcode": "NPL", "adm0_name": "Nepal", "adm1_pcode": "NP03", "adm1_name": "Bagmati", "adm2_pcode": "NP0327", "adm2_name": "Kathmandu", "adm3_pcode": "NP0327101", "adm3_name": "Kathmandu", "adm4_pcode": null, "adm4_name": null, "name_latin": null, "path": "C:/Users/neetu/OneDrive/Desktop/naxa file/GTFS Dashboard/data/trunk.geojson" }, "geometry": { "type": "MultiLineString", "coordinates": [ [ [ 85.3431896, 27.6865834 ], [ 85.3432868, 27.686559 ] ] ] } },
{ "type": "Feature", "properties": { "id": "way/231880682", "name": null, "name_en": null, "name_ne": null, "highway": "trunk", "surface": "asphalt", "smoothness": null, "width": "6", "lanes": "2", "oneway": "yes", "bridge": null, "layer": null, "source": null, "adm0_pcode": "NPL", "adm0_name": "Nepal", "adm1_pcode": "NP03", "adm1_name": "Bagmati", "adm2_pcode": "NP0327", "adm2_name": "Kathmandu", "adm3_pcode": "NP0327101", "adm3_name": "Kathmandu", "adm4_pcode": null, "adm4_name": null, "name_latin": null, "path": "C:/Users/neetu/OneDrive/Desktop/naxa file/GTFS Dashboard/data/trunk.geojson" }, "geometry": { "type": "MultiLineString", "coordinates": [ [ [ 85.3415411, 27.6869604 ], [ 85.341615, 27.6869434 ], [ 85.3430483, 27.6866157 ], [ 85.3431896, 27.6865834 ] ] ] } },
{ "type": "Feature", "properties": { "id": "way/4847059", "name": null, "name_en": null, "name_ne": null, "highway": "trunk_link", "surface": null, "smoothness": null, "width": "6", "lanes": null, "oneway": "yes", "bridge": null, "layer": null, "source": null, "adm0_pcode": "NPL", "adm0_name": "Nepal", "adm1_pcode": "NP03", "adm1_name": "Bagmati", "adm2_pcode": "NP0326", "adm2_name": "Bhaktapur", "adm3_pcode": "NP0326303", "adm3_name": "Bhaktapur", "adm4_pcode": null, "adm4_name": null, "name_latin": null, "path": "C:/Users/neetu/OneDrive/Desktop/naxa file/GTFS Dashboard/data/trunk.geojson" }, "geometry": { "type": "MultiLineString", "coordinates": [ [ [ 85.4078085, 27.672013 ], [ 85.4079918, 27.6719755 ], [ 85.4080879, 27.671964 ], [ 85.4081906, 27.6719764 ], [ 85.408285, 27.6719961 ], [ 85.4083899, 27.6720313 ], [ 85.4084919, 27.6720745 ], [ 85.4085952, 27.6721501 ], [ 85.4086869, 27.6722437 ], [ 85.4088623, 27.6725275 ] ] ] } },
{ "type": "Feature", "properties": { "id": "way/182984272", "name": null, "name_en": null, "name_ne": null, "highway": "trunk", "surface": "asphalt", "smoothness": null, "width": "6", "lanes": "2", "oneway": "yes", "bridge": null, "layer": null, "source": null, "adm0_pcode": "NPL", "adm0_name": "Nepal", "adm1_pcode": "NP03", "adm1_name": "Bagmati", "adm2_pcode": "NP0327", "adm2_name": "Kathmandu", "adm3_pcode": "NP0327101", "adm3_name": "Kathmandu", "adm4_pcode": null, "adm4_name": null, "name_latin": null, "path": "C:/Users/neetu/OneDrive/Desktop/naxa file/GTFS Dashboard/data/trunk.geojson" }, "geometry": { "type": "MultiLineString", "coordinates": [ [ [ 85.3431628, 27.6865289 ], [ 85.3430293, 27.6865588 ], [ 85.3423098, 27.6867202 ], [ 85.341598, 27.6868875 ], [ 85.3415719, 27.6868936 ], [ 85.3407311, 27.6870705 ] ] ] } },
{ "type": "Feature", "properties": { "id": "way/231414552", "name": "Kathmandu Ringroad", "name_en": null, "name_ne": "काठमाडाैँ चक्रपथ", "highway": "trunk", "surface": "paved", "smoothness": null, "width": "14", "lanes": "4", "oneway": "no", "bridge": null, "layer": null, "source": null, "adm0_pcode": "NPL", "adm0_name": "Nepal", "adm1_pcode": "NP03", "adm1_name": "Bagmati", "adm2_pcode": "NP0327", "adm2_name": "Kathmandu", "adm3_pcode": "NP0327101", "adm3_name": "Kathmandu", "adm4_pcode": null, "adm4_name": null, "name_latin": "Kathmandu Ringroad", "path": "C:/Users/neetu/OneDrive/Desktop/naxa file/GTFS Dashboard/data/trunk.geojson" }, "geometry": { "type": "MultiLineString", "coordinates": [ [ [ 85.3449555, 27.7119696 ], [ 85.3448608, 27.7117518 ], [ 85.3447386, 27.7114825 ], [ 85.3442991, 27.7106339 ], [ 85.3442451, 27.7105365 ], [ 85.3441997, 27.7104258 ], [ 85.3441715, 27.7103426 ], [ 85.3441101, 27.7101193 ] ] ] } },
{ "type": "Feature", "properties": { "id": "way/1330813757", "name": "Tribhuvan Rajpath", "name_en": "Tribhuvan Rajpath", "name_ne": null, "highway": "trunk", "surface": "paved", "smoothness": null, "width": null, "lanes": "2", "oneway": "yes", "bridge": null, "layer": null, "source": null, "adm0_pcode": "NPL", "adm0_name": "Nepal", "adm1_pcode": "NP03", "adm1_name": "Bagmati", "adm2_pcode": "NP0327", "adm2_name": "Kathmandu", "adm3_pcode": "NP0327308", "adm3_name": "Chandragiri", "adm4_pcode": null, "adm4_name": null, "name_latin": "Tribhuvan Rajpath", "path": "C:/Users/neetu/OneDrive/Desktop/naxa file/GTFS Dashboard/data/trunk.geojson" }, "geometry": { "type": "MultiLineString", "coordinates": [ [ [ 85.2491681, 27.6870789 ], [ 85.2489338, 27.6870722 ], [ 85.2484443, 27.6871244 ], [ 85.2480983, 27.6871762 ], [ 85.247601, 27.6872169 ], [ 85.2469214, 27.6872686 ], [ 85.246584, 27.6872976 ], [ 85.2450275, 27.6874322 ], [ 85.2449302, 27.6874684 ] ] ] } },
{ "type": "Feature", "properties": { "id": "way/1091877743", "name": "Kathmandu Ringroad", "name_en": null, "name_ne": "काठमाडाैँ चक्रपथ", "highway": "trunk", "surface": null, "smoothness": null, "width": "7", "lanes": "2", "oneway": "yes", "bridge": null, "layer": null, "source": null, "adm0_pcode": "NPL", "adm0_name": "Nepal", "adm1_pcode": "NP03", "adm1_name": "Bagmati", "adm2_pcode": "NP0325", "adm2_name": "Lalitpur", "adm3_pcode": "NP0325101", "adm3_name": "Lalitpur", "adm4_pcode": null, "adm4_name": null, "name_latin": "Kathmandu Ringroad", "path": "C:/Users/neetu/OneDrive/Desktop/naxa file/GTFS Dashboard/data/trunk.geojson" }, "geometry": { "type": "MultiLineString", "coordinates": [ [ [ 85.3001447, 27.6845933 ], [ 85.3010633, 27.6844847 ], [ 85.3011896, 27.6844689 ], [ 85.3013385, 27.6844463 ], [ 85.3014502, 27.6844248 ], [ 85.3015784, 27.6843846 ], [ 85.3016899, 27.6843401 ], [ 85.3017417, 27.6843139 ], [ 85.3018515, 27.6842584 ], [ 85.301961, 27.6841884 ], [ 85.3020392, 27.6841205 ], [ 85.3021221, 27.6840486 ], [ 85.3022266, 27.6839247 ], [ 85.3022968, 27.6837979 ], [ 85.3023554, 27.6836618 ], [ 85.302397, 27.6835209 ], [ 85.3024141, 27.6833589 ], [ 85.3024143, 27.6832076 ], [ 85.3023881, 27.6828908 ], [ 85.3023738, 27.6825294 ], [ 85.3023543, 27.6820376 ], [ 85.3023477, 27.6818913 ], [ 85.3023291, 27.6815725 ], [ 85.30231, 27.6811821 ], [ 85.302299, 27.6808718 ], [ 85.3022612, 27.6804586 ], [ 85.3022556, 27.6798623 ], [ 85.3022282, 27.6791638 ], [ 85.3022009, 27.6786174 ] ] ] } },
{ "type": "Feature", "properties": { "id": "way/1330813758", "name": "Tribhuvan Rajpath", "name_en": "Tribhuvan Rajpath", "name_ne": null, "highway": "trunk", "surface": "paved", "smoothness": null, "width": null, "lanes": "2", "oneway": "yes", "bridge": null, "layer": null, "source": null, "adm0_pcode": "NPL", "adm0_name": "Nepal", "adm1_pcode": "NP03", "adm1_name": "Bagmati", "adm2_pcode": "NP0327", "adm2_name": "Kathmandu", "adm3_pcode": "NP0327308", "adm3_name": "Chandragiri", "adm4_pcode": null, "adm4_name": null, "name_latin": "Tribhuvan Rajpath", "path": "C:/Users/neetu/OneDrive/Desktop/naxa file/GTFS Dashboard/data/trunk.geojson" }, "geometry": { "type": "MultiLineString", "coordinates": [ [ [ 85.2449302, 27.6874684 ], [ 85.2450657, 27.6874827 ], [ 85.2465807, 27.6873574 ], [ 85.2469367, 27.6873287 ], [ 85.2476155, 27.6872767 ], [ 85.2480989, 27.6872335 ], [ 85.2484548, 27.6871816 ], [ 85.248926, 27.6871367 ], [ 85.2491681, 27.6870789 ] ] ] } },
{ "type": "Feature", "properties": { "id": "way/194607861", "name": "Araniko Highway", "name_en": null, "name_ne": null, "highway": "trunk", "surface": "asphalt", "smoothness": null, "width": "10", "lanes": "2", "oneway": "yes", "bridge": null, "layer": null, "source": null, "adm0_pcode": "NPL", "adm0_name": "Nepal", "adm1_pcode": "NP03", "adm1_name": "Bagmati", "adm2_pcode": "NP0326", "adm2_name": "Bhaktapur", "adm3_pcode": "NP0326304", "adm3_name": "Suryabinayak", "adm4_pcode": null, "adm4_name": null, "name_latin": "Araniko Highway", "path": "C:/Users/neetu/OneDrive/Desktop/naxa file/GTFS Dashboard/data/trunk.geojson" }, "geometry": { "type": "MultiLineString", "coordinates": [ [ [ 85.4052845, 27.6725978 ], [ 85.4044901, 27.6727973 ], [ 85.4039516, 27.6729379 ] ] ] } },
{ "type": "Feature", "properties": { "id": "way/231786208", "name": "Kathmandu Ringroad", "name_en": null, "name_ne": "काठमाडाैँ चक्रपथ", "highway": "trunk", "surface": "asphalt", "smoothness": null, "width": "7", "lanes": "2", "oneway": "yes", "bridge": null, "layer": null, "source": null, "adm0_pcode": "NPL", "adm0_name": "Nepal", "adm1_pcode": "NP03", "adm1_name": "Bagmati", "adm2_pcode": "NP0325", "adm2_name": "Lalitpur", "adm3_pcode": "NP0325101", "adm3_name": "Lalitpur", "adm4_pcode": null, "adm4_name": null, "name_latin": "Kathmandu Ringroad", "path": "C:/Users/neetu/OneDrive/Desktop/naxa file/GTFS Dashboard/data/trunk.geojson" }, "geometry": { "type": "MultiLineString", "coordinates": [ [ [ 85.3021324, 27.6744791 ], [ 85.3020864, 27.674651 ], [ 85.3020443, 27.6748565 ], [ 85.3020177, 27.6750268 ], [ 85.3020008, 27.6752122 ], [ 85.3019915, 27.6753738 ], [ 85.3019885, 27.6755335 ], [ 85.3019915, 27.6757119 ], [ 85.3020222, 27.6762664 ], [ 85.3020501, 27.6768248 ], [ 85.3020755, 27.6775805 ], [ 85.3020845, 27.6778142 ], [ 85.3020878, 27.6778994 ], [ 85.3021117, 27.6782615 ], [ 85.3021147, 27.6784327 ], [ 85.3021297, 27.6787263 ], [ 85.3021541, 27.6793068 ], [ 85.3021728, 27.6799967 ], [ 85.3021871, 27.680462 ], [ 85.3022209, 27.6808037 ], [ 85.3022397, 27.6811437 ], [ 85.3022595, 27.6816638 ], [ 85.3022674, 27.6818438 ], [ 85.3022941, 27.6823966 ], [ 85.3023013, 27.6825287 ], [ 85.3023149, 27.6827759 ], [ 85.3023369, 27.6831022 ], [ 85.3023309, 27.6833264 ], [ 85.3023218, 27.6834411 ], [ 85.3023014, 27.6835412 ], [ 85.3022778, 27.6836181 ], [ 85.3022577, 27.683686 ], [ 85.3022238, 27.6837638 ], [ 85.3021931, 27.6838206 ], [ 85.3021538, 27.6838761 ], [ 85.3021128, 27.683933 ], [ 85.3020668, 27.6839879 ], [ 85.3020164, 27.6840381 ], [ 85.3019446, 27.6840986 ], [ 85.3018728, 27.684152 ], [ 85.3017915, 27.6842003 ], [ 85.3016962, 27.6842489 ], [ 85.3016383, 27.6842784 ], [ 85.3015036, 27.684326 ], [ 85.3013618, 27.6843674 ], [ 85.3012544, 27.6843875 ], [ 85.3011204, 27.6844088 ], [ 85.3010264, 27.6844191 ], [ 85.3001345, 27.684527 ] ] ] } },
{ "type": "Feature", "properties": { "id": "way/1426160994", "name": "Kathmandu Ringroad", "name_en": null, "name_ne": "काठमाडाैँ चक्रपथ", "highway": "trunk", "surface": "paved", "smoothness": null, "width": "6", "lanes": "2", "oneway": "yes", "bridge": "yes", "layer": "1", "source": null, "adm0_pcode": "NPL", "adm0_name": "Nepal", "adm1_pcode": "NP03", "adm1_name": "Bagmati", "adm2_pcode": "NP0325", "adm2_name": "Lalitpur", "adm3_pcode": "NP0325101", "adm3_name": "Lalitpur", "adm4_pcode": null, "adm4_name": null, "name_latin": "Kathmandu Ringroad", "path": "C:/Users/neetu/OneDrive/Desktop/naxa file/GTFS Dashboard/data/trunk.geojson" }, "geometry": { "type": "MultiLineString", "coordinates": [ [ [ 85.3301377, 27.664123 ], [ 85.3296338, 27.6635076 ] ] ] } },
{ "type": "Feature", "properties": { "id": "way/231882047", "name": "Araniko Highway", "name_en": null, "name_ne": null, "highway": "trunk", "surface": "asphalt", "smoothness": null, "width": "10", "lanes": "2", "oneway": "yes", "bridge": null, "layer": null, "source": null, "adm0_pcode": "NPL", "adm0_name": "Nepal", "adm1_pcode": "NP03", "adm1_name": "Bagmati", "adm2_pcode": "NP0326", "adm2_name": "Bhaktapur", "adm3_pcode": "NP0326304", "adm3_name": "Suryabinayak", "adm4_pcode": null, "adm4_name": null, "name_latin": "Araniko Highway", "path": "C:/Users/neetu/OneDrive/Desktop/naxa file/GTFS Dashboard/data/trunk.geojson" }, "geometry": { "type": "MultiLineString", "coordinates": [ [ [ 85.4049145, 27.6728048 ], [ 85.4051502, 27.6727402 ], [ 85.4052901, 27.6727019 ], [ 85.4056359, 27.6726112 ], [ 85.4063563, 27.6724198 ], [ 85.4068282, 27.6723005 ] ] ] } },
{ "type": "Feature", "properties": { "id": "way/1484959278", "name": null, "name_en": null, "name_ne": null, "highway": "trunk", "surface": null, "smoothness": null, "width": null, "lanes": null, "oneway": "yes", "bridge": null, "layer": null, "source": null, "adm0_pcode": "NPL", "adm0_name": "Nepal", "adm1_pcode": "NP03", "adm1_name": "Bagmati", "adm2_pcode": "NP0327", "adm2_name": "Kathmandu", "adm3_pcode": "NP0327308", "adm3_name": "Chandragiri", "adm4_pcode": null, "adm4_name": null, "name_latin": null, "path": "C:/Users/neetu/OneDrive/Desktop/naxa file/GTFS Dashboard/data/trunk.geojson" }, "geometry": { "type": "MultiLineString", "coordinates": [ [ [ 85.2362358, 27.6884031 ], [ 85.2361748, 27.6884861 ], [ 85.2361346, 27.6885571 ], [ 85.2361119, 27.6886249 ], [ 85.2360942, 27.688735 ], [ 85.2361094, 27.6889144 ], [ 85.2361573, 27.689225 ], [ 85.2362031, 27.6894449 ], [ 85.2362685, 27.6896513 ], [ 85.2363839, 27.6899291 ], [ 85.2365277, 27.6901799 ], [ 85.2366606, 27.6903323 ], [ 85.2369403, 27.6906342 ] ] ] } },
{ "type": "Feature", "properties": { "id": "way/225456438", "name": "मदन भण्डारी पथ", "name_en": "Madan Bhandari Path", "name_ne": "मदन भण्डारी पथ", "highway": "trunk", "surface": "asphalt", "smoothness": null, "width": "6", "lanes": "2", "oneway": "yes", "bridge": "yes", "layer": "2", "source": null, "adm0_pcode": "NPL", "adm0_name": "Nepal", "adm1_pcode": "NP03", "adm1_name": "Bagmati", "adm2_pcode": "NP0327", "adm2_name": "Kathmandu", "adm3_pcode": "NP0327101", "adm3_name": "Kathmandu", "adm4_pcode": null, "adm4_name": null, "name_latin": "Madan Bhandari Path", "path": "C:/Users/neetu/OneDrive/Desktop/naxa file/GTFS Dashboard/data/trunk.geojson" }, "geometry": { "type": "MultiLineString", "coordinates": [ [ [ 85.3432868, 27.686559 ], [ 85.3443547, 27.686315 ] ] ] } },
{ "type": "Feature", "properties": { "id": "way/430355633", "name": null, "name_en": null, "name_ne": null, "highway": "trunk_link", "surface": null, "smoothness": null, "width": null, "lanes": null, "oneway": "yes", "bridge": null, "layer": null, "source": null, "adm0_pcode": "NPL", "adm0_name": "Nepal", "adm1_pcode": "NP03", "adm1_name": "Bagmati", "adm2_pcode": "NP0327", "adm2_name": "Kathmandu", "adm3_pcode": "NP0327308", "adm3_name": "Chandragiri", "adm4_pcode": null, "adm4_name": null, "name_latin": null, "path": "C:/Users/neetu/OneDrive/Desktop/naxa file/GTFS Dashboard/data/trunk.geojson" }, "geometry": { "type": "MultiLineString", "coordinates": [ [ [ 85.2354429, 27.6884166 ], [ 85.2355963, 27.688427 ], [ 85.2356843, 27.6884298 ], [ 85.2358257, 27.688453 ], [ 85.235905, 27.6884725 ], [ 85.2359308, 27.6885578 ], [ 85.2359596, 27.6887827 ], [ 85.2360083, 27.689053 ], [ 85.2360589, 27.6892721 ], [ 85.2361048, 27.6895156 ], [ 85.236141, 27.6896707 ], [ 85.2362239, 27.6898578 ], [ 85.2363068, 27.6900046 ], [ 85.2365658, 27.6903444 ], [ 85.2367184, 27.6905003 ], [ 85.236774, 27.6905378 ], [ 85.2369403, 27.6906342 ] ] ] } },
{ "type": "Feature", "properties": { "id": "way/27034031", "name": "मदन भण्डारी मार्ग", "name_en": "Madan Bhandari Path", "name_ne": "मदन भण्डारी मार्ग", "highway": "trunk", "surface": "asphalt", "smoothness": null, "width": "6", "lanes": "2", "oneway": "yes", "bridge": "yes", "layer": "2", "source": null, "adm0_pcode": "NPL", "adm0_name": "Nepal", "adm1_pcode": "NP03", "adm1_name": "Bagmati", "adm2_pcode": "NP0327", "adm2_name": "Kathmandu", "adm3_pcode": "NP0327101", "adm3_name": "Kathmandu", "adm4_pcode": null, "adm4_name": null, "name_latin": "Madan Bhandari Path", "path": "C:/Users/neetu/OneDrive/Desktop/naxa file/GTFS Dashboard/data/trunk.geojson" }, "geometry": { "type": "MultiLineString", "coordinates": [ [ [ 85.3443379, 27.686258 ], [ 85.3432697, 27.6865008 ] ] ] } },
{ "type": "Feature", "properties": { "id": "way/1484959276", "name": null, "name_en": null, "name_ne": null, "highway": "trunk", "surface": null, "smoothness": null, "width": null, "lanes": null, "oneway": null, "bridge": null, "layer": null, "source": null, "adm0_pcode": "NPL", "adm0_name": "Nepal", "adm1_pcode": "NP03", "adm1_name": "Bagmati", "adm2_pcode": "NP0327", "adm2_name": "Kathmandu", "adm3_pcode": "NP0327308", "adm3_name": "Chandragiri", "adm4_pcode": null, "adm4_name": null, "name_latin": null, "path": "C:/Users/neetu/OneDrive/Desktop/naxa file/GTFS Dashboard/data/trunk.geojson" }, "geometry": { "type": "MultiLineString", "coordinates": [ [ [ 85.2369403, 27.6906342 ], [ 85.2366504, 27.6901903 ], [ 85.2364906, 27.6898456 ], [ 85.236405, 27.689551 ], [ 85.2363228, 27.6892085 ], [ 85.236295, 27.6889259 ], [ 85.2362747, 27.6887401 ], [ 85.2362842, 27.6885874 ], [ 85.2363145, 27.6885229 ], [ 85.2363223, 27.6885062 ], [ 85.2363775, 27.6884464 ], [ 85.2364255, 27.688412 ], [ 85.2367712, 27.6882885 ] ] ] } },
{ "type": "Feature", "properties": { "id": "way/1485288249", "name": null, "name_en": null, "name_ne": null, "highway": "trunk_link", "surface": null, "smoothness": null, "width": null, "lanes": null, "oneway": null, "bridge": null, "layer": null, "source": null, "adm0_pcode": "NPL", "adm0_name": "Nepal", "adm1_pcode": "NP03", "adm1_name": "Bagmati", "adm2_pcode": "NP0327", "adm2_name": "Kathmandu", "adm3_pcode": "NP0327308", "adm3_name": "Chandragiri", "adm4_pcode": null, "adm4_name": null, "name_latin": null, "path": "C:/Users/neetu/OneDrive/Desktop/naxa file/GTFS Dashboard/data/trunk.geojson" }, "geometry": { "type": "MultiLineString", "coordinates": [ [ [ 85.2072435, 27.6998573 ], [ 85.2071761, 27.6998023 ] ] ] } },
{ "type": "Feature", "properties": { "id": "way/190532598", "name": "Kathmandu Ringroad", "name_en": null, "name_ne": "काठमाडाैँ चक्रपथ", "highway": "trunk", "surface": "paved", "smoothness": null, "width": "14", "lanes": "4", "oneway": "no", "bridge": null, "layer": null, "source": null, "adm0_pcode": "NPL", "adm0_name": "Nepal", "adm1_pcode": "NP03", "adm1_name": "Bagmati", "adm2_pcode": "NP0327", "adm2_name": "Kathmandu", "adm3_pcode": "NP0327101", "adm3_name": "Kathmandu", "adm4_pcode": null, "adm4_name": null, "name_latin": "Kathmandu Ringroad", "path": "C:/Users/neetu/OneDrive/Desktop/naxa file/GTFS Dashboard/data/trunk.geojson" }, "geometry": { "type": "MultiLineString", "coordinates": [ [ [ 85.3493909, 27.7060924 ], [ 85.3495282, 27.7061091 ], [ 85.3498304, 27.7061563 ], [ 85.3500792, 27.7061987 ], [ 85.3502903, 27.7062321 ], [ 85.350451, 27.7062408 ], [ 85.3506808, 27.706217 ], [ 85.3507685, 27.7062061 ], [ 85.3509545, 27.7061528 ], [ 85.3510875, 27.7061044 ], [ 85.351232, 27.7060389 ], [ 85.35135, 27.705952 ], [ 85.3514793, 27.7058507 ], [ 85.3516022, 27.7057471 ], [ 85.3516788, 27.7056617 ], [ 85.3517742, 27.705521 ], [ 85.3518319, 27.7053918 ], [ 85.3518632, 27.7053165 ], [ 85.351905, 27.7051505 ], [ 85.3519338, 27.7050294 ], [ 85.3519478, 27.7048591 ], [ 85.3519885, 27.7043249 ], [ 85.3519987, 27.7039451 ], [ 85.3520278, 27.7034717 ], [ 85.3520648, 27.7031872 ], [ 85.3520938, 27.7030185 ], [ 85.3521537, 27.7028275 ], [ 85.3522194, 27.702656 ], [ 85.3523094, 27.7024748 ], [ 85.3523957, 27.7023449 ], [ 85.3525127, 27.7021709 ], [ 85.3526633, 27.7019732 ], [ 85.3527674, 27.7018301 ], [ 85.3528532, 27.7017242 ], [ 85.3530101, 27.7015407 ], [ 85.3531884, 27.7013092 ], [ 85.3532444, 27.7012412 ], [ 85.3532849, 27.7011814 ], [ 85.3533216, 27.7011382 ], [ 85.3534503, 27.700976 ], [ 85.3534988, 27.7009197 ], [ 85.3537169, 27.7006099 ] ] ] } },
{ "type": "Feature", "properties": { "id": "way/1485288251", "name": null, "name_en": null, "name_ne": null, "highway": "trunk_link", "surface": null, "smoothness": null, "width": null, "lanes": null, "oneway": null, "bridge": null, "layer": null, "source": null, "adm0_pcode": "NPL", "adm0_name": "Nepal", "adm1_pcode": "NP03", "adm1_name": "Bagmati", "adm2_pcode": "NP0327", "adm2_name": "Kathmandu", "adm3_pcode": "NP0327308", "adm3_name": "Chandragiri", "adm4_pcode": null, "adm4_name": null, "name_latin": null, "path": "C:/Users/neetu/OneDrive/Desktop/naxa file/GTFS Dashboard/data/trunk.geojson" }, "geometry": { "type": "MultiLineString", "coordinates": [ [ [ 85.2068508, 27.7001639 ], [ 85.206792, 27.7000986 ] ] ] } },
{ "type": "Feature", "properties": { "id": "way/756183449", "name": "Kathmandu Ringroad", "name_en": null, "name_ne": "काठमाडाैँ चक्रपथ", "highway": "trunk", "surface": "paved", "smoothness": null, "width": "14", "lanes": "4", "oneway": "no", "bridge": null, "layer": null, "source": null, "adm0_pcode": "NPL", "adm0_name": "Nepal", "adm1_pcode": "NP03", "adm1_name": "Bagmati", "adm2_pcode": "NP0327", "adm2_name": "Kathmandu", "adm3_pcode": "NP0327305", "adm3_name": "Nagarjun", "adm4_pcode": null, "adm4_name": null, "name_latin": "Kathmandu Ringroad", "path": "C:/Users/neetu/OneDrive/Desktop/naxa file/GTFS Dashboard/data/trunk.geojson" }, "geometry": { "type": "MultiLineString", "coordinates": [ [ [ 85.29368, 27.7229111 ], [ 85.2941084, 27.7231108 ], [ 85.2945753, 27.7233328 ] ] ] } },
{ "type": "Feature", "properties": { "id": "way/406752033", "name": "Kathmandu Ringroad", "name_en": null, "name_ne": "काठमाडाैँ चक्रपथ", "highway": "trunk", "surface": "paved", "smoothness": null, "width": "6", "lanes": "2", "oneway": "yes", "bridge": "yes", "layer": "1", "source": null, "adm0_pcode": "NPL", "adm0_name": "Nepal", "adm1_pcode": "NP03", "adm1_name": "Bagmati", "adm2_pcode": "NP0325", "adm2_name": "Lalitpur", "adm3_pcode": "NP0325101", "adm3_name": "Lalitpur", "adm4_pcode": null, "adm4_name": null, "name_latin": "Kathmandu Ringroad", "path": "C:/Users/neetu/OneDrive/Desktop/naxa file/GTFS Dashboard/data/trunk.geojson" }, "geometry": { "type": "MultiLineString", "coordinates": [ [ [ 85.3322078, 27.6666348 ], [ 85.3321249, 27.6665378 ], [ 85.3320012, 27.6663986 ], [ 85.331772, 27.6661162 ], [ 85.3315376, 27.6658284 ], [ 85.3313559, 27.6656022 ], [ 85.3312638, 27.6654896 ], [ 85.3307933, 27.6649236 ], [ 85.3301377, 27.664123 ] ] ] } },
{ "type": "Feature", "properties": { "id": "way/756860373", "name": "काठमाडाैँ चक्रपथ", "name_en": "Kathmandu Ringroad", "name_ne": "काठमाडाैँ चक्रपथ", "highway": "trunk", "surface": "paved", "smoothness": null, "width": "14", "lanes": "4", "oneway": "no", "bridge": null, "layer": null, "source": null, "adm0_pcode": "NPL", "adm0_name": "Nepal", "adm1_pcode": "NP03", "adm1_name": "Bagmati", "adm2_pcode": "NP0327", "adm2_name": "Kathmandu", "adm3_pcode": "NP0327305", "adm3_name": "Nagarjun", "adm4_pcode": null, "adm4_name": null, "name_latin": "Kathmandu Ringroad", "path": "C:/Users/neetu/OneDrive/Desktop/naxa file/GTFS Dashboard/data/trunk.geojson" }, "geometry": { "type": "MultiLineString", "coordinates": [ [ [ 85.2824928, 27.7074532 ], [ 85.2825253, 27.7076696 ], [ 85.2826305, 27.7083399 ], [ 85.2826905, 27.7088598 ], [ 85.2827938, 27.7096561 ], [ 85.2828367, 27.710127 ] ] ] } },
{ "type": "Feature", "properties": { "id": "way/232096439", "name": "Kathmandu Ringroad", "name_en": null, "name_ne": "काठमाडाैँ चक्रपथ", "highway": "trunk", "surface": "paved", "smoothness": null, "width": "14", "lanes": "4", "oneway": "no", "bridge": null, "layer": null, "source": null, "adm0_pcode": "NPL", "adm0_name": "Nepal", "adm1_pcode": "NP03", "adm1_name": "Bagmati", "adm2_pcode": "NP0327", "adm2_name": "Kathmandu", "adm3_pcode": "NP0327101", "adm3_name": "Kathmandu", "adm4_pcode": null, "adm4_name": null, "name_latin": "Kathmandu Ringroad", "path": "C:/Users/neetu/OneDrive/Desktop/naxa file/GTFS Dashboard/data/trunk.geojson" }, "geometry": { "type": "MultiLineString", "coordinates": [ [ [ 85.2976692, 27.7248138 ], [ 85.2978068, 27.7248456 ], [ 85.2979258, 27.7248728 ], [ 85.2980327, 27.7248972 ], [ 85.2985367, 27.7250148 ], [ 85.298764, 27.7250679 ], [ 85.2988278, 27.7250827 ], [ 85.2992541, 27.7251839 ], [ 85.2995433, 27.7252547 ], [ 85.3001112, 27.7253946 ], [ 85.3019279, 27.7258118 ], [ 85.302103, 27.7258559 ], [ 85.3021394, 27.7258658 ], [ 85.302717, 27.7260277 ], [ 85.3029653, 27.7261078 ], [ 85.3030644, 27.7261421 ], [ 85.3033367, 27.7262633 ] ] ] } },
{ "type": "Feature", "properties": { "id": "way/194607863", "name": "Araniko Highway", "name_en": null, "name_ne": null, "highway": "trunk", "surface": "asphalt", "smoothness": null, "width": "10", "lanes": "2", "oneway": "yes", "bridge": null, "layer": null, "source": null, "adm0_pcode": "NPL", "adm0_name": "Nepal", "adm1_pcode": "NP03", "adm1_name": "Bagmati", "adm2_pcode": "NP0326", "adm2_name": "Bhaktapur", "adm3_pcode": "NP0326304", "adm3_name": "Suryabinayak", "adm4_pcode": null, "adm4_name": null, "name_latin": "Araniko Highway", "path": "C:/Users/neetu/OneDrive/Desktop/naxa file/GTFS Dashboard/data/trunk.geojson" }, "geometry": { "type": "MultiLineString", "coordinates": [ [ [ 85.4001751, 27.6741181 ], [ 85.4016665, 27.6737158 ], [ 85.4030613, 27.6733172 ], [ 85.4042679, 27.6729763 ], [ 85.4049145, 27.6728048 ] ] ] } },
{ "type": "Feature", "properties": { "id": "way/172481630", "name": "सोल्टिमोड सडक", "name_en": "Soltimode", "name_ne": "सोल्टिमोड सडक", "highway": "trunk", "surface": "paved", "smoothness": null, "width": "12", "lanes": "4", "oneway": null, "bridge": null, "layer": null, "source": null, "adm0_pcode": "NPL", "adm0_name": "Nepal", "adm1_pcode": "NP03", "adm1_name": "Bagmati", "adm2_pcode": "NP0327", "adm2_name": "Kathmandu", "adm3_pcode": "NP0327101", "adm3_name": "Kathmandu", "adm4_pcode": null, "adm4_name": null, "name_latin": "Soltimode", "path": "C:/Users/neetu/OneDrive/Desktop/naxa file/GTFS Dashboard/data/trunk.geojson" }, "geometry": { "type": "MultiLineString", "coordinates": [ [ [ 85.2935482, 27.6965848 ], [ 85.2940637, 27.696767 ] ] ] } },
{ "type": "Feature", "properties": { "id": "way/232096888", "name": "Araniko Highway", "name_en": null, "name_ne": null, "highway": "trunk", "surface": "asphalt", "smoothness": null, "width": "10", "lanes": "2", "oneway": "yes", "bridge": null, "layer": null, "source": null, "adm0_pcode": "NPL", "adm0_name": "Nepal", "adm1_pcode": "NP03", "adm1_name": "Bagmati", "adm2_pcode": "NP0326", "adm2_name": "Bhaktapur", "adm3_pcode": "NP0326304", "adm3_name": "Suryabinayak", "adm4_pcode": null, "adm4_name": null, "name_latin": "Araniko Highway", "path": "C:/Users/neetu/OneDrive/Desktop/naxa file/GTFS Dashboard/data/trunk.geojson" }, "geometry": { "type": "MultiLineString", "coordinates": [ [ [ 85.4039516, 27.6729379 ], [ 85.4033767, 27.673098 ], [ 85.4031229, 27.6731687 ], [ 85.4021571, 27.6734449 ], [ 85.4011421, 27.6737289 ], [ 85.4001359, 27.6740213 ] ] ] } },
{ "type": "Feature", "properties": { "id": "way/184867809", "name": "सोल्टिमोड चौक", "name_en": "Soltimode Chowk", "name_ne": "सोल्टिमोड चौक", "highway": "trunk", "surface": null, "smoothness": null, "width": "12", "lanes": null, "oneway": null, "bridge": "yes", "layer": "1", "source": null, "adm0_pcode": "NPL", "adm0_name": "Nepal", "adm1_pcode": "NP03", "adm1_name": "Bagmati", "adm2_pcode": "NP0327", "adm2_name": "Kathmandu", "adm3_pcode": "NP0327101", "adm3_name": "Kathmandu", "adm4_pcode": null, "adm4_name": null, "name_latin": "Soltimode Chowk", "path": "C:/Users/neetu/OneDrive/Desktop/naxa file/GTFS Dashboard/data/trunk.geojson" }, "geometry": { "type": "MultiLineString", "coordinates": [ [ [ 85.2932303, 27.6961685 ], [ 85.2933497, 27.6963453 ] ] ] } },
{ "type": "Feature", "properties": { "id": "way/180373622", "name": "Kathmandu Ringroad", "name_en": null, "name_ne": "काठमाडाैँ चक्रपथ", "highway": "trunk", "surface": "paved", "smoothness": null, "width": "14", "lanes": "4", "oneway": null, "bridge": null, "layer": null, "source": null, "adm0_pcode": "NPL", "adm0_name": "Nepal", "adm1_pcode": "NP03", "adm1_name": "Bagmati", "adm2_pcode": "NP0327", "adm2_name": "Kathmandu", "adm3_pcode": "NP0327303", "adm3_name": "Budhanilkhantha", "adm4_pcode": null, "adm4_name": null, "name_latin": "Kathmandu Ringroad", "path": "C:/Users/neetu/OneDrive/Desktop/naxa file/GTFS Dashboard/data/trunk.geojson" }, "geometry": { "type": "MultiLineString", "coordinates": [ [ [ 85.3453056, 27.7226537 ], [ 85.345258, 27.7227604 ], [ 85.3450663, 27.7232463 ], [ 85.3450071, 27.7234061 ], [ 85.3448934, 27.7237309 ], [ 85.3448141, 27.724047 ], [ 85.3447875, 27.7241902 ], [ 85.3447726, 27.7243487 ], [ 85.3447682, 27.7245205 ], [ 85.3447832, 27.724743 ], [ 85.3448018, 27.7248772 ], [ 85.3448711, 27.725233 ], [ 85.3450361, 27.7257317 ], [ 85.3450879, 27.7258817 ], [ 85.3452419, 27.7263684 ], [ 85.34528, 27.7264772 ], [ 85.3454895, 27.7271058 ], [ 85.345599, 27.7274069 ] ] ] } },
{ "type": "Feature", "properties": { "id": "way/184867811", "name": "कलङ्किस्थान सडक", "name_en": "Kalankisthan Road", "name_ne": "कलङ्किस्थान सडक", "highway": "trunk", "surface": "paved", "smoothness": null, "width": "12", "lanes": "4", "oneway": null, "bridge": null, "layer": null, "source": null, "adm0_pcode": "NPL", "adm0_name": "Nepal", "adm1_pcode": "NP03", "adm1_name": "Bagmati", "adm2_pcode": "NP0327", "adm2_name": "Kathmandu", "adm3_pcode": "NP0327101", "adm3_name": "Kathmandu", "adm4_pcode": null, "adm4_name": null, "name_latin": "Kalankisthan Road", "path": "C:/Users/neetu/OneDrive/Desktop/naxa file/GTFS Dashboard/data/trunk.geojson" }, "geometry": { "type": "MultiLineString", "coordinates": [ [ [ 85.2933497, 27.6963453 ], [ 85.2935482, 27.6965848 ] ] ] } },
{ "type": "Feature", "properties": { "id": "way/184867810", "name": "रबिभवन", "name_en": "Rabhibhawan", "name_ne": "रबिभवन", "highway": "trunk", "surface": "paved", "smoothness": null, "width": "12", "lanes": "4", "oneway": null, "bridge": null, "layer": null, "source": null, "adm0_pcode": "NPL", "adm0_name": "Nepal", "adm1_pcode": "NP03", "adm1_name": "Bagmati", "adm2_pcode": "NP0327", "adm2_name": "Kathmandu", "adm3_pcode": "NP0327101", "adm3_name": "Kathmandu", "adm4_pcode": null, "adm4_name": null, "name_latin": "Rabhibhawan", "path": "C:/Users/neetu/OneDrive/Desktop/naxa file/GTFS Dashboard/data/trunk.geojson" }, "geometry": { "type": "MultiLineString", "coordinates": [ [ [ 85.2909759, 27.6956105 ], [ 85.2914334, 27.6955372 ], [ 85.2917502, 27.6954709 ], [ 85.2919602, 27.6954371 ], [ 85.2922077, 27.6954272 ], [ 85.2923719, 27.6954402 ], [ 85.2924994, 27.6954642 ], [ 85.2926226, 27.6955023 ], [ 85.292758, 27.6955666 ], [ 85.2928588, 27.69563 ], [ 85.2929298, 27.6956858 ], [ 85.2930063, 27.6957817 ], [ 85.2932303, 27.6961685 ] ] ] } },
{ "type": "Feature", "properties": { "id": "way/188435249", "name": "Araniko Highway", "name_en": null, "name_ne": null, "highway": "trunk", "surface": "asphalt", "smoothness": null, "width": "7", "lanes": "4", "oneway": "yes", "bridge": "yes", "layer": "1", "source": null, "adm0_pcode": "NPL", "adm0_name": "Nepal", "adm1_pcode": "NP03", "adm1_name": "Bagmati", "adm2_pcode": "NP0326", "adm2_name": "Bhaktapur", "adm3_pcode": "NP0326304", "adm3_name": "Suryabinayak", "adm4_pcode": null, "adm4_name": null, "name_latin": "Araniko Highway", "path": "C:/Users/neetu/OneDrive/Desktop/naxa file/GTFS Dashboard/data/trunk.geojson" }, "geometry": { "type": "MultiLineString", "coordinates": [ [ [ 85.4001359, 27.6740213 ], [ 85.3996111, 27.6741675 ] ] ] } },
{ "type": "Feature", "properties": { "id": "way/194607858", "name": "Araniko Highway", "name_en": null, "name_ne": null, "highway": "trunk", "surface": "asphalt", "smoothness": null, "width": "10", "lanes": "4", "oneway": "yes", "bridge": "yes", "layer": "1", "source": null, "adm0_pcode": "NPL", "adm0_name": "Nepal", "adm1_pcode": "NP03", "adm1_name": "Bagmati", "adm2_pcode": "NP0326", "adm2_name": "Bhaktapur", "adm3_pcode": "NP0326304", "adm3_name": "Suryabinayak", "adm4_pcode": null, "adm4_name": null, "name_latin": "Araniko Highway", "path": "C:/Users/neetu/OneDrive/Desktop/naxa file/GTFS Dashboard/data/trunk.geojson" }, "geometry": { "type": "MultiLineString", "coordinates": [ [ [ 85.3996489, 27.6742616 ], [ 85.4001751, 27.6741181 ] ] ] } },
{ "type": "Feature", "properties": { "id": "way/193053265", "name": "Araniko Highway", "name_en": null, "name_ne": null, "highway": "trunk", "surface": "asphalt", "smoothness": null, "width": "8", "lanes": null, "oneway": "no", "bridge": null, "layer": null, "source": null, "adm0_pcode": "NPL", "adm0_name": "Nepal", "adm1_pcode": "NP03", "adm1_name": "Bagmati", "adm2_pcode": "NP0326", "adm2_name": "Bhaktapur", "adm3_pcode": "NP0326302", "adm3_name": "Changunarayan", "adm4_pcode": null, "adm4_name": null, "name_latin": "Araniko Highway", "path": "C:/Users/neetu/OneDrive/Desktop/naxa file/GTFS Dashboard/data/trunk.geojson" }, "geometry": { "type": "MultiLineString", "coordinates": [ [ [ 85.442058, 27.6638557 ], [ 85.4424847, 27.6635588 ], [ 85.4427681, 27.6633904 ], [ 85.4429162, 27.6633278 ], [ 85.4430905, 27.6632872 ], [ 85.4435711, 27.6632247 ], [ 85.4437231, 27.6631765 ], [ 85.4438854, 27.6630769 ], [ 85.4443138, 27.6626662 ], [ 85.4444874, 27.6625011 ], [ 85.4446683, 27.6623226 ], [ 85.4449199, 27.6621048 ], [ 85.445171, 27.6618949 ], [ 85.4455384, 27.661653 ], [ 85.4462007, 27.6612195 ], [ 85.4464964, 27.661025 ], [ 85.4465944, 27.6609646 ], [ 85.4466613, 27.6609332 ], [ 85.4467889, 27.6608807 ], [ 85.4469273, 27.6608308 ], [ 85.4471465, 27.6607795 ], [ 85.4472513, 27.6607634 ], [ 85.4474384, 27.6607478 ], [ 85.4476353, 27.6607577 ], [ 85.4479603, 27.6607398 ], [ 85.4481223, 27.6607075 ], [ 85.448275, 27.6606423 ], [ 85.4485058, 27.6605086 ], [ 85.4488232, 27.6603217 ], [ 85.4492567, 27.660074 ], [ 85.4493974, 27.6600124 ], [ 85.4495844, 27.6599627 ], [ 85.4498074, 27.6599149 ], [ 85.4504284, 27.6597876 ], [ 85.4511438, 27.659651 ], [ 85.4515689, 27.6595631 ], [ 85.4517486, 27.6595142 ], [ 85.4518727, 27.6594616 ], [ 85.4519587, 27.6594039 ], [ 85.4520242, 27.6593425 ], [ 85.4521105, 27.6592486 ], [ 85.4523252, 27.6589758 ], [ 85.4524166, 27.6588795 ], [ 85.4524991, 27.6588062 ], [ 85.4525924, 27.6587397 ], [ 85.4527196, 27.6586769 ], [ 85.4528163, 27.6586382 ], [ 85.4530818, 27.6585321 ], [ 85.4537442, 27.6582945 ], [ 85.4539333, 27.6581525 ], [ 85.4542147, 27.6578608 ], [ 85.4547269, 27.657368 ], [ 85.4549563, 27.6571175 ], [ 85.4551249, 27.6569492 ], [ 85.4551935, 27.6568666 ], [ 85.4552494, 27.6567885 ], [ 85.4553287, 27.6566492 ], [ 85.4553747, 27.6565433 ], [ 85.4554158, 27.6564053 ], [ 85.4554742, 27.6562158 ], [ 85.4555145, 27.6559734 ], [ 85.4555698, 27.6557312 ], [ 85.4556372, 27.6555759 ], [ 85.456078, 27.6548261 ], [ 85.4561266, 27.6547412 ], [ 85.4562349, 27.6545519 ], [ 85.456328, 27.6544306 ], [ 85.4564238, 27.6543323 ], [ 85.4564912, 27.6542867 ], [ 85.4566371, 27.6542161 ], [ 85.4569801, 27.6540721 ], [ 85.4572254, 27.6539551 ], [ 85.4573262, 27.6539162 ], [ 85.4574256, 27.6538787 ], [ 85.4575208, 27.6538565 ], [ 85.4576309, 27.653839 ], [ 85.4578206, 27.6538216 ], [ 85.4588947, 27.6537444 ], [ 85.4590736, 27.6537234 ], [ 85.4591407, 27.6537155 ], [ 85.459264, 27.6536949 ], [ 85.459388, 27.65366 ], [ 85.4594998, 27.6536071 ], [ 85.459616, 27.6535441 ], [ 85.4598177, 27.6534111 ], [ 85.4599938, 27.6532778 ], [ 85.4603348, 27.6530177 ], [ 85.4605685, 27.6528375 ], [ 85.4607224, 27.652721 ], [ 85.4609011, 27.6525775 ], [ 85.4610639, 27.6524411 ], [ 85.4612342, 27.6522567 ], [ 85.4613921, 27.6521036 ], [ 85.4615961, 27.6518994 ], [ 85.4619058, 27.6515972 ], [ 85.4620238, 27.6514507 ], [ 85.4620842, 27.6513564 ], [ 85.462171, 27.6511866 ], [ 85.4622961, 27.6509264 ], [ 85.4623516, 27.6507295 ], [ 85.4623676, 27.650326 ], [ 85.4624018, 27.6500315 ], [ 85.4624064, 27.6499594 ], [ 85.4624369, 27.6498461 ], [ 85.4624614, 27.6497598 ], [ 85.4625014, 27.64968 ], [ 85.4625405, 27.6496363 ], [ 85.462584, 27.6495916 ], [ 85.4627634, 27.6494394 ], [ 85.463156, 27.6491204 ], [ 85.4632312, 27.6490661 ], [ 85.4635556, 27.6488408 ], [ 85.4638857, 27.6486622 ], [ 85.4642462, 27.6484895 ], [ 85.4643289, 27.6484537 ], [ 85.4644706, 27.6483886 ], [ 85.4648739, 27.6482135 ], [ 85.4650697, 27.6480982 ], [ 85.4651785, 27.648023 ], [ 85.465242, 27.6479316 ], [ 85.4653205, 27.6477573 ], [ 85.4653359, 27.6476712 ], [ 85.4653556, 27.6475612 ], [ 85.4653662, 27.6472916 ], [ 85.4653902, 27.6469946 ], [ 85.465444, 27.6468612 ], [ 85.465523, 27.6467499 ], [ 85.4657183, 27.6464938 ], [ 85.4657979, 27.6463495 ] ] ] } },
{ "type": "Feature", "properties": { "id": "way/1426160993", "name": "Kathmandu Ringroad", "name_en": null, "name_ne": "काठमाडाैँ चक्रपथ", "highway": "trunk", "surface": "asphalt", "smoothness": null, "width": "6", "lanes": "2", "oneway": "yes", "bridge": "yes", "layer": "1", "source": null, "adm0_pcode": "NPL", "adm0_name": "Nepal", "adm1_pcode": "NP03", "adm1_name": "Bagmati", "adm2_pcode": "NP0325", "adm2_name": "Lalitpur", "adm3_pcode": "NP0325101", "adm3_name": "Lalitpur", "adm4_pcode": null, "adm4_name": null, "name_latin": "Kathmandu Ringroad", "path": "C:/Users/neetu/OneDrive/Desktop/naxa file/GTFS Dashboard/data/trunk.geojson" }, "geometry": { "type": "MultiLineString", "coordinates": [ [ [ 85.329575, 27.6635576 ], [ 85.3298503, 27.6638932 ], [ 85.330942, 27.6652187 ], [ 85.3316957, 27.6661428 ], [ 85.3320512, 27.666584 ], [ 85.3321833, 27.6667351 ], [ 85.3323126, 27.6668816 ], [ 85.3323998, 27.6669731 ], [ 85.3326184, 27.6671833 ], [ 85.3327927, 27.6673354 ], [ 85.3329054, 27.6674233 ], [ 85.3330542, 27.6675242 ], [ 85.3331776, 27.6676062 ], [ 85.3333318, 27.6676976 ], [ 85.3335652, 27.6678247 ], [ 85.3339085, 27.6680112 ], [ 85.334449, 27.6682974 ], [ 85.3352188, 27.6687072 ], [ 85.3359523, 27.669098 ], [ 85.3371191, 27.6697204 ], [ 85.3376493, 27.6700032 ] ] ] } },
{ "type": "Feature", "properties": { "id": "way/1091658648", "name": "Kathmandu Ringroad", "name_en": null, "name_ne": "काठमाडाैँ चक्रपथ", "highway": "trunk", "surface": "paved", "smoothness": null, "width": "6", "lanes": "2", "oneway": "yes", "bridge": null, "layer": null, "source": null, "adm0_pcode": "NPL", "adm0_name": "Nepal", "adm1_pcode": "NP03", "adm1_name": "Bagmati", "adm2_pcode": "NP0325", "adm2_name": "Lalitpur", "adm3_pcode": "NP0325101", "adm3_name": "Lalitpur", "adm4_pcode": null, "adm4_name": null, "name_latin": "Kathmandu Ringroad", "path": "C:/Users/neetu/OneDrive/Desktop/naxa file/GTFS Dashboard/data/trunk.geojson" }, "geometry": { "type": "MultiLineString", "coordinates": [ [ [ 85.3196253, 27.6601886 ], [ 85.3185806, 27.661061 ], [ 85.3182187, 27.6613437 ] ] ] } },
{ "type": "Feature", "properties": { "id": "way/231786213", "name": "Kathmandu Ringroad", "name_en": null, "name_ne": "काठमाडाैँ चक्रपथ", "highway": "trunk", "surface": "paved", "smoothness": null, "width": "14", "lanes": "4", "oneway": "no", "bridge": null, "layer": null, "source": null, "adm0_pcode": "NPL", "adm0_name": "Nepal", "adm1_pcode": "NP03", "adm1_name": "Bagmati", "adm2_pcode": "NP0327", "adm2_name": "Kathmandu", "adm3_pcode": "NP0327101", "adm3_name": "Kathmandu", "adm4_pcode": null, "adm4_name": null, "name_latin": "Kathmandu Ringroad", "path": "C:/Users/neetu/OneDrive/Desktop/naxa file/GTFS Dashboard/data/trunk.geojson" }, "geometry": { "type": "MultiLineString", "coordinates": [ [ [ 85.2950713, 27.7235893 ], [ 85.2953153, 27.7237086 ], [ 85.2958248, 27.723956 ], [ 85.2961581, 27.7241208 ], [ 85.2964207, 27.7242492 ], [ 85.296678, 27.724379 ], [ 85.2969927, 27.7245316 ], [ 85.2972471, 27.7246563 ], [ 85.2972954, 27.72468 ], [ 85.297576, 27.7247853 ], [ 85.2976692, 27.7248138 ] ] ] } },
{ "type": "Feature", "properties": { "id": "way/232099517", "name": "Araniko Highway", "name_en": null, "name_ne": null, "highway": "trunk", "surface": "asphalt", "smoothness": null, "width": "9", "lanes": "2", "oneway": "yes", "bridge": null, "layer": null, "source": null, "adm0_pcode": "NPL", "adm0_name": "Nepal", "adm1_pcode": "NP03", "adm1_name": "Bagmati", "adm2_pcode": "NP0326", "adm2_name": "Bhaktapur", "adm3_pcode": "NP0326303", "adm3_name": "Bhaktapur", "adm4_pcode": null, "adm4_name": null, "name_latin": "Araniko Highway", "path": "C:/Users/neetu/OneDrive/Desktop/naxa file/GTFS Dashboard/data/trunk.geojson" }, "geometry": { "type": "MultiLineString", "coordinates": [ [ [ 85.4169053, 27.6670368 ], [ 85.4163482, 27.6673084 ], [ 85.4158505, 27.6675511 ], [ 85.4149192, 27.6679814 ], [ 85.4136264, 27.668588 ], [ 85.4128061, 27.6689695 ], [ 85.4119792, 27.6693679 ], [ 85.411237, 27.6697118 ], [ 85.4109598, 27.6698427 ], [ 85.4106729, 27.6699819 ], [ 85.4104323, 27.6701145 ], [ 85.4101471, 27.6702981 ], [ 85.4098559, 27.6705057 ], [ 85.4097716, 27.6705822 ], [ 85.4094228, 27.670897 ] ] ] } },
{ "type": "Feature", "properties": { "id": "way/232434589", "name": "Araniko Highway", "name_en": null, "name_ne": null, "highway": "trunk", "surface": "asphalt", "smoothness": null, "width": "10", "lanes": "2", "oneway": "yes", "bridge": null, "layer": null, "source": null, "adm0_pcode": "NPL", "adm0_name": "Nepal", "adm1_pcode": "NP03", "adm1_name": "Bagmati", "adm2_pcode": "NP0326", "adm2_name": "Bhaktapur", "adm3_pcode": "NP0326303", "adm3_name": "Bhaktapur", "adm4_pcode": null, "adm4_name": null, "name_latin": "Araniko Highway", "path": "C:/Users/neetu/OneDrive/Desktop/naxa file/GTFS Dashboard/data/trunk.geojson" }, "geometry": { "type": "MultiLineString", "coordinates": [ [ [ 85.4110807, 27.6699105 ], [ 85.4114918, 27.6697201 ], [ 85.412399, 27.6693001 ], [ 85.4132368, 27.6688921 ], [ 85.4149392, 27.6680901 ], [ 85.4161858, 27.6675004 ], [ 85.4167005, 27.667267 ], [ 85.4170094, 27.667127 ] ] ] } },
{ "type": "Feature", "properties": { "id": "way/225456436", "name": "Kathmandu Ringroad", "name_en": null, "name_ne": "काठमाडाैँ चक्रपथ", "highway": "trunk", "surface": "paved", "smoothness": null, "width": "6", "lanes": "2", "oneway": "yes", "bridge": null, "layer": null, "source": null, "adm0_pcode": "NPL", "adm0_name": "Nepal", "adm1_pcode": "NP03", "adm1_name": "Bagmati", "adm2_pcode": "NP0325", "adm2_name": "Lalitpur", "adm3_pcode": "NP0325101", "adm3_name": "Lalitpur", "adm4_pcode": null, "adm4_name": null, "name_latin": "Kathmandu Ringroad", "path": "C:/Users/neetu/OneDrive/Desktop/naxa file/GTFS Dashboard/data/trunk.geojson" }, "geometry": { "type": "MultiLineString", "coordinates": [ [ [ 85.3209881, 27.6590959 ], [ 85.320879, 27.6591834 ], [ 85.3196253, 27.6601886 ] ] ] } },
{ "type": "Feature", "properties": { "id": "way/120353050", "name": "त्रिपुरेश्वर मार्ग", "name_en": "Tripureshwar Marg", "name_ne": "त्रिपुरेश्वर मार्ग", "highway": "trunk", "surface": "paved", "smoothness": null, "width": "16", "lanes": "4", "oneway": "no", "bridge": null, "layer": null, "source": null, "adm0_pcode": "NPL", "adm0_name": "Nepal", "adm1_pcode": "NP03", "adm1_name": "Bagmati", "adm2_pcode": "NP0327", "adm2_name": "Kathmandu", "adm3_pcode": "NP0327101", "adm3_name": "Kathmandu", "adm4_pcode": null, "adm4_name": null, "name_latin": "Tripureshwar Marg", "path": "C:/Users/neetu/OneDrive/Desktop/naxa file/GTFS Dashboard/data/trunk.geojson" }, "geometry": { "type": "MultiLineString", "coordinates": [ [ [ 85.3056506, 27.69662 ], [ 85.3059157, 27.6965315 ], [ 85.3065279, 27.6963314 ], [ 85.3066666, 27.6962903 ], [ 85.3071662, 27.6961615 ], [ 85.3074713, 27.6960896 ], [ 85.3076288, 27.6960463 ], [ 85.3078028, 27.6959899 ], [ 85.3082264, 27.6958229 ] ] ] } },
{ "type": "Feature", "properties": { "id": "way/1431968147", "name": null, "name_en": null, "name_ne": null, "highway": "trunk_link", "surface": null, "smoothness": null, "width": null, "lanes": null, "oneway": null, "bridge": null, "layer": null, "source": null, "adm0_pcode": "NPL", "adm0_name": "Nepal", "adm1_pcode": "NP03", "adm1_name": "Bagmati", "adm2_pcode": "NP0327", "adm2_name": "Kathmandu", "adm3_pcode": "NP0327101", "adm3_name": "Kathmandu", "adm4_pcode": null, "adm4_name": null, "name_latin": null, "path": "C:/Users/neetu/OneDrive/Desktop/naxa file/GTFS Dashboard/data/trunk.geojson" }, "geometry": { "type": "MultiLineString", "coordinates": [ [ [ 85.285779, 27.6884248 ], [ 85.2857924, 27.6884907 ], [ 85.2858139, 27.6886076 ] ] ] } },
{ "type": "Feature", "properties": { "id": "way/193289326", "name": "Kathmandu Ringroad", "name_en": null, "name_ne": "काठमाडाैँ चक्रपथ", "highway": "trunk", "surface": "asphalt", "smoothness": null, "width": "9", "lanes": "2", "oneway": "yes", "bridge": null, "layer": null, "source": null, "adm0_pcode": "NPL", "adm0_name": "Nepal", "adm1_pcode": "NP03", "adm1_name": "Bagmati", "adm2_pcode": "NP0326", "adm2_name": "Bhaktapur", "adm3_pcode": "NP0326301", "adm3_name": "Madhyapur Thimi", "adm4_pcode": null, "adm4_name": null, "name_latin": "Kathmandu Ringroad", "path": "C:/Users/neetu/OneDrive/Desktop/naxa file/GTFS Dashboard/data/trunk.geojson" }, "geometry": { "type": "MultiLineString", "coordinates": [ [ [ 85.349528, 27.6789384 ], [ 85.3495271, 27.6789814 ], [ 85.3494947, 27.6804688 ], [ 85.3494661, 27.6813295 ], [ 85.349455, 27.6816626 ], [ 85.3493881, 27.6821914 ], [ 85.3493306, 27.6826266 ] ] ] } },
{ "type": "Feature", "properties": { "id": "way/193289327", "name": "Kathmandu Ringroad", "name_en": null, "name_ne": "काठमाडाैँ चक्रपथ", "highway": "trunk", "surface": "asphalt", "smoothness": null, "width": "9", "lanes": "2", "oneway": "yes", "bridge": null, "layer": null, "source": null, "adm0_pcode": "NPL", "adm0_name": "Nepal", "adm1_pcode": "NP03", "adm1_name": "Bagmati", "adm2_pcode": "NP0326", "adm2_name": "Bhaktapur", "adm3_pcode": "NP0326301", "adm3_name": "Madhyapur Thimi", "adm4_pcode": null, "adm4_name": null, "name_latin": "Kathmandu Ringroad", "path": "C:/Users/neetu/OneDrive/Desktop/naxa file/GTFS Dashboard/data/trunk.geojson" }, "geometry": { "type": "MultiLineString", "coordinates": [ [ [ 85.3494398, 27.6827629 ], [ 85.3494428, 27.6827202 ], [ 85.349449, 27.6826302 ], [ 85.3495613, 27.6816627 ], [ 85.3496796, 27.6789822 ], [ 85.3496796, 27.6789466 ] ] ] } },
{ "type": "Feature", "properties": { "id": "way/215507254", "name": "Kathmandu Ringroad", "name_en": null, "name_ne": "काठमाडाैँ चक्रपथ", "highway": "trunk", "surface": "paved", "smoothness": null, "width": "14", "lanes": "4", "oneway": "no", "bridge": null, "layer": null, "source": null, "adm0_pcode": "NPL", "adm0_name": "Nepal", "adm1_pcode": "NP03", "adm1_name": "Bagmati", "adm2_pcode": "NP0327", "adm2_name": "Kathmandu", "adm3_pcode": "NP0327101", "adm3_name": "Kathmandu", "adm4_pcode": null, "adm4_name": null, "name_latin": "Kathmandu Ringroad", "path": "C:/Users/neetu/OneDrive/Desktop/naxa file/GTFS Dashboard/data/trunk.geojson" }, "geometry": { "type": "MultiLineString", "coordinates": [ [ [ 85.3545268, 27.6942675 ], [ 85.3541998, 27.6936908 ], [ 85.3537024, 27.6928085 ], [ 85.3534939, 27.692438 ] ] ] } },
{ "type": "Feature", "properties": { "id": "way/585763546", "name": "Kathmandu Ringroad", "name_en": null, "name_ne": null, "highway": "trunk", "surface": "paved", "smoothness": null, "width": "7", "lanes": "2", "oneway": "yes", "bridge": null, "layer": null, "source": null, "adm0_pcode": "NPL", "adm0_name": "Nepal", "adm1_pcode": "NP03", "adm1_name": "Bagmati", "adm2_pcode": "NP0327", "adm2_name": "Kathmandu", "adm3_pcode": "NP0327101", "adm3_name": "Kathmandu", "adm4_pcode": null, "adm4_name": null, "name_latin": "Kathmandu Ringroad", "path": "C:/Users/neetu/OneDrive/Desktop/naxa file/GTFS Dashboard/data/trunk.geojson" }, "geometry": { "type": "MultiLineString", "coordinates": [ [ [ 85.355046, 27.6954887 ], [ 85.3550776, 27.6953537 ], [ 85.3550847, 27.6953146 ], [ 85.3550703, 27.6952512 ] ] ] } },
{ "type": "Feature", "properties": { "id": "way/193053264", "name": "Araniko Highway", "name_en": null, "name_ne": null, "highway": "trunk", "surface": "asphalt", "smoothness": null, "width": "8", "lanes": null, "oneway": "no", "bridge": "yes", "layer": "1", "source": null, "adm0_pcode": "NPL", "adm0_name": "Nepal", "adm1_pcode": "NP03", "adm1_name": "Bagmati", "adm2_pcode": "NP0326", "adm2_name": "Bhaktapur", "adm3_pcode": "NP0326304", "adm3_name": "Suryabinayak", "adm4_pcode": null, "adm4_name": null, "name_latin": "Araniko Highway", "path": "C:/Users/neetu/OneDrive/Desktop/naxa file/GTFS Dashboard/data/trunk.geojson" }, "geometry": { "type": "MultiLineString", "coordinates": [ [ [ 85.4417744, 27.6640537 ], [ 85.442058, 27.6638557 ] ] ] } },
{ "type": "Feature", "properties": { "id": "way/585763545", "name": "Kathmandu Ringroad", "name_en": null, "name_ne": "काठमाडाैँ चक्रपथ", "highway": "trunk", "surface": "paved", "smoothness": null, "width": "14", "lanes": "4", "oneway": "no", "bridge": null, "layer": null, "source": null, "adm0_pcode": "NPL", "adm0_name": "Nepal", "adm1_pcode": "NP03", "adm1_name": "Bagmati", "adm2_pcode": "NP0327", "adm2_name": "Kathmandu", "adm3_pcode": "NP0327101", "adm3_name": "Kathmandu", "adm4_pcode": null, "adm4_name": null, "name_latin": "Kathmandu Ringroad", "path": "C:/Users/neetu/OneDrive/Desktop/naxa file/GTFS Dashboard/data/trunk.geojson" }, "geometry": { "type": "MultiLineString", "coordinates": [ [ [ 85.3549272, 27.695031 ], [ 85.3548504, 27.6948693 ], [ 85.3547441, 27.6946455 ], [ 85.3545268, 27.6942675 ] ] ] } },
{ "type": "Feature", "properties": { "id": "way/585763544", "name": "Kathmandu Ringroad", "name_en": null, "name_ne": "काठमाडाैँ चक्रपथ", "highway": "trunk", "surface": "paved", "smoothness": null, "width": "7", "lanes": "2", "oneway": "yes", "bridge": null, "layer": null, "source": null, "adm0_pcode": "NPL", "adm0_name": "Nepal", "adm1_pcode": "NP03", "adm1_name": "Bagmati", "adm2_pcode": "NP0327", "adm2_name": "Kathmandu", "adm3_pcode": "NP0327101", "adm3_name": "Kathmandu", "adm4_pcode": null, "adm4_name": null, "name_latin": "Kathmandu Ringroad", "path": "C:/Users/neetu/OneDrive/Desktop/naxa file/GTFS Dashboard/data/trunk.geojson" }, "geometry": { "type": "MultiLineString", "coordinates": [ [ [ 85.3549272, 27.695031 ], [ 85.3549229, 27.6951467 ], [ 85.3549382, 27.6952328 ], [ 85.3549541, 27.6952828 ], [ 85.3549709, 27.6953359 ], [ 85.3549836, 27.6953758 ], [ 85.355046, 27.6954887 ] ] ] } },
{ "type": "Feature", "properties": { "id": "way/1420174915", "name": "त्रिभुवन राजपथ", "name_en": "Tribhuvan Rajpath", "name_ne": "त्रिभुवन राजपथ", "highway": "trunk", "surface": "paved", "smoothness": null, "width": null, "lanes": "2", "oneway": "yes", "bridge": null, "layer": null, "source": null, "adm0_pcode": "NPL", "adm0_name": "Nepal", "adm1_pcode": "NP03", "adm1_name": "Bagmati", "adm2_pcode": "NP0327", "adm2_name": "Kathmandu", "adm3_pcode": "NP0327308", "adm3_name": "Chandragiri", "adm4_pcode": null, "adm4_name": null, "name_latin": "Tribhuvan Rajpath", "path": "C:/Users/neetu/OneDrive/Desktop/naxa file/GTFS Dashboard/data/trunk.geojson" }, "geometry": { "type": "MultiLineString", "coordinates": [ [ [ 85.2052901, 27.7072927 ], [ 85.2054137, 27.7072116 ], [ 85.2054672, 27.707144 ], [ 85.2055675, 27.7069257 ], [ 85.2056655, 27.7065565 ] ] ] } },
{ "type": "Feature", "properties": { "id": "way/1091006179", "name": "मदन भण्डारी पथ", "name_en": "Madan Bhandari Path", "name_ne": "मदन भण्डारी पथ", "highway": "trunk", "surface": "asphalt", "smoothness": null, "width": "9", "lanes": null, "oneway": "yes", "bridge": null, "layer": null, "source": null, "adm0_pcode": "NPL", "adm0_name": "Nepal", "adm1_pcode": "NP03", "adm1_name": "Bagmati", "adm2_pcode": "NP0327", "adm2_name": "Kathmandu", "adm3_pcode": "NP0327101", "adm3_name": "Kathmandu", "adm4_pcode": null, "adm4_name": null, "name_latin": "Madan Bhandari Path", "path": "C:/Users/neetu/OneDrive/Desktop/naxa file/GTFS Dashboard/data/trunk.geojson" }, "geometry": { "type": "MultiLineString", "coordinates": [ [ [ 85.3472827, 27.6854006 ], [ 85.3469679, 27.6855788 ] ] ] } },
{ "type": "Feature", "properties": { "id": "way/215507256", "name": "Kathmandu Ringroad", "name_en": null, "name_ne": null, "highway": "trunk", "surface": "paved", "smoothness": null, "width": "7", "lanes": "2", "oneway": "yes", "bridge": null, "layer": null, "source": null, "adm0_pcode": "NPL", "adm0_name": "Nepal", "adm1_pcode": "NP03", "adm1_name": "Bagmati", "adm2_pcode": "NP0327", "adm2_name": "Kathmandu", "adm3_pcode": "NP0327101", "adm3_name": "Kathmandu", "adm4_pcode": null, "adm4_name": null, "name_latin": "Kathmandu Ringroad", "path": "C:/Users/neetu/OneDrive/Desktop/naxa file/GTFS Dashboard/data/trunk.geojson" }, "geometry": { "type": "MultiLineString", "coordinates": [ [ [ 85.3550703, 27.6952512 ], [ 85.3550619, 27.6952142 ], [ 85.3550138, 27.6951271 ], [ 85.3549272, 27.695031 ] ] ] } },
{ "type": "Feature", "properties": { "id": "way/169339097", "name": "बिजुलिबजार पुल", "name_en": "Bijulibazar bridge", "name_ne": "बिजुलिबजार पुल", "highway": "trunk", "surface": "asphalt", "smoothness": null, "width": "6", "lanes": "2", "oneway": "yes", "bridge": "yes", "layer": "2", "source": null, "adm0_pcode": "NPL", "adm0_name": "Nepal", "adm1_pcode": "NP03", "adm1_name": "Bagmati", "adm2_pcode": "NP0327", "adm2_name": "Kathmandu", "adm3_pcode": "NP0327101", "adm3_name": "Kathmandu", "adm4_pcode": null, "adm4_name": null, "name_latin": "Bijulibazar bridge", "path": "C:/Users/neetu/OneDrive/Desktop/naxa file/GTFS Dashboard/data/trunk.geojson" }, "geometry": { "type": "MultiLineString", "coordinates": [ [ [ 85.3281072, 27.6905215 ], [ 85.328605, 27.6902848 ] ] ] } },
{ "type": "Feature", "properties": { "id": "way/305847708", "name": "त्रिभुवन राजपथ", "name_en": "Tribhuvan Rajpath", "name_ne": "त्रिभुवन राजपथ", "highway": "trunk", "surface": null, "smoothness": null, "width": null, "lanes": null, "oneway": "yes", "bridge": null, "layer": null, "source": null, "adm0_pcode": "NPL", "adm0_name": "Nepal", "adm1_pcode": "NP03", "adm1_name": "Bagmati", "adm2_pcode": "NP0327", "adm2_name": "Kathmandu", "adm3_pcode": "NP0327308", "adm3_name": "Chandragiri", "adm4_pcode": null, "adm4_name": null, "name_latin": "Tribhuvan Rajpath", "path": "C:/Users/neetu/OneDrive/Desktop/naxa file/GTFS Dashboard/data/trunk.geojson" }, "geometry": { "type": "MultiLineString", "coordinates": [ [ [ 85.2062689, 27.7055758 ], [ 85.2058786, 27.7057553 ], [ 85.2056948, 27.705888 ], [ 85.2055929, 27.7060364 ], [ 85.2055539, 27.7061955 ], [ 85.2055513, 27.7063416 ], [ 85.2055267, 27.7065203 ], [ 85.2054949, 27.7066408 ], [ 85.2054628, 27.7068023 ], [ 85.2054216, 27.7069342 ], [ 85.2053672, 27.7071122 ], [ 85.2052901, 27.7072927 ] ] ] } },
{ "type": "Feature", "properties": { "id": "way/231404979", "name": "Kathmandu Ringroad", "name_en": null, "name_ne": "काठमाडाैँ चक्रपथ", "highway": "trunk", "surface": null, "smoothness": null, "width": "16", "lanes": "4", "oneway": null, "bridge": null, "layer": null, "source": null, "adm0_pcode": "NPL", "adm0_name": "Nepal", "adm1_pcode": "NP03", "adm1_name": "Bagmati", "adm2_pcode": "NP0327", "adm2_name": "Kathmandu", "adm3_pcode": "NP0327101", "adm3_name": "Kathmandu", "adm4_pcode": null, "adm4_name": null, "name_latin": "Kathmandu Ringroad", "path": "C:/Users/neetu/OneDrive/Desktop/naxa file/GTFS Dashboard/data/trunk.geojson" }, "geometry": { "type": "MultiLineString", "coordinates": [ [ [ 85.3074195, 27.735245 ], [ 85.3074646, 27.7352381 ], [ 85.3077631, 27.7351923 ], [ 85.3081016, 27.7351378 ] ] ] } },
{ "type": "Feature", "properties": { "id": "way/1292071069", "name": "त्रिभुवन राजपथ", "name_en": "Tribhuvan Rajpath", "name_ne": "त्रिभुवन राजपथ", "highway": "trunk", "surface": "paved", "smoothness": null, "width": null, "lanes": "2", "oneway": null, "bridge": null, "layer": null, "source": null, "adm0_pcode": "NPL", "adm0_name": "Nepal", "adm1_pcode": "NP03", "adm1_name": "Bagmati", "adm2_pcode": "NP0327", "adm2_name": "Kathmandu", "adm3_pcode": "NP0327308", "adm3_name": "Chandragiri", "adm4_pcode": null, "adm4_name": null, "name_latin": "Tribhuvan Rajpath", "path": "C:/Users/neetu/OneDrive/Desktop/naxa file/GTFS Dashboard/data/trunk.geojson" }, "geometry": { "type": "MultiLineString", "coordinates": [ [ [ 85.2062689, 27.7055758 ], [ 85.2066055, 27.7054024 ], [ 85.2067007, 27.7053324 ], [ 85.2067737, 27.7052587 ] ] ] } },
{ "type": "Feature", "properties": { "id": "way/1090820454", "name": "Kathmandu Ringroad", "name_en": null, "name_ne": "काठमाडाैँ चक्रपथ", "highway": "trunk", "surface": "paved", "smoothness": null, "width": "7", "lanes": "2", "oneway": "yes", "bridge": "yes", "layer": "1", "source": null, "adm0_pcode": "NPL", "adm0_name": "Nepal", "adm1_pcode": "NP03", "adm1_name": "Bagmati", "adm2_pcode": "NP0327", "adm2_name": "Kathmandu", "adm3_pcode": "NP0327101", "adm3_name": "Kathmandu", "adm4_pcode": null, "adm4_name": null, "name_latin": "Kathmandu Ringroad", "path": "C:/Users/neetu/OneDrive/Desktop/naxa file/GTFS Dashboard/data/trunk.geojson" }, "geometry": { "type": "MultiLineString", "coordinates": [ [ [ 85.2836085, 27.6901045 ], [ 85.2839756, 27.6895618 ] ] ] } },
{ "type": "Feature", "properties": { "id": "way/756183494", "name": "Kathmandu Ringroad", "name_en": null, "name_ne": "काठमाडाैँ चक्रपथ", "highway": "trunk", "surface": "paved", "smoothness": null, "width": "14", "lanes": "4", "oneway": "no", "bridge": null, "layer": null, "source": null, "adm0_pcode": "NPL", "adm0_name": "Nepal", "adm1_pcode": "NP03", "adm1_name": "Bagmati", "adm2_pcode": "NP0327", "adm2_name": "Kathmandu", "adm3_pcode": "NP0327305", "adm3_name": "Nagarjun", "adm4_pcode": null, "adm4_name": null, "name_latin": "Kathmandu Ringroad", "path": "C:/Users/neetu/OneDrive/Desktop/naxa file/GTFS Dashboard/data/trunk.geojson" }, "geometry": { "type": "MultiLineString", "coordinates": [ [ [ 85.2945753, 27.7233328 ], [ 85.2950713, 27.7235893 ] ] ] } },
{ "type": "Feature", "properties": { "id": "way/1420174916", "name": "त्रिभुवन राजपथ", "name_en": "Tribhuvan Rajpath", "name_ne": "त्रिभुवन राजपथ", "highway": "trunk", "surface": "paved", "smoothness": null, "width": null, "lanes": "2", "oneway": "yes", "bridge": null, "layer": null, "source": null, "adm0_pcode": "NPL", "adm0_name": "Nepal", "adm1_pcode": "NP03", "adm1_name": "Bagmati", "adm2_pcode": "NP0327", "adm2_name": "Kathmandu", "adm3_pcode": "NP0327308", "adm3_name": "Chandragiri", "adm4_pcode": null, "adm4_name": null, "name_latin": "Tribhuvan Rajpath", "path": "C:/Users/neetu/OneDrive/Desktop/naxa file/GTFS Dashboard/data/trunk.geojson" }, "geometry": { "type": "MultiLineString", "coordinates": [ [ [ 85.2056655, 27.7065565 ], [ 85.2057219, 27.7063361 ], [ 85.2057782, 27.7061041 ], [ 85.2058451, 27.7059296 ], [ 85.2059603, 27.7058032 ], [ 85.2062689, 27.7055758 ] ] ] } },
{ "type": "Feature", "properties": { "id": "way/225457470", "name": "Kathmandu Ringroad", "name_en": null, "name_ne": "काठमाडाैँ चक्रपथ", "highway": "trunk", "surface": "paved", "smoothness": null, "width": "7", "lanes": "2", "oneway": "yes", "bridge": "yes", "layer": "1", "source": null, "adm0_pcode": "NPL", "adm0_name": "Nepal", "adm1_pcode": "NP03", "adm1_name": "Bagmati", "adm2_pcode": "NP0327", "adm2_name": "Kathmandu", "adm3_pcode": "NP0327101", "adm3_name": "Kathmandu", "adm4_pcode": null, "adm4_name": null, "name_latin": "Kathmandu Ringroad", "path": "C:/Users/neetu/OneDrive/Desktop/naxa file/GTFS Dashboard/data/trunk.geojson" }, "geometry": { "type": "MultiLineString", "coordinates": [ [ [ 85.2839107, 27.6895252 ], [ 85.2835509, 27.6900667 ] ] ] } },
{ "type": "Feature", "properties": { "id": "way/189665508", "name": "Kathmandu Ringroad", "name_en": null, "name_ne": "काठमाडाैँ चक्रपथ", "highway": "trunk", "surface": null, "smoothness": null, "width": "9", "lanes": "2", "oneway": null, "bridge": "yes", "layer": "1", "source": null, "adm0_pcode": "NPL", "adm0_name": "Nepal", "adm1_pcode": "NP03", "adm1_name": "Bagmati", "adm2_pcode": "NP0327", "adm2_name": "Kathmandu", "adm3_pcode": "NP0327101", "adm3_name": "Kathmandu", "adm4_pcode": null, "adm4_name": null, "name_latin": "Kathmandu Ringroad", "path": "C:/Users/neetu/OneDrive/Desktop/naxa file/GTFS Dashboard/data/trunk.geojson" }, "geometry": { "type": "MultiLineString", "coordinates": [ [ [ 85.3069201, 27.7353215 ], [ 85.3074195, 27.735245 ] ] ] } },
{ "type": "Feature", "properties": { "id": "way/120032858", "name": "मदन भण्डारी पथ", "name_en": "Madan Bhandari Path", "name_ne": "मदन भण्डारी पथ", "highway": "trunk", "surface": "asphalt", "smoothness": null, "width": "9", "lanes": null, "oneway": "yes", "bridge": null, "layer": null, "source": null, "adm0_pcode": "NPL", "adm0_name": "Nepal", "adm1_pcode": "NP03", "adm1_name": "Bagmati", "adm2_pcode": "NP0327", "adm2_name": "Kathmandu", "adm3_pcode": "NP0327101", "adm3_name": "Kathmandu", "adm4_pcode": null, "adm4_name": null, "name_latin": "Madan Bhandari Path", "path": "C:/Users/neetu/OneDrive/Desktop/naxa file/GTFS Dashboard/data/trunk.geojson" }, "geometry": { "type": "MultiLineString", "coordinates": [ [ [ 85.3490582, 27.6835176 ], [ 85.3489812, 27.6836848 ], [ 85.348905, 27.6838331 ], [ 85.3487505, 27.6840847 ], [ 85.3485469, 27.6843401 ], [ 85.3483614, 27.6845471 ], [ 85.3481781, 27.6847296 ], [ 85.347972, 27.6849205 ], [ 85.3478111, 27.6850636 ], [ 85.3477165, 27.6851372 ], [ 85.3474985, 27.6852821 ], [ 85.3472827, 27.6854006 ] ] ] } },
{ "type": "Feature", "properties": { "id": "way/176147961", "name": "Kathmandu Ringroad", "name_en": null, "name_ne": "काठमाडाैँ चक्रपथ", "highway": "trunk", "surface": "paved", "smoothness": null, "width": "16", "lanes": "4", "oneway": "no", "bridge": null, "layer": null, "source": null, "adm0_pcode": "NPL", "adm0_name": "Nepal", "adm1_pcode": "NP03", "adm1_name": "Bagmati", "adm2_pcode": "NP0327", "adm2_name": "Kathmandu", "adm3_pcode": "NP0327101", "adm3_name": "Kathmandu", "adm4_pcode": null, "adm4_name": null, "name_latin": "Kathmandu Ringroad", "path": "C:/Users/neetu/OneDrive/Desktop/naxa file/GTFS Dashboard/data/trunk.geojson" }, "geometry": { "type": "MultiLineString", "coordinates": [ [ [ 85.3058928, 27.7352708 ], [ 85.3059505, 27.7353087 ], [ 85.3060175, 27.7353384 ], [ 85.3060859, 27.7353669 ], [ 85.3061423, 27.7353823 ], [ 85.3062147, 27.7353978 ], [ 85.3063112, 27.7354049 ], [ 85.3064531, 27.7354052 ], [ 85.3066458, 27.7353747 ], [ 85.3069201, 27.7353215 ] ] ] } },
{ "type": "Feature", "properties": { "id": "way/591355894", "name": "मदन भण्डारी पथ", "name_en": "Madan Bhandari Path", "name_ne": "मदन भण्डारी पथ", "highway": "trunk", "surface": "asphalt", "smoothness": null, "width": "9", "lanes": "2", "oneway": "yes", "bridge": null, "layer": null, "source": null, "adm0_pcode": "NPL", "adm0_name": "Nepal", "adm1_pcode": "NP03", "adm1_name": "Bagmati", "adm2_pcode": "NP0327", "adm2_name": "Kathmandu", "adm3_pcode": "NP0327101", "adm3_name": "Kathmandu", "adm4_pcode": null, "adm4_name": null, "name_latin": "Madan Bhandari Path", "path": "C:/Users/neetu/OneDrive/Desktop/naxa file/GTFS Dashboard/data/trunk.geojson" }, "geometry": { "type": "MultiLineString", "coordinates": [ [ [ 85.347147, 27.6856134 ], [ 85.3473483, 27.6854968 ], [ 85.3476253, 27.6853273 ], [ 85.3477184, 27.6852637 ], [ 85.3478238, 27.685177 ], [ 85.3483079, 27.6847513 ], [ 85.3484182, 27.6846475 ], [ 85.3485369, 27.6845218 ], [ 85.3487149, 27.684306 ], [ 85.3489987, 27.6839218 ], [ 85.3490501, 27.6838344 ], [ 85.349122, 27.6836967 ], [ 85.3491636, 27.6835946 ], [ 85.3493097, 27.6832217 ], [ 85.3493808, 27.6830044 ], [ 85.3494398, 27.6827629 ] ] ] } },
{ "type": "Feature", "properties": { "id": "way/224131948", "name": "Kathmandu Ringroad", "name_en": null, "name_ne": "काठमाडाैँ चक्रपथ", "highway": "trunk", "surface": "paved", "smoothness": null, "width": "9", "lanes": "2", "oneway": "no", "bridge": null, "layer": null, "source": null, "adm0_pcode": "NPL", "adm0_name": "Nepal", "adm1_pcode": "NP03", "adm1_name": "Bagmati", "adm2_pcode": "NP0327", "adm2_name": "Kathmandu", "adm3_pcode": "NP0327101", "adm3_name": "Kathmandu", "adm4_pcode": null, "adm4_name": null, "name_latin": "Kathmandu Ringroad", "path": "C:/Users/neetu/OneDrive/Desktop/naxa file/GTFS Dashboard/data/trunk.geojson" }, "geometry": { "type": "MultiLineString", "coordinates": [ [ [ 85.3505222, 27.6873064 ], [ 85.3500447, 27.6864899 ], [ 85.3499468, 27.6863099 ], [ 85.3498605, 27.6861433 ], [ 85.3497848, 27.6859894 ], [ 85.3497189, 27.6858472 ], [ 85.349662, 27.6857158 ], [ 85.3496132, 27.6855945 ], [ 85.3495715, 27.6854822 ], [ 85.3495362, 27.6853782 ], [ 85.3495064, 27.6852815 ], [ 85.3494812, 27.6851913 ], [ 85.3494598, 27.6851067 ], [ 85.3494412, 27.6850268 ], [ 85.3494109, 27.6848793 ], [ 85.3493889, 27.6847453 ], [ 85.3493732, 27.684621 ], [ 85.3493624, 27.6845024 ], [ 85.3493514, 27.6843267 ], [ 85.3493483, 27.6842668 ] ] ] } },
{ "type": "Feature", "properties": { "id": "way/229075024", "name": "Araniko Highway", "name_en": null, "name_ne": null, "highway": "trunk", "surface": "asphalt", "smoothness": null, "width": "9", "lanes": "2", "oneway": "yes", "bridge": null, "layer": null, "source": null, "adm0_pcode": "NPL", "adm0_name": "Nepal", "adm1_pcode": "NP03", "adm1_name": "Bagmati", "adm2_pcode": "NP0326", "adm2_name": "Bhaktapur", "adm3_pcode": "NP0326301", "adm3_name": "Madhyapur Thimi", "adm4_pcode": null, "adm4_name": null, "name_latin": "Araniko Highway", "path": "C:/Users/neetu/OneDrive/Desktop/naxa file/GTFS Dashboard/data/trunk.geojson" }, "geometry": { "type": "MultiLineString", "coordinates": [ [ [ 85.3642978, 27.6745787 ], [ 85.3645752, 27.6745584 ], [ 85.3648911, 27.6745352 ] ] ] } },
{ "type": "Feature", "properties": { "id": "way/224835842", "name": "Araniko Highway", "name_en": null, "name_ne": null, "highway": "trunk", "surface": "asphalt", "smoothness": null, "width": "8", "lanes": null, "oneway": "no", "bridge": null, "layer": null, "source": null, "adm0_pcode": "NPL", "adm0_name": "Nepal", "adm1_pcode": "NP03", "adm1_name": "Bagmati", "adm2_pcode": "NP0326", "adm2_name": "Bhaktapur", "adm3_pcode": "NP0326304", "adm3_name": "Suryabinayak", "adm4_pcode": null, "adm4_name": null, "name_latin": "Araniko Highway", "path": "C:/Users/neetu/OneDrive/Desktop/naxa file/GTFS Dashboard/data/trunk.geojson" }, "geometry": { "type": "MultiLineString", "coordinates": [ [ [ 85.4364784, 27.6664979 ], [ 85.4369646, 27.6664703 ], [ 85.437482, 27.6664663 ], [ 85.437595, 27.6664569 ], [ 85.4377551, 27.6664235 ], [ 85.4378749, 27.6663771 ], [ 85.4380411, 27.66631 ], [ 85.4384797, 27.6661284 ], [ 85.438668, 27.6660506 ], [ 85.4389755, 27.6659255 ], [ 85.4391877, 27.6658271 ], [ 85.4394058, 27.6657073 ], [ 85.4395627, 27.6656161 ], [ 85.439684, 27.6655357 ], [ 85.4399959, 27.6653211 ], [ 85.4401688, 27.6651986 ], [ 85.4403485, 27.6650713 ], [ 85.4404475, 27.6650012 ], [ 85.440631, 27.6648712 ], [ 85.4408157, 27.6647404 ], [ 85.4409651, 27.6646346 ], [ 85.4414249, 27.6643054 ], [ 85.4415365, 27.6642255 ], [ 85.4415384, 27.6642267 ], [ 85.441634, 27.6641566 ], [ 85.4417744, 27.6640537 ] ] ] } },
{ "type": "Feature", "properties": { "id": "way/1080177870", "name": "Araniko Highway", "name_en": null, "name_ne": null, "highway": "trunk", "surface": "paved", "smoothness": null, "width": "9", "lanes": "2", "oneway": "yes", "bridge": null, "layer": null, "source": null, "adm0_pcode": "NPL", "adm0_name": "Nepal", "adm1_pcode": "NP03", "adm1_name": "Bagmati", "adm2_pcode": "NP0326", "adm2_name": "Bhaktapur", "adm3_pcode": "NP0326301", "adm3_name": "Madhyapur Thimi", "adm4_pcode": null, "adm4_name": null, "name_latin": "Araniko Highway", "path": "C:/Users/neetu/OneDrive/Desktop/naxa file/GTFS Dashboard/data/trunk.geojson" }, "geometry": { "type": "MultiLineString", "coordinates": [ [ [ 85.3648854, 27.6744213 ], [ 85.36456, 27.6744352 ], [ 85.3642839, 27.674447 ] ] ] } },
{ "type": "Feature", "properties": { "id": "way/338949915", "name": "गणेशमान सिंह रोड", "name_en": "Ganeshman Singh Road", "name_ne": "गणेशमान सिंह रोड", "highway": "trunk", "surface": "paved", "smoothness": null, "width": "12", "lanes": "4", "oneway": null, "bridge": null, "layer": null, "source": null, "adm0_pcode": "NPL", "adm0_name": "Nepal", "adm1_pcode": "NP03", "adm1_name": "Bagmati", "adm2_pcode": "NP0327", "adm2_name": "Kathmandu", "adm3_pcode": "NP0327101", "adm3_name": "Kathmandu", "adm4_pcode": null, "adm4_name": null, "name_latin": "Ganeshman Singh Road", "path": "C:/Users/neetu/OneDrive/Desktop/naxa file/GTFS Dashboard/data/trunk.geojson" }, "geometry": { "type": "MultiLineString", "coordinates": [ [ [ 85.2940637, 27.696767 ], [ 85.2944202, 27.6969171 ], [ 85.2959394, 27.6973696 ], [ 85.296317, 27.6974983 ], [ 85.2966081, 27.6975766 ], [ 85.2971776, 27.6977538 ], [ 85.2973342, 27.697803 ], [ 85.2975467, 27.6978719 ], [ 85.2976411, 27.697901 ], [ 85.2978536, 27.697976 ], [ 85.2980636, 27.6980432 ], [ 85.2982506, 27.6981084 ], [ 85.2984528, 27.6981809 ], [ 85.299297, 27.698408 ], [ 85.2993969, 27.6984369 ], [ 85.29948, 27.6984567 ], [ 85.2996154, 27.6984868 ] ] ] } },
{ "type": "Feature", "properties": { "id": "way/215508154", "name": "मदन भण्डारी पथ", "name_en": "Madan Bhandari Path", "name_ne": "मदन भण्डारी पथ", "highway": "trunk", "surface": "asphalt", "smoothness": null, "width": "9", "lanes": "2", "oneway": "yes", "bridge": null, "layer": null, "source": null, "adm0_pcode": "NPL", "adm0_name": "Nepal", "adm1_pcode": "NP03", "adm1_name": "Bagmati", "adm2_pcode": "NP0327", "adm2_name": "Kathmandu", "adm3_pcode": "NP0327101", "adm3_name": "Kathmandu", "adm4_pcode": null, "adm4_name": null, "name_latin": "Madan Bhandari Path", "path": "C:/Users/neetu/OneDrive/Desktop/naxa file/GTFS Dashboard/data/trunk.geojson" }, "geometry": { "type": "MultiLineString", "coordinates": [ [ [ 85.3466389, 27.6858777 ], [ 85.3470287, 27.6856746 ], [ 85.347147, 27.6856134 ] ] ] } },
{ "type": "Feature", "properties": { "id": "way/1090820450", "name": "Kathmandu Ringroad", "name_en": null, "name_ne": "काठमाडाैँ चक्रपथ", "highway": "trunk", "surface": "paved", "smoothness": null, "width": "12", "lanes": "2", "oneway": "yes", "bridge": null, "layer": null, "source": null, "adm0_pcode": "NPL", "adm0_name": "Nepal", "adm1_pcode": "NP03", "adm1_name": "Bagmati", "adm2_pcode": "NP0327", "adm2_name": "Kathmandu", "adm3_pcode": "NP0327305", "adm3_name": "Nagarjun", "adm4_pcode": null, "adm4_name": null, "name_latin": "Kathmandu Ringroad", "path": "C:/Users/neetu/OneDrive/Desktop/naxa file/GTFS Dashboard/data/trunk.geojson" }, "geometry": { "type": "MultiLineString", "coordinates": [ [ [ 85.2814759, 27.6980213 ], [ 85.2815094, 27.6973005 ], [ 85.2815169, 27.6969248 ], [ 85.2815518, 27.6963212 ], [ 85.2815751, 27.6958649 ], [ 85.2815974, 27.6950862 ], [ 85.2816468, 27.69424 ] ] ] } },
{ "type": "Feature", "properties": { "id": "way/170533898", "name": "मदन भण्डारी पथ", "name_en": "Madan Bhandari Path", "name_ne": "मदन भण्डारी पथ", "highway": "trunk", "surface": "asphalt", "smoothness": null, "width": "9", "lanes": "2", "oneway": "yes", "bridge": null, "layer": null, "source": null, "adm0_pcode": "NPL", "adm0_name": "Nepal", "adm1_pcode": "NP03", "adm1_name": "Bagmati", "adm2_pcode": "NP0327", "adm2_name": "Kathmandu", "adm3_pcode": "NP0327101", "adm3_name": "Kathmandu", "adm4_pcode": null, "adm4_name": null, "name_latin": "Madan Bhandari Path", "path": "C:/Users/neetu/OneDrive/Desktop/naxa file/GTFS Dashboard/data/trunk.geojson" }, "geometry": { "type": "MultiLineString", "coordinates": [ [ [ 85.3469679, 27.6855788 ], [ 85.3466991, 27.6857119 ], [ 85.3465685, 27.685766 ], [ 85.3463975, 27.6858304 ], [ 85.3462715, 27.6858721 ], [ 85.3461763, 27.6858983 ], [ 85.3458726, 27.6859577 ], [ 85.3458056, 27.6859708 ], [ 85.3456401, 27.6860032 ] ] ] } },
{ "type": "Feature", "properties": { "id": "way/194607860", "name": "Araniko Highway", "name_en": null, "name_ne": null, "highway": "trunk", "surface": "asphalt", "smoothness": null, "width": "12", "lanes": "2", "oneway": "yes", "bridge": null, "layer": null, "source": null, "adm0_pcode": "NPL", "adm0_name": "Nepal", "adm1_pcode": "NP03", "adm1_name": "Bagmati", "adm2_pcode": "NP0326", "adm2_name": "Bhaktapur", "adm3_pcode": "NP0326303", "adm3_name": "Bhaktapur", "adm4_pcode": null, "adm4_name": null, "name_latin": "Araniko Highway", "path": "C:/Users/neetu/OneDrive/Desktop/naxa file/GTFS Dashboard/data/trunk.geojson" }, "geometry": { "type": "MultiLineString", "coordinates": [ [ [ 85.4078085, 27.672013 ], [ 85.4082011, 27.6718753 ], [ 85.4083832, 27.6718004 ], [ 85.4084534, 27.6717594 ], [ 85.4086038, 27.671671 ], [ 85.4087435, 27.6715742 ], [ 85.4089882, 27.6713911 ], [ 85.4092615, 27.67118 ], [ 85.4094131, 27.6710434 ], [ 85.4096588, 27.6708202 ], [ 85.4098457, 27.670651 ], [ 85.4099252, 27.6705795 ], [ 85.410197, 27.670389 ], [ 85.4104543, 27.6702302 ], [ 85.4105888, 27.6701538 ], [ 85.4106472, 27.6701206 ], [ 85.4108279, 27.6700277 ], [ 85.4110807, 27.6699105 ] ] ] } },
{ "type": "Feature", "properties": { "id": "way/232099513", "name": "Araniko Highway", "name_en": null, "name_ne": null, "highway": "trunk", "surface": "asphalt", "smoothness": null, "width": "9", "lanes": "2", "oneway": "yes", "bridge": null, "layer": null, "source": null, "adm0_pcode": "NPL", "adm0_name": "Nepal", "adm1_pcode": "NP03", "adm1_name": "Bagmati", "adm2_pcode": "NP0326", "adm2_name": "Bhaktapur", "adm3_pcode": "NP0326303", "adm3_name": "Bhaktapur", "adm4_pcode": null, "adm4_name": null, "name_latin": "Araniko Highway", "path": "C:/Users/neetu/OneDrive/Desktop/naxa file/GTFS Dashboard/data/trunk.geojson" }, "geometry": { "type": "MultiLineString", "coordinates": [ [ [ 85.4094228, 27.670897 ], [ 85.4091452, 27.6711362 ], [ 85.4089765, 27.6712858 ], [ 85.4088096, 27.6714211 ], [ 85.4086615, 27.6715218 ], [ 85.4085431, 27.671593 ], [ 85.4083933, 27.6716758 ] ] ] } },
{ "type": "Feature", "properties": { "id": "way/193289325", "name": "Kathmandu Ringroad", "name_en": null, "name_ne": "काठमाडाैँ चक्रपथ", "highway": "trunk", "surface": "paved", "smoothness": null, "width": "9", "lanes": "4", "oneway": "yes", "bridge": null, "layer": null, "source": null, "adm0_pcode": "NPL", "adm0_name": "Nepal", "adm1_pcode": "NP03", "adm1_name": "Bagmati", "adm2_pcode": "NP0327", "adm2_name": "Kathmandu", "adm3_pcode": "NP0327101", "adm3_name": "Kathmandu", "adm4_pcode": null, "adm4_name": null, "name_latin": "Kathmandu Ringroad", "path": "C:/Users/neetu/OneDrive/Desktop/naxa file/GTFS Dashboard/data/trunk.geojson" }, "geometry": { "type": "MultiLineString", "coordinates": [ [ [ 85.349122, 27.6836967 ], [ 85.3491883, 27.683801 ], [ 85.3492454, 27.6838748 ], [ 85.3492953, 27.6839762 ], [ 85.34932, 27.6840689 ], [ 85.3493483, 27.6842668 ] ] ] } },
{ "type": "Feature", "properties": { "id": "way/670315380", "name": "Kathmandu Ringroad", "name_en": null, "name_ne": "काठमाडाैँ चक्रपथ", "highway": "trunk", "surface": "paved", "smoothness": null, "width": "4", "lanes": "2", "oneway": "yes", "bridge": null, "layer": null, "source": null, "adm0_pcode": "NPL", "adm0_name": "Nepal", "adm1_pcode": "NP03", "adm1_name": "Bagmati", "adm2_pcode": "NP0327", "adm2_name": "Kathmandu", "adm3_pcode": "NP0327101", "adm3_name": "Kathmandu", "adm4_pcode": null, "adm4_name": null, "name_latin": "Kathmandu Ringroad", "path": "C:/Users/neetu/OneDrive/Desktop/naxa file/GTFS Dashboard/data/trunk.geojson" }, "geometry": { "type": "MultiLineString", "coordinates": [ [ [ 85.3493483, 27.6842668 ], [ 85.3494055, 27.6834619 ], [ 85.3494089, 27.6834077 ], [ 85.3494398, 27.6827629 ] ] ] } },
{ "type": "Feature", "properties": { "id": "way/175587327", "name": "Kathmandu Ringroad", "name_en": null, "name_ne": "काठमाडाैँ चक्रपथ", "highway": "trunk", "surface": "paved", "smoothness": null, "width": "7", "lanes": "2", "oneway": "yes", "bridge": null, "layer": null, "source": null, "adm0_pcode": "NPL", "adm0_name": "Nepal", "adm1_pcode": "NP03", "adm1_name": "Bagmati", "adm2_pcode": "NP0327", "adm2_name": "Kathmandu", "adm3_pcode": "NP0327101", "adm3_name": "Kathmandu", "adm4_pcode": null, "adm4_name": null, "name_latin": "Kathmandu Ringroad", "path": "C:/Users/neetu/OneDrive/Desktop/naxa file/GTFS Dashboard/data/trunk.geojson" }, "geometry": { "type": "MultiLineString", "coordinates": [ [ [ 85.2841203, 27.689237 ], [ 85.2840459, 27.6893267 ], [ 85.2840234, 27.689362 ], [ 85.2839107, 27.6895252 ] ] ] } },
{ "type": "Feature", "properties": { "id": "way/1090820457", "name": "Kathmandu Ringroad", "name_en": null, "name_ne": "काठमाडाैँ चक्रपथ", "highway": "trunk", "surface": "paved", "smoothness": null, "width": "7", "lanes": "4", "oneway": "yes", "bridge": null, "layer": null, "source": null, "adm0_pcode": "NPL", "adm0_name": "Nepal", "adm1_pcode": "NP03", "adm1_name": "Bagmati", "adm2_pcode": "NP0327", "adm2_name": "Kathmandu", "adm3_pcode": "NP0327101", "adm3_name": "Kathmandu", "adm4_pcode": null, "adm4_name": null, "name_latin": "Kathmandu Ringroad", "path": "C:/Users/neetu/OneDrive/Desktop/naxa file/GTFS Dashboard/data/trunk.geojson" }, "geometry": { "type": "MultiLineString", "coordinates": [ [ [ 85.2839756, 27.6895618 ], [ 85.2840793, 27.6894041 ] ] ] } },
{ "type": "Feature", "properties": { "id": "way/183827067", "name": null, "name_en": null, "name_ne": null, "highway": "trunk_link", "surface": null, "smoothness": null, "width": "6", "lanes": null, "oneway": "yes", "bridge": null, "layer": null, "source": null, "adm0_pcode": "NPL", "adm0_name": "Nepal", "adm1_pcode": "NP03", "adm1_name": "Bagmati", "adm2_pcode": "NP0326", "adm2_name": "Bhaktapur", "adm3_pcode": "NP0326303", "adm3_name": "Bhaktapur", "adm4_pcode": null, "adm4_name": null, "name_latin": null, "path": "C:/Users/neetu/OneDrive/Desktop/naxa file/GTFS Dashboard/data/trunk.geojson" }, "geometry": { "type": "MultiLineString", "coordinates": [ [ [ 85.4088623, 27.6725275 ], [ 85.40886, 27.6723222 ], [ 85.4088579, 27.672175 ], [ 85.4088638, 27.6720207 ], [ 85.4088822, 27.6719052 ], [ 85.4089077, 27.6718101 ], [ 85.4089697, 27.6715951 ], [ 85.4089938, 27.6714945 ], [ 85.4090566, 27.6713868 ], [ 85.4091519, 27.6712917 ], [ 85.4092615, 27.67118 ] ] ] } },
{ "type": "Feature", "properties": { "id": "way/231786214", "name": "Kathmandu Ringroad", "name_en": null, "name_ne": "काठमाडाैँ चक्रपथ", "highway": "trunk", "surface": "paved", "smoothness": null, "width": "14", "lanes": "4", "oneway": "no", "bridge": null, "layer": null, "source": null, "adm0_pcode": "NPL", "adm0_name": "Nepal", "adm1_pcode": "NP03", "adm1_name": "Bagmati", "adm2_pcode": "NP0327", "adm2_name": "Kathmandu", "adm3_pcode": "NP0327101", "adm3_name": "Kathmandu", "adm4_pcode": null, "adm4_name": null, "name_latin": "Kathmandu Ringroad", "path": "C:/Users/neetu/OneDrive/Desktop/naxa file/GTFS Dashboard/data/trunk.geojson" }, "geometry": { "type": "MultiLineString", "coordinates": [ [ [ 85.3437482, 27.7076096 ], [ 85.3439455, 27.7074702 ], [ 85.3442788, 27.7071989 ], [ 85.3444733, 27.7070517 ], [ 85.3447029, 27.706897 ], [ 85.3448065, 27.7068196 ], [ 85.3450531, 27.7066254 ], [ 85.345181, 27.7065173 ], [ 85.3455696, 27.7061986 ], [ 85.3457409, 27.7060874 ], [ 85.3458659, 27.7060159 ], [ 85.3460034, 27.7059446 ], [ 85.346133, 27.7058865 ], [ 85.3462779, 27.7058358 ], [ 85.3463796, 27.7058161 ], [ 85.3465538, 27.70578 ], [ 85.346716, 27.7057645 ], [ 85.3468248, 27.7057615 ], [ 85.3469027, 27.7057594 ], [ 85.3470247, 27.7057542 ], [ 85.347173, 27.7057634 ], [ 85.3472993, 27.7057711 ], [ 85.3475555, 27.7058051 ], [ 85.3478595, 27.7058538 ], [ 85.3481248, 27.7058959 ], [ 85.348729, 27.7059846 ], [ 85.3488756, 27.7060097 ] ] ] } },
{ "type": "Feature", "properties": { "id": "way/4840304", "name": "Kathmandu Ringroad", "name_en": null, "name_ne": "काठमाडाैँ चक्रपथ", "highway": "trunk", "surface": "paved", "smoothness": null, "width": "16", "lanes": "4", "oneway": "no", "bridge": null, "layer": null, "source": null, "adm0_pcode": "NPL", "adm0_name": "Nepal", "adm1_pcode": "NP03", "adm1_name": "Bagmati", "adm2_pcode": "NP0327", "adm2_name": "Kathmandu", "adm3_pcode": "NP0327101", "adm3_name": "Kathmandu", "adm4_pcode": null, "adm4_name": null, "name_latin": "Kathmandu Ringroad", "path": "C:/Users/neetu/OneDrive/Desktop/naxa file/GTFS Dashboard/data/trunk.geojson" }, "geometry": { "type": "MultiLineString", "coordinates": [ [ [ 85.3081016, 27.7351378 ], [ 85.3082719, 27.7351093 ], [ 85.3092322, 27.7349403 ], [ 85.3094608, 27.734909 ], [ 85.3097038, 27.7348771 ], [ 85.3100033, 27.7348517 ], [ 85.3102393, 27.7348232 ], [ 85.3105508, 27.7347962 ], [ 85.3108771, 27.7347829 ], [ 85.3110888, 27.7347752 ], [ 85.3114199, 27.7347844 ], [ 85.3118396, 27.7347963 ], [ 85.3122648, 27.7348168 ], [ 85.3127311, 27.7348406 ], [ 85.3137884, 27.7348986 ], [ 85.3142055, 27.7349285 ], [ 85.3144905, 27.7349302 ] ] ] } },
{ "type": "Feature", "properties": { "id": "way/183110577", "name": "Madan Bhandari Path", "name_en": null, "name_ne": "मदन भण्डारी पथ", "highway": "trunk", "surface": "asphalt", "smoothness": null, "width": "6", "lanes": "2", "oneway": "yes", "bridge": null, "layer": null, "source": null, "adm0_pcode": "NPL", "adm0_name": "Nepal", "adm1_pcode": "NP03", "adm1_name": "Bagmati", "adm2_pcode": "NP0327", "adm2_name": "Kathmandu", "adm3_pcode": "NP0327101", "adm3_name": "Kathmandu", "adm4_pcode": null, "adm4_name": null, "name_latin": "Madan Bhandari Path", "path": "C:/Users/neetu/OneDrive/Desktop/naxa file/GTFS Dashboard/data/trunk.geojson" }, "geometry": { "type": "MultiLineString", "coordinates": [ [ [ 85.3313447, 27.6891678 ], [ 85.3310196, 27.6892385 ], [ 85.3307858, 27.689302 ], [ 85.3302782, 27.6894516 ], [ 85.3300178, 27.6895445 ], [ 85.32979, 27.6896421 ], [ 85.3293353, 27.689853 ], [ 85.3289881, 27.6900069 ], [ 85.3289071, 27.6900571 ], [ 85.328572, 27.6902202 ] ] ] } },
{ "type": "Feature", "properties": { "id": "way/169339098", "name": "मदन भण्डारी पथ", "name_en": "Madan Bhandari Path", "name_ne": "मदन भण्डारी पथ", "highway": "trunk", "surface": "asphalt", "smoothness": null, "width": "6", "lanes": "2", "oneway": "yes", "bridge": null, "layer": null, "source": null, "adm0_pcode": "NPL", "adm0_name": "Nepal", "adm1_pcode": "NP03", "adm1_name": "Bagmati", "adm2_pcode": "NP0327", "adm2_name": "Kathmandu", "adm3_pcode": "NP0327101", "adm3_name": "Kathmandu", "adm4_pcode": null, "adm4_name": null, "name_latin": "Madan Bhandari Path", "path": "C:/Users/neetu/OneDrive/Desktop/naxa file/GTFS Dashboard/data/trunk.geojson" }, "geometry": { "type": "MultiLineString", "coordinates": [ [ [ 85.328605, 27.6902848 ], [ 85.3289438, 27.6901147 ], [ 85.3290277, 27.6900687 ], [ 85.3293662, 27.6899092 ], [ 85.3298192, 27.6897013 ], [ 85.3300529, 27.6895992 ], [ 85.3302754, 27.6895205 ], [ 85.3305103, 27.6894482 ], [ 85.3308476, 27.6893548 ], [ 85.3310108, 27.6893128 ], [ 85.3313563, 27.6892256 ], [ 85.3320663, 27.689064 ] ] ] } }
]
}
