{
"type": "FeatureCollection",
"name": "river",
"crs": { "type": "name", "properties": { "name": "urn:ogc:def:crs:OGC:1.3:CRS84" } },
"features": [
{ "type": "Feature", "properties": { "full_id": "w5407597", "osm_id": "5407597", "osm_type": "way", "waterway": "river", "direction": null, "boundary": null, "admin_level": null, "wikipedia": null, "wikidata": null, "name:pl": null, "intermittent": null, "description": null, "name:new": null, "level": null, "covered": null, "tunnel": null, "layer": null, "ship": null, "motorboat": null, "width": null, "name:hi": null, "name:en": null, "name:ne": "Rudramati Khola", "alt_name": "Rudramati River", "tidal": null, "name": null, "boat": null }, "geometry": { "type": "LineString", "coordinates": [ [ 85.3534577, 27.7363877 ], [ 85.3532909, 27.7362976 ], [ 85.3530793, 27.7362315 ], [ 85.352907, 27.7361566 ], [ 85.3527685, 27.7360752 ], [ 85.3526906, 27.7360003 ], [ 85.3526052, 27.7359179 ], [ 85.3525337, 27.7358101 ], [ 85.3524683, 27.7356841 ], [ 85.3522323, 27.7350836 ], [ 85.3521972, 27.7349198 ], [ 85.3521843, 27.7348562 ], [ 85.3521777, 27.7347395 ], [ 85.3521921, 27.7345771 ], [ 85.3521813, 27.7343638 ], [ 85.3520981, 27.7339264 ], [ 85.3518826, 27.7334457 ], [ 85.3518334, 27.7333839 ], [ 85.3517259, 27.7333417 ], [ 85.351551, 27.7333382 ], [ 85.3513043, 27.7333579 ], [ 85.3510192, 27.7333841 ], [ 85.3508597, 27.7334001 ], [ 85.35072, 27.7334176 ], [ 85.3506039, 27.7334037 ], [ 85.3505337, 27.733369 ], [ 85.3504776, 27.7333217 ], [ 85.3504022, 27.7332303 ], [ 85.350369, 27.7331207 ], [ 85.3502548, 27.7329073 ], [ 85.3500369, 27.7325676 ], [ 85.3499593, 27.7324528 ], [ 85.3498669, 27.7323574 ], [ 85.3497983, 27.7323022 ], [ 85.3497404, 27.7322821 ], [ 85.3496158, 27.7322573 ], [ 85.3494673, 27.7322177 ], [ 85.3493893, 27.7321754 ], [ 85.349312, 27.7320941 ], [ 85.3492641, 27.7320052 ], [ 85.3492222, 27.7319087 ], [ 85.3491908, 27.7318076 ], [ 85.3491816, 27.7316901 ], [ 85.3491902, 27.7315595 ], [ 85.3492561, 27.7314477 ], [ 85.3493561, 27.7313495 ], [ 85.3494855, 27.7312315 ], [ 85.349725, 27.7307928 ], [ 85.3500138, 27.7303487 ], [ 85.3501075, 27.7302047 ], [ 85.3501797, 27.7299188 ], [ 85.3502268, 27.729721 ], [ 85.3502457, 27.7295895 ], [ 85.3502398, 27.7294752 ], [ 85.3500492, 27.7287963 ], [ 85.3499951, 27.7285922 ], [ 85.3499511, 27.7284905 ], [ 85.3498821, 27.7283825 ], [ 85.3497691, 27.7282418 ], [ 85.3494649, 27.7279863 ], [ 85.3493643, 27.7278824 ], [ 85.3492768, 27.7277454 ], [ 85.3491303, 27.7274625 ], [ 85.3489442, 27.7271316 ], [ 85.3488215, 27.7267291 ], [ 85.3487697, 27.7264783 ], [ 85.3487678, 27.7262799 ], [ 85.3487859, 27.7261261 ], [ 85.3488534, 27.7259214 ], [ 85.3489987, 27.7256448 ], [ 85.3490654, 27.7254826 ], [ 85.3490863, 27.7254004 ], [ 85.3490963, 27.7253148 ], [ 85.3490991, 27.7252299 ], [ 85.3490906, 27.7251359 ], [ 85.3490694, 27.7250579 ], [ 85.3490318, 27.724997 ], [ 85.3489957, 27.724947 ], [ 85.3488153, 27.7247626 ], [ 85.3485852, 27.7245669 ], [ 85.348341, 27.724401 ], [ 85.3477514, 27.7239902 ], [ 85.3476653, 27.7239519 ], [ 85.3475739, 27.7239269 ], [ 85.3474407, 27.7239162 ], [ 85.347288, 27.7239244 ], [ 85.3469111, 27.7239501 ], [ 85.3467228, 27.7239585 ], [ 85.3465626, 27.7239571 ], [ 85.3464382, 27.723943 ], [ 85.3463584, 27.7239058 ], [ 85.3462784, 27.723851 ], [ 85.3462151, 27.7237729 ], [ 85.3461652, 27.7236402 ], [ 85.3461477, 27.7235133 ], [ 85.3461516, 27.7232707 ], [ 85.3461186, 27.7231215 ], [ 85.3458776, 27.7226767 ], [ 85.345843, 27.7225731 ], [ 85.3457817, 27.722303 ], [ 85.3457583, 27.7222098 ], [ 85.3457387, 27.7221484 ], [ 85.3457077, 27.7220789 ], [ 85.345659, 27.7220292 ], [ 85.3454702, 27.7219659 ], [ 85.3454092, 27.7219489 ], [ 85.3452651, 27.7219081 ], [ 85.3449695, 27.7218778 ], [ 85.3446671, 27.7218592 ], [ 85.3443891, 27.7218568 ], [ 85.3440321, 27.7218918 ], [ 85.3439075, 27.721895 ], [ 85.3436472, 27.7218748 ], [ 85.3434857, 27.7218667 ], [ 85.3433896, 27.7218796 ], [ 85.3433041, 27.7219027 ], [ 85.3427282, 27.7221829 ], [ 85.342653, 27.7222033 ], [ 85.3425617, 27.7222125 ], [ 85.3424955, 27.7222047 ], [ 85.3424311, 27.7221721 ], [ 85.3423743, 27.7221152 ], [ 85.3422877, 27.7219078 ], [ 85.3421814, 27.7216542 ], [ 85.3420841, 27.7214723 ], [ 85.3418633, 27.7211907 ], [ 85.3414489, 27.7207303 ], [ 85.3414181, 27.7206766 ], [ 85.341401, 27.7206182 ], [ 85.3414182, 27.7205639 ], [ 85.3414614, 27.7205039 ], [ 85.3415165, 27.7204415 ], [ 85.3418803, 27.7201915 ], [ 85.3419821, 27.7200965 ], [ 85.3420226, 27.720024 ], [ 85.3420575, 27.7199443 ], [ 85.342069, 27.7198366 ], [ 85.3420641, 27.7196314 ], [ 85.3420665, 27.7195377 ], [ 85.3420267, 27.7194647 ], [ 85.3419751, 27.7193972 ], [ 85.3418933, 27.7193179 ], [ 85.3417565, 27.7192624 ], [ 85.3416034, 27.7192217 ], [ 85.3413478, 27.7191602 ], [ 85.3410603, 27.7190532 ], [ 85.3409617, 27.7190001 ], [ 85.3400377, 27.718494 ], [ 85.339795, 27.7183165 ], [ 85.3395691, 27.7180753 ], [ 85.3394886, 27.7179739 ], [ 85.3392981, 27.7175231 ], [ 85.3392053, 27.7172481 ], [ 85.339121, 27.716901 ], [ 85.3390891, 27.7167914 ], [ 85.3390299, 27.7166272 ], [ 85.3388771, 27.7161599 ], [ 85.3388093, 27.7158061 ], [ 85.3387989, 27.7157084 ], [ 85.3387325, 27.7155394 ], [ 85.3385354, 27.7150781 ], [ 85.3384774, 27.7148426 ], [ 85.3383994, 27.7144591 ], [ 85.338369, 27.7142507 ], [ 85.3383739, 27.714004 ], [ 85.3383324, 27.7137288 ], [ 85.3383009, 27.7135755 ], [ 85.3381087, 27.7130084 ], [ 85.3380169, 27.7127679 ], [ 85.3378394, 27.7124302 ], [ 85.3377925, 27.7123374 ], [ 85.3376634, 27.7121529 ], [ 85.3375481, 27.7119605 ], [ 85.3374828, 27.7117409 ], [ 85.337363, 27.7115597 ], [ 85.3373289, 27.7114388 ], [ 85.337324, 27.7111998 ], [ 85.3373058, 27.7109124 ], [ 85.3372515, 27.7105434 ], [ 85.3371978, 27.7102185 ], [ 85.3371409, 27.7099382 ], [ 85.3370799, 27.7096132 ], [ 85.3370567, 27.7092553 ], [ 85.3370129, 27.7090213 ], [ 85.336925, 27.708717 ], [ 85.3368402, 27.708049 ], [ 85.3367329, 27.7074517 ], [ 85.3366765, 27.7071525 ], [ 85.3366269, 27.7068165 ], [ 85.3365652, 27.7063558 ], [ 85.3365062, 27.7059866 ], [ 85.3364405, 27.705761 ], [ 85.3363721, 27.7055294 ], [ 85.3362823, 27.7053502 ], [ 85.3362474, 27.7050664 ], [ 85.3362059, 27.7047137 ], [ 85.3361629, 27.7042887 ], [ 85.3361442, 27.7040453 ], [ 85.3360784, 27.703562 ], [ 85.3360854, 27.7030891 ], [ 85.3360753, 27.7029599 ], [ 85.3360078, 27.7026605 ], [ 85.3358077, 27.7022448 ], [ 85.3355374, 27.701765 ], [ 85.3354373, 27.7016116 ], [ 85.3352233, 27.7013351 ], [ 85.3348486, 27.7009724 ], [ 85.3346792, 27.7008153 ], [ 85.3341897, 27.7003739 ], [ 85.3338843, 27.7001551 ], [ 85.3336481, 27.7000235 ], [ 85.3334835, 27.6999532 ], [ 85.3324386, 27.6998121 ], [ 85.3322396, 27.6997973 ], [ 85.3320912, 27.6998026 ], [ 85.3319404, 27.6998205 ], [ 85.3314853, 27.699883 ], [ 85.3313574, 27.6998878 ], [ 85.3312869, 27.6998841 ], [ 85.3312205, 27.6998698 ], [ 85.3311032, 27.699809 ], [ 85.3308831, 27.6996836 ], [ 85.3307262, 27.6995627 ], [ 85.3306465, 27.6994606 ], [ 85.3305799, 27.6993776 ], [ 85.3305061, 27.6992945 ], [ 85.3304458, 27.6991948 ], [ 85.3303546, 27.6990131 ], [ 85.3303498, 27.6989031 ], [ 85.330354, 27.6988403 ], [ 85.3303619, 27.698794 ], [ 85.3304028, 27.6987222 ], [ 85.3309346, 27.6981926 ], [ 85.3310962, 27.6980768 ], [ 85.3312102, 27.6980133 ], [ 85.3314241, 27.6978871 ], [ 85.3316045, 27.6978363 ], [ 85.3316863, 27.6977651 ], [ 85.3317738, 27.6976985 ], [ 85.3318382, 27.6975584 ], [ 85.3318298, 27.6974979 ], [ 85.331815, 27.6974386 ], [ 85.3317547, 27.6973222 ], [ 85.3316152, 27.6971536 ], [ 85.3315146, 27.6970206 ], [ 85.3312048, 27.6966537 ], [ 85.3310399, 27.6964447 ], [ 85.3308065, 27.6961466 ], [ 85.3306496, 27.6959305 ], [ 85.3306168, 27.6958711 ], [ 85.3304834, 27.6957987 ], [ 85.3300891, 27.6957084 ], [ 85.3298456, 27.6956984 ], [ 85.3296934, 27.6956384 ], [ 85.3294084, 27.695509 ], [ 85.3292435, 27.6954223 ], [ 85.3290856, 27.6953349 ], [ 85.3290298, 27.695281 ], [ 85.3290036, 27.6952262 ], [ 85.3289976, 27.6951748 ], [ 85.3290001, 27.6951207 ], [ 85.3290295, 27.6950103 ], [ 85.3291332, 27.6948528 ], [ 85.3292576, 27.694765 ], [ 85.3294781, 27.6946314 ], [ 85.3297571, 27.6944664 ], [ 85.3298389, 27.6943868 ], [ 85.3298644, 27.6943239 ], [ 85.3298697, 27.6942538 ], [ 85.3298389, 27.6941755 ], [ 85.3296646, 27.6938988 ], [ 85.3294848, 27.6936185 ], [ 85.3293641, 27.6933977 ], [ 85.3292942, 27.6932013 ], [ 85.3291664, 27.6928954 ], [ 85.3290805, 27.6927077 ], [ 85.3288393, 27.6922241 ], [ 85.3286088, 27.6918973 ], [ 85.3285661, 27.6918113 ], [ 85.3285085, 27.6916902 ], [ 85.3283865, 27.6912845 ], [ 85.3283324, 27.6909797 ], [ 85.3283258, 27.6907868 ], [ 85.3283825, 27.6905553 ], [ 85.328292, 27.6900109 ], [ 85.3282879, 27.6897224 ], [ 85.3282839, 27.6895264 ], [ 85.3282544, 27.6892224 ], [ 85.3281981, 27.6889849 ], [ 85.3281458, 27.6888151 ], [ 85.3280814, 27.6886453 ], [ 85.3279302, 27.6883112 ], [ 85.3278625, 27.6881429 ], [ 85.3278588, 27.6881334 ], [ 85.3276524, 27.6876049 ], [ 85.3275932, 27.6874739 ], [ 85.327554, 27.6874236 ], [ 85.327528, 27.6874016 ], [ 85.3274595, 27.6873686 ], [ 85.3274156, 27.6873592 ], [ 85.3273049, 27.6873592 ], [ 85.3271956, 27.6873848 ], [ 85.3271526, 27.6874048 ], [ 85.3270834, 27.687455 ], [ 85.3269463, 27.6876006 ], [ 85.3268784, 27.6876489 ], [ 85.3267763, 27.6876993 ], [ 85.326714, 27.6877214 ], [ 85.3266449, 27.6877363 ], [ 85.3265066, 27.687749 ], [ 85.3259728, 27.6877611 ], [ 85.3253478, 27.687797 ], [ 85.3252351, 27.6877931 ], [ 85.325141, 27.6877809 ], [ 85.3250633, 27.6877618 ], [ 85.3250001, 27.6877369 ], [ 85.3249493, 27.6877075 ], [ 85.3248768, 27.6876401 ], [ 85.3247917, 27.6875052 ] ] } },
{ "type": "Feature", "properties": { "full_id": "w32133122", "osm_id": "32133122", "osm_type": "way", "waterway": "river", "direction": null, "boundary": null, "admin_level": null, "wikipedia": null, "wikidata": null, "name:pl": null, "intermittent": null, "description": null, "name:new": null, "level": null, "covered": null, "tunnel": null, "layer": null, "ship": null, "motorboat": null, "width": null, "name:hi": null, "name:en": null, "name:ne": null, "alt_name": null, "tidal": null, "name": null, "boat": "no" }, "geometry": { "type": "LineString", "coordinates": [ ] } },
{ "type": "Feature", "properties": { "full_id": "w32133270", "osm_id": "32133270", "osm_type": "way", "waterway": "river", "direction": null, "boundary": null, "admin_level": null, "wikipedia": null, "wikidata": null, "name:pl": null, "intermittent": null, "description": null, "name:new": null, "level": null, "covered": null, "tunnel": null, "layer": null, "ship": null, "motorboat": null, "width": null, "name:hi": null, "name:en": null, "name:ne": null, "alt_name": null, "tidal": null, "name": null, "boat": null }, "geometry": { "type": "LineString", "coordinates": [ ] } },
{ "type": "Feature", "properties": { "full_id": "w32133805", "osm_id": "32133805", "osm_type": "way", "waterway": "river", "direction": null, "boundary": null, "admin_level": null, "wikipedia": null, "wikidata": null, "name:pl": null, "intermittent": null, "description": null, "name:new": null, "level": null, "covered": null, "tunnel": null, "layer": null, "ship": null, "motorboat": null, "width": null, "name:hi": null, "name:en": null, "name:ne": null, "alt_name": null, "tidal": null, "name": "Hanumante River", "boat": "no" }, "geometry": { "type": "LineString", "coordinates": [ ] } },
{ "type": "Feature", "properties": { "full_id": "w32134129", "osm_id": "32134129", "osm_type": "way", "waterway": "river", "direction": null, "boundary": null, "admin_level": null, "wikipedia": null, "wikidata": null, "name:pl": null, "intermittent": null, "description": null, "name:new": null, "level": null, "covered": null, "tunnel": null, "layer": null, "ship": null, "motorboat": null, "width": null, "name:hi": null, "name:en": null, "name:ne": null, "alt_name": null, "tidal": null, "name": "Madhav Khola", "boat": "no" }, "geometry": { "type": "LineString", "coordinates": [ ] } },
{ "type": "Feature", "properties": { "full_id": "w52773951", "osm_id": "52773951", "osm_type": "way", "waterway": "river", "direction": null, "boundary": null, "admin_level": null, "wikipedia": null, "wikidata": null, "name:pl": null, "intermittent": null, "description": null, "name:new": null, "level": null, "covered": null, "tunnel": null, "layer": null, "ship": null, "motorboat": null, "width": null, "name:hi": null, "name:en": null, "name:ne": null, "alt_name": null, "tidal": null, "name": null, "boat": "no" }, "geometry": { "type": "LineString", "coordinates": [ ] } },
{ "type": "Feature", "properties": { "full_id": "w52869396", "osm_id": "52869396", "osm_type": "way", "waterway": "river", "direction": null, "boundary": null, "admin_level": null, "wikipedia": null, "wikidata": null, "name:pl": null, "intermittent": null, "description": null, "name:new": null, "level": null, "covered": null, "tunnel": null, "layer": null, "ship": null, "motorboat": null, "width": "10", "name:hi": null, "name:en": null, "name:ne": null, "alt_name": null, "tidal": null, "name": "Bishnumati River", "boat": "no" }, "geometry": { "type": "LineString", "coordinates": [ [ 85.3556541, 27.7816123 ], [ 85.355579, 27.7811946 ], [ 85.3553054, 27.781 ], [ 85.3550909, 27.7807532 ], [ 85.3549353, 27.7804874 ], [ 85.3549138, 27.7803403 ], [ 85.3547744, 27.780084 ], [ 85.3545786, 27.7797283 ], [ 85.3543506, 27.7794196 ], [ 85.3541467, 27.7790778 ], [ 85.3539161, 27.778869 ], [ 85.3539483, 27.778214 ], [ 85.3541897, 27.7778486 ], [ 85.3542969, 27.777317 ], [ 85.3542429, 27.7769459 ], [ 85.3542139, 27.7766241 ], [ 85.3538465, 27.7763228 ], [ 85.353503, 27.7760951 ], [ 85.3532939, 27.7758837 ], [ 85.3532241, 27.7756774 ], [ 85.3531677, 27.7755516 ], [ 85.3528646, 27.7754068 ], [ 85.3526904, 27.7753996 ], [ 85.3526421, 27.7752857 ], [ 85.3526581, 27.7751197 ], [ 85.3527065, 27.7749914 ], [ 85.3526314, 27.7748656 ], [ 85.3525724, 27.7747992 ], [ 85.3522747, 27.7745998 ], [ 85.3521674, 27.7746046 ], [ 85.3520091, 27.7745903 ], [ 85.3517623, 27.7744243 ], [ 85.3515407, 27.7743265 ], [ 85.3510721, 27.7742702 ], [ 85.3508638, 27.7743497 ], [ 85.3507617, 27.7743579 ], [ 85.3504776, 27.7744764 ], [ 85.3503186, 27.7744508 ], [ 85.3502168, 27.7744711 ], [ 85.350135, 27.774345 ], [ 85.3500105, 27.7742414 ], [ 85.3497641, 27.7740516 ], [ 85.3496326, 27.77399 ], [ 85.3495709, 27.7738975 ], [ 85.3493697, 27.7736934 ], [ 85.3491526, 27.7736387 ], [ 85.3483612, 27.7736056 ], [ 85.3481146, 27.773577 ], [ 85.3476103, 27.7736648 ], [ 85.3471006, 27.7738073 ], [ 85.3467868, 27.7739758 ], [ 85.3465319, 27.7741657 ], [ 85.3462987, 27.7742652 ], [ 85.3461296, 27.774206 ], [ 85.3459365, 27.7739829 ], [ 85.3459445, 27.7737219 ], [ 85.3457864, 27.7734085 ], [ 85.3455985, 27.7731903 ], [ 85.3455128, 27.7730786 ], [ 85.345486, 27.772865 ], [ 85.3453974, 27.772839 ], [ 85.3451372, 27.772788 ], [ 85.3448394, 27.772686 ], [ 85.3446633, 27.7724492 ], [ 85.3445016, 27.7721738 ], [ 85.3444454, 27.7718904 ], [ 85.3442857, 27.7717125 ], [ 85.3441582, 27.7716619 ], [ 85.3439906, 27.7716382 ], [ 85.3437413, 27.7716205 ], [ 85.3435376, 27.7715885 ], [ 85.3433322, 27.7715384 ], [ 85.3430398, 27.7714197 ], [ 85.3426079, 27.7713486 ], [ 85.3422298, 27.7713201 ], [ 85.3420206, 27.7712512 ], [ 85.3417791, 27.7711161 ], [ 85.3416128, 27.7710021 ], [ 85.3414681, 27.7708976 ], [ 85.3414036, 27.7708075 ], [ 85.3413581, 27.7706152 ], [ 85.3414493, 27.7703541 ], [ 85.3415645, 27.7700458 ], [ 85.3416825, 27.7697514 ], [ 85.3416503, 27.7695307 ], [ 85.3416263, 27.76926 ], [ 85.3415001, 27.7689279 ], [ 85.3414509, 27.7688381 ], [ 85.3412802, 27.768655 ], [ 85.3408027, 27.7683607 ], [ 85.3404582, 27.7681296 ], [ 85.3403475, 27.7680491 ], [ 85.3402555, 27.7677962 ], [ 85.3402865, 27.7676131 ], [ 85.340395, 27.7671394 ], [ 85.3405703, 27.7666866 ], [ 85.3406222, 27.7665497 ], [ 85.3405976, 27.7664001 ], [ 85.3404807, 27.7662838 ], [ 85.3402839, 27.7662692 ], [ 85.3401634, 27.7662741 ], [ 85.3396747, 27.7663299 ], [ 85.3395198, 27.7663041 ], [ 85.3393655, 27.7662856 ], [ 85.3392159, 27.7662115 ], [ 85.3389269, 27.7658323 ], [ 85.338601, 27.7653504 ], [ 85.3384909, 27.7651065 ], [ 85.3383999, 27.7650134 ], [ 85.3383288, 27.7648995 ], [ 85.338275, 27.7645775 ], [ 85.3381194, 27.7640785 ], [ 85.3379679, 27.7638991 ], [ 85.3376126, 27.7635721 ], [ 85.3374393, 27.7634479 ], [ 85.3373436, 27.7633281 ], [ 85.3372693, 27.7632019 ], [ 85.3372219, 27.7630097 ], [ 85.3372282, 27.7628174 ], [ 85.3371984, 27.7626678 ], [ 85.3370806, 27.7623896 ], [ 85.3369629, 27.7621779 ], [ 85.3368472, 27.7619788 ], [ 85.3367436, 27.7617042 ], [ 85.3367048, 27.7614524 ], [ 85.3366973, 27.7612283 ], [ 85.3365365, 27.7606045 ], [ 85.3364691, 27.7604891 ], [ 85.3364181, 27.7604391 ], [ 85.3362853, 27.7603556 ], [ 85.3360568, 27.7602285 ], [ 85.3359267, 27.7601265 ], [ 85.3356036, 27.759813 ], [ 85.3355011, 27.7597324 ], [ 85.3352117, 27.7595773 ], [ 85.3346706, 27.7593857 ], [ 85.3342333, 27.759279 ], [ 85.3341837, 27.7592545 ], [ 85.3341366, 27.7592047 ], [ 85.3339918, 27.7590377 ], [ 85.3339733, 27.7589874 ], [ 85.3339445, 27.7588788 ], [ 85.333946, 27.7587806 ], [ 85.3339874, 27.7584683 ], [ 85.3339908, 27.7583006 ], [ 85.3339708, 27.7581269 ], [ 85.3339251, 27.7578551 ], [ 85.3338938, 27.757725 ], [ 85.3338289, 27.7574956 ], [ 85.3337682, 27.7572566 ], [ 85.333737, 27.7571898 ], [ 85.3336873, 27.7571285 ], [ 85.3336142, 27.7570868 ], [ 85.3334765, 27.7570439 ], [ 85.3333189, 27.7570156 ], [ 85.3331452, 27.7570234 ], [ 85.3329839, 27.7570175 ], [ 85.3327858, 27.7569828 ], [ 85.3323293, 27.7568544 ], [ 85.3316382, 27.7565647 ], [ 85.3303756, 27.7564621 ], [ 85.3291234, 27.7567347 ], [ 85.3284743, 27.7568368 ], [ 85.328139, 27.7567744 ], [ 85.3277454, 27.7564577 ], [ 85.3273761, 27.7560756 ], [ 85.3272753, 27.7559487 ], [ 85.3271309, 27.7556955 ], [ 85.3271199, 27.7554508 ], [ 85.3272412, 27.7542621 ], [ 85.3272308, 27.7538327 ], [ 85.327003, 27.7533834 ], [ 85.3266759, 27.7531814 ], [ 85.3265002, 27.7532004 ], [ 85.3260845, 27.7532586 ], [ 85.3257224, 27.7532835 ], [ 85.3253053, 27.7535078 ], [ 85.3251618, 27.7535529 ], [ 85.3249258, 27.7534354 ], [ 85.3247085, 27.7533013 ], [ 85.3244589, 27.7531478 ], [ 85.3243384, 27.7530758 ], [ 85.3241497, 27.7530049 ], [ 85.3239749, 27.7528987 ], [ 85.323765, 27.7527739 ], [ 85.3235578, 27.7526022 ], [ 85.3233786, 27.7525364 ], [ 85.3233332, 27.7523982 ], [ 85.3232699, 27.7522095 ], [ 85.3231405, 27.7518588 ], [ 85.3229487, 27.751584 ], [ 85.3227612, 27.7511859 ], [ 85.3227048, 27.7508506 ], [ 85.3227653, 27.750568 ], [ 85.3228636, 27.7503314 ], [ 85.3230281, 27.7500624 ], [ 85.3230843, 27.7499436 ], [ 85.322996, 27.7494004 ], [ 85.3228697, 27.7490065 ], [ 85.3227436, 27.7485929 ], [ 85.3226892, 27.7484037 ], [ 85.3225136, 27.7482414 ], [ 85.3222526, 27.7481336 ], [ 85.3221385, 27.747857 ], [ 85.3218952, 27.747517 ], [ 85.3217302, 27.7471295 ], [ 85.3217227, 27.7468911 ], [ 85.321786, 27.746545 ], [ 85.3218103, 27.7463941 ], [ 85.321869, 27.7462315 ], [ 85.3220967, 27.745937 ], [ 85.3221373, 27.7457836 ], [ 85.3221608, 27.7454431 ], [ 85.3222171, 27.7452503 ], [ 85.322254, 27.7452 ], [ 85.3223462, 27.7449736 ], [ 85.3223546, 27.7449257 ], [ 85.3223424, 27.7448833 ], [ 85.3222086, 27.7446231 ], [ 85.3221304, 27.7444814 ], [ 85.32199, 27.7443145 ], [ 85.3218339, 27.7442258 ], [ 85.3214533, 27.7443067 ], [ 85.3210871, 27.7443924 ], [ 85.3208624, 27.7444755 ], [ 85.3205929, 27.7445862 ], [ 85.3204582, 27.744657 ], [ 85.3202508, 27.7447085 ], [ 85.3200912, 27.7447806 ], [ 85.3199475, 27.7451018 ], [ 85.3197686, 27.7451921 ], [ 85.3194928, 27.7452574 ], [ 85.3192523, 27.7452039 ], [ 85.3190703, 27.7452394 ], [ 85.3189448, 27.7452766 ], [ 85.3187417, 27.745283 ], [ 85.3186035, 27.7452721 ], [ 85.318444, 27.7452319 ], [ 85.3182518, 27.7451878 ], [ 85.3180836, 27.7451367 ], [ 85.3177832, 27.7450298 ], [ 85.3173717, 27.7447935 ], [ 85.3169271, 27.7447305 ], [ 85.3164297, 27.7447566 ], [ 85.3159827, 27.7447438 ], [ 85.3155571, 27.7445911 ], [ 85.3152898, 27.7445725 ], [ 85.3153181, 27.7442336 ], [ 85.315229, 27.7437962 ], [ 85.3151258, 27.7435212 ], [ 85.3150124, 27.743257 ], [ 85.3148229, 27.7429361 ], [ 85.3145796, 27.7426056 ], [ 85.3143141, 27.7422682 ], [ 85.3138868, 27.7418851 ], [ 85.3136569, 27.7416276 ], [ 85.3135165, 27.7414704 ], [ 85.3129538, 27.7411068 ], [ 85.3122071, 27.7404661 ], [ 85.3121407, 27.7404367 ], [ 85.3115381, 27.7398861 ], [ 85.3110092, 27.7395808 ], [ 85.30997, 27.7387962 ] ] } },
{ "type": "Feature", "properties": { "full_id": "w126552257", "osm_id": "126552257", "osm_type": "way", "waterway": "river", "direction": null, "boundary": null, "admin_level": null, "wikipedia": null, "wikidata": null, "name:pl": null, "intermittent": null, "description": null, "name:new": null, "level": null, "covered": null, "tunnel": null, "layer": null, "ship": null, "motorboat": null, "width": null, "name:hi": null, "name:en": null, "name:ne": null, "alt_name": null, "tidal": null, "name": null, "boat": null }, "geometry": { "type": "LineString", "coordinates": [ ] } },
{ "type": "Feature", "properties": { "full_id": "w185751198", "osm_id": "185751198", "osm_type": "way", "waterway": "river", "direction": null, "boundary": null, "admin_level": null, "wikipedia": null, "wikidata": null, "name:pl": null, "intermittent": null, "description": null, "name:new": null, "level": null, "covered": null, "tunnel": null, "layer": null, "ship": null, "motorboat": null, "width": null, "name:hi": null, "name:en": null, "name:ne": null, "alt_name": null, "tidal": null, "name": "Bishnumati", "boat": null }, "geometry": { "type": "LineString", "coordinates": [ [ 85.3028037, 27.7001904 ], [ 85.3028173, 27.699976 ], [ 85.3028045, 27.6997288 ], [ 85.3027932, 27.6995303 ], [ 85.3027382, 27.6993023 ], [ 85.3026583, 27.6989635 ], [ 85.3025287, 27.6985779 ], [ 85.3023098, 27.6980889 ], [ 85.3022825, 27.6979551 ], [ 85.3021652, 27.6977923 ], [ 85.3019781, 27.6975376 ], [ 85.3015518, 27.6969129 ], [ 85.3013451, 27.6966999 ], [ 85.3009113, 27.696196 ], [ 85.3007125, 27.695955 ], [ 85.3004705, 27.6956753 ], [ 85.3003845, 27.6954546 ], [ 85.3002597, 27.6952437 ], [ 85.3000878, 27.6948164 ], [ 85.2998678, 27.694391 ], [ 85.2997959, 27.6941321 ], [ 85.2996883, 27.6937273 ], [ 85.2996618, 27.6934741 ], [ 85.2996822, 27.6933226 ], [ 85.2997342, 27.6931704 ], [ 85.299908, 27.6929601 ], [ 85.3003787, 27.6926795 ], [ 85.3009852, 27.6923701 ], [ 85.3018994, 27.6918739 ], [ 85.3022296, 27.6917319 ], [ 85.3022954, 27.6916626 ], [ 85.3023442, 27.6916112 ], [ 85.3023639, 27.6915154 ], [ 85.3023308, 27.6914632 ] ] } },
{ "type": "Feature", "properties": { "full_id": "w198724453", "osm_id": "198724453", "osm_type": "way", "waterway": "river", "direction": null, "boundary": null, "admin_level": null, "wikipedia": null, "wikidata": null, "name:pl": null, "intermittent": null, "description": null, "name:new": null, "level": null, "covered": null, "tunnel": "yes", "layer": "-1", "ship": null, "motorboat": null, "width": null, "name:hi": null, "name:en": null, "name:ne": null, "alt_name": null, "tidal": null, "name": "Tukucha Khola", "boat": "no" }, "geometry": { "type": "LineString", "coordinates": [ [ 85.3161634, 27.6918928 ], [ 85.315997, 27.6917688 ] ] } },
{ "type": "Feature", "properties": { "full_id": "w198724454", "osm_id": "198724454", "osm_type": "way", "waterway": "river", "direction": null, "boundary": null, "admin_level": null, "wikipedia": null, "wikidata": null, "name:pl": null, "intermittent": null, "description": null, "name:new": null, "level": null, "covered": null, "tunnel": null, "layer": null, "ship": null, "motorboat": null, "width": null, "name:hi": null, "name:en": null, "name:ne": null, "alt_name": null, "tidal": null, "name": "Tukucha Khola", "boat": "no" }, "geometry": { "type": "LineString", "coordinates": [ [ 85.315997, 27.6917688 ], [ 85.3155794, 27.6915523 ], [ 85.3151049, 27.6913399 ], [ 85.3144143, 27.6911025 ], [ 85.3142908, 27.6910262 ] ] } },
{ "type": "Feature", "properties": { "full_id": "w198895593", "osm_id": "198895593", "osm_type": "way", "waterway": "river", "direction": null, "boundary": null, "admin_level": null, "wikipedia": null, "wikidata": null, "name:pl": null, "intermittent": null, "description": null, "name:new": null, "level": "-1", "covered": null, "tunnel": null, "layer": null, "ship": null, "motorboat": null, "width": null, "name:hi": null, "name:en": null, "name:ne": null, "alt_name": null, "tidal": null, "name": "Icchumati", "boat": null }, "geometry": { "type": "LineString", "coordinates": [ [ 85.3350581, 27.7268337 ], [ 85.3349911, 27.7266002 ], [ 85.3350605, 27.726504 ], [ 85.3352862, 27.7263792 ], [ 85.3355766, 27.726112 ], [ 85.3355324, 27.7258657 ], [ 85.3355197, 27.7257791 ], [ 85.3354961, 27.7257086 ], [ 85.3354181, 27.7255343 ], [ 85.3353383, 27.7254199 ], [ 85.3351787, 27.7252671 ], [ 85.3351263, 27.7252063 ], [ 85.3350677, 27.7251529 ], [ 85.3349239, 27.7250216 ], [ 85.3347866, 27.7249614 ], [ 85.334594, 27.7249013 ], [ 85.33452, 27.7248629 ], [ 85.3343017, 27.7245922 ], [ 85.3342006, 27.7244871 ], [ 85.3340684, 27.7243478 ], [ 85.3339251, 27.7241844 ], [ 85.3338378, 27.7240087 ], [ 85.3337493, 27.7238536 ], [ 85.3336137, 27.723682 ], [ 85.3335111, 27.7235187 ], [ 85.3334775, 27.7234146 ], [ 85.333389, 27.7233466 ], [ 85.3332767, 27.7232605 ], [ 85.3331154, 27.7231647 ], [ 85.3328174, 27.7229998 ], [ 85.3327866, 27.7229761 ], [ 85.3326779, 27.7228425 ], [ 85.3323447, 27.7225089 ], [ 85.3320933, 27.7221929 ], [ 85.3319717, 27.722178 ], [ 85.3318698, 27.7222058 ], [ 85.3316928, 27.7222666 ], [ 85.3316308, 27.7222325 ], [ 85.3313694, 27.7220191 ], [ 85.3312786, 27.7219625 ], [ 85.3311441, 27.7219473 ], [ 85.330886, 27.7219498 ], [ 85.3308177, 27.7219277 ], [ 85.3307253, 27.7218779 ], [ 85.3306896, 27.7218473 ], [ 85.3306626, 27.7218083 ], [ 85.3305665, 27.7217667 ], [ 85.3305154, 27.7217757 ], [ 85.3303767, 27.7218338 ], [ 85.3303048, 27.7218391 ], [ 85.3301815, 27.7217925 ], [ 85.3299186, 27.7216523 ], [ 85.3298513, 27.7216156 ], [ 85.3297545, 27.7215416 ], [ 85.3296863, 27.7214803 ], [ 85.329558, 27.7212621 ], [ 85.3294489, 27.7211558 ], [ 85.3293583, 27.7211071 ], [ 85.3292828, 27.7210778 ], [ 85.3291456, 27.7210559 ], [ 85.3290544, 27.7210559 ], [ 85.3289243, 27.7210884 ], [ 85.3286382, 27.7212132 ], [ 85.3285477, 27.7213364 ], [ 85.3283894, 27.7213529 ], [ 85.3281794, 27.7213469 ], [ 85.3278646, 27.7212957 ], [ 85.3275327, 27.7212993 ], [ 85.3273631, 27.721276 ], [ 85.3270734, 27.721104 ], [ 85.3268429, 27.7209772 ], [ 85.3265577, 27.7207941 ], [ 85.3264332, 27.7207096 ], [ 85.3263245, 27.7206183 ], [ 85.3262781, 27.7205044 ], [ 85.3262033, 27.7203884 ], [ 85.3261051, 27.7202803 ], [ 85.3260587, 27.7202413 ], [ 85.3258954, 27.7201389 ], [ 85.3256523, 27.7200508 ], [ 85.3255751, 27.7199413 ], [ 85.3255118, 27.719819 ], [ 85.3254998, 27.7195974 ], [ 85.3256422, 27.7193716 ], [ 85.3255887, 27.7191657 ], [ 85.3255319, 27.719042 ], [ 85.3254787, 27.7189101 ], [ 85.3253621, 27.718765 ], [ 85.3251554, 27.7185585 ], [ 85.3250044, 27.718218 ], [ 85.3248155, 27.7178033 ], [ 85.3244771, 27.7173037 ], [ 85.3243711, 27.7171325 ], [ 85.3239395, 27.7165541 ], [ 85.3233643, 27.7158227 ], [ 85.3218933, 27.7137833 ] ] } },
{ "type": "Feature", "properties": { "full_id": "w240177910", "osm_id": "240177910", "osm_type": "way", "waterway": "river", "direction": null, "boundary": null, "admin_level": null, "wikipedia": null, "wikidata": null, "name:pl": null, "intermittent": null, "description": null, "name:new": null, "level": null, "covered": null, "tunnel": null, "layer": null, "ship": null, "motorboat": null, "width": null, "name:hi": null, "name:en": null, "name:ne": null, "alt_name": null, "tidal": null, "name": "Kodku Khola", "boat": "no" }, "geometry": { "type": "LineString", "coordinates": [ ] } },
{ "type": "Feature", "properties": { "full_id": "w327796598", "osm_id": "327796598", "osm_type": "way", "waterway": "river", "direction": null, "boundary": null, "admin_level": null, "wikipedia": null, "wikidata": null, "name:pl": null, "intermittent": null, "description": null, "name:new": null, "level": null, "covered": null, "tunnel": null, "layer": null, "ship": null, "motorboat": null, "width": null, "name:hi": null, "name:en": null, "name:ne": "हनुमन्ते नदी", "alt_name": null, "tidal": null, "name": "Manohara Nadi", "boat": "no" }, "geometry": { "type": "LineString", "coordinates": [ [ 85.3519774, 27.6680573 ], [ 85.3518733, 27.6679855 ], [ 85.3517236, 27.6679362 ], [ 85.3515455, 27.6679515 ], [ 85.3510469, 27.6681191 ], [ 85.3508487, 27.6681774 ], [ 85.3506113, 27.6681948 ], [ 85.3498855, 27.6681964 ], [ 85.3493976, 27.6682324 ], [ 85.3489132, 27.6683909 ], [ 85.3483746, 27.6685954 ], [ 85.3477881, 27.6687973 ], [ 85.3474592, 27.6690547 ], [ 85.3468633, 27.6694 ], [ 85.3465027, 27.6696497 ], [ 85.3457628, 27.6704219 ], [ 85.3453304, 27.6708775 ], [ 85.3448585, 27.6712531 ], [ 85.3443685, 27.671579 ], [ 85.3438885, 27.6718526 ], [ 85.3434857, 27.6720897 ], [ 85.3427252, 27.6724787 ], [ 85.3421601, 27.6727515 ], [ 85.3416107, 27.6731503 ], [ 85.3411037, 27.6735475 ], [ 85.3407523, 27.6738273 ], [ 85.3406056, 27.6739839 ], [ 85.3405031, 27.6741478 ], [ 85.3403271, 27.6743579 ], [ 85.3400233, 27.6745906 ], [ 85.3395054, 27.6749518 ], [ 85.3393664, 27.6750514 ], [ 85.3391793, 27.675162 ], [ 85.3390594, 27.6752241 ], [ 85.3386198, 27.6754035 ], [ 85.3381209, 27.6756031 ], [ 85.3378822, 27.6756802 ], [ 85.3377384, 27.6757423 ], [ 85.3375845, 27.6758738 ], [ 85.3374928, 27.6759899 ], [ 85.3373869, 27.6761263 ], [ 85.3372291, 27.6762527 ], [ 85.336761, 27.6765923 ], [ 85.3360784, 27.6770924 ], [ 85.3357941, 27.67728 ], [ 85.3356318, 27.6773632 ], [ 85.3355218, 27.6774428 ], [ 85.335432, 27.6776137 ], [ 85.3352604, 27.677805 ], [ 85.3350873, 27.6779475 ], [ 85.334862, 27.6781125 ], [ 85.3341955, 27.6783905 ], [ 85.3333372, 27.6785924 ] ] } },
{ "type": "Feature", "properties": { "full_id": "w332678564", "osm_id": "332678564", "osm_type": "way", "waterway": "river", "direction": null, "boundary": null, "admin_level": null, "wikipedia": null, "wikidata": null, "name:pl": null, "intermittent": null, "description": null, "name:new": null, "level": null, "covered": null, "tunnel": null, "layer": null, "ship": null, "motorboat": null, "width": null, "name:hi": null, "name:en": null, "name:ne": null, "alt_name": null, "tidal": null, "name": null, "boat": null }, "geometry": { "type": "LineString", "coordinates": [ ] } },
{ "type": "Feature", "properties": { "full_id": "w332694761", "osm_id": "332694761", "osm_type": "way", "waterway": "river", "direction": null, "boundary": null, "admin_level": null, "wikipedia": null, "wikidata": null, "name:pl": null, "intermittent": null, "description": null, "name:new": null, "level": null, "covered": null, "tunnel": null, "layer": "-1", "ship": null, "motorboat": null, "width": null, "name:hi": null, "name:en": null, "name:ne": null, "alt_name": null, "tidal": null, "name": null, "boat": null }, "geometry": { "type": "LineString", "coordinates": [ ] } },
{ "type": "Feature", "properties": { "full_id": "w332694762", "osm_id": "332694762", "osm_type": "way", "waterway": "river", "direction": null, "boundary": null, "admin_level": null, "wikipedia": null, "wikidata": null, "name:pl": null, "intermittent": null, "description": null, "name:new": null, "level": null, "covered": null, "tunnel": null, "layer": null, "ship": null, "motorboat": null, "width": null, "name:hi": null, "name:en": null, "name:ne": null, "alt_name": null, "tidal": null, "name": null, "boat": null }, "geometry": { "type": "LineString", "coordinates": [ ] } },
{ "type": "Feature", "properties": { "full_id": "w340572370", "osm_id": "340572370", "osm_type": "way", "waterway": "river", "direction": null, "boundary": null, "admin_level": null, "wikipedia": null, "wikidata": null, "name:pl": null, "intermittent": null, "description": null, "name:new": null, "level": null, "covered": null, "tunnel": null, "layer": null, "ship": null, "motorboat": null, "width": null, "name:hi": null, "name:en": null, "name:ne": null, "alt_name": null, "tidal": null, "name": null, "boat": null }, "geometry": { "type": "LineString", "coordinates": [ ] } },
{ "type": "Feature", "properties": { "full_id": "w340572900", "osm_id": "340572900", "osm_type": "way", "waterway": "river", "direction": null, "boundary": null, "admin_level": null, "wikipedia": null, "wikidata": null, "name:pl": null, "intermittent": null, "description": null, "name:new": null, "level": null, "covered": null, "tunnel": null, "layer": null, "ship": null, "motorboat": null, "width": null, "name:hi": null, "name:en": null, "name:ne": null, "alt_name": null, "tidal": null, "name": null, "boat": null }, "geometry": { "type": "LineString", "coordinates": [ ] } },
{ "type": "Feature", "properties": { "full_id": "w340572901", "osm_id": "340572901", "osm_type": "way", "waterway": "river", "direction": null, "boundary": null, "admin_level": null, "wikipedia": null, "wikidata": null, "name:pl": null, "intermittent": null, "description": null, "name:new": null, "level": null, "covered": null, "tunnel": null, "layer": null, "ship": null, "motorboat": null, "width": null, "name:hi": null, "name:en": null, "name:ne": null, "alt_name": null, "tidal": null, "name": null, "boat": null }, "geometry": { "type": "LineString", "coordinates": [ ] } },
{ "type": "Feature", "properties": { "full_id": "w340587277", "osm_id": "340587277", "osm_type": "way", "waterway": "river", "direction": null, "boundary": null, "admin_level": null, "wikipedia": null, "wikidata": null, "name:pl": null, "intermittent": null, "description": null, "name:new": null, "level": null, "covered": null, "tunnel": null, "layer": null, "ship": null, "motorboat": null, "width": null, "name:hi": null, "name:en": null, "name:ne": null, "alt_name": null, "tidal": null, "name": null, "boat": null }, "geometry": { "type": "LineString", "coordinates": [ ] } },
{ "type": "Feature", "properties": { "full_id": "w341559558", "osm_id": "341559558", "osm_type": "way", "waterway": "river", "direction": null, "boundary": null, "admin_level": null, "wikipedia": null, "wikidata": null, "name:pl": null, "intermittent": null, "description": null, "name:new": null, "level": null, "covered": null, "tunnel": null, "layer": null, "ship": null, "motorboat": null, "width": null, "name:hi": null, "name:en": null, "name:ne": null, "alt_name": null, "tidal": null, "name": "Manohara River", "boat": null }, "geometry": { "type": "LineString", "coordinates": [ [ 85.417269, 27.7196084 ], [ 85.4171108, 27.7194222 ], [ 85.4169688, 27.7193047 ], [ 85.4167664, 27.7192085 ], [ 85.4165276, 27.7190324 ], [ 85.4161477, 27.7188047 ], [ 85.4155466, 27.7184681 ], [ 85.4153118, 27.7182821 ], [ 85.4151201, 27.7179661 ], [ 85.4150934, 27.717774 ], [ 85.4150966, 27.7175646 ], [ 85.4152379, 27.7172581 ], [ 85.4152114, 27.7170536 ], [ 85.4150042, 27.7168631 ], [ 85.4140871, 27.7164521 ], [ 85.413928, 27.7163115 ], [ 85.4138472, 27.716107 ], [ 85.4137199, 27.7159597 ], [ 85.4133947, 27.7157662 ], [ 85.413105, 27.7156696 ], [ 85.4129452, 27.7156201 ], [ 85.4127159, 27.7154957 ], [ 85.4125018, 27.7153318 ], [ 85.4123893, 27.7152155 ], [ 85.4122406, 27.7149985 ], [ 85.4121048, 27.7148225 ], [ 85.4119617, 27.7146732 ], [ 85.41174, 27.7145054 ], [ 85.411558, 27.7143637 ], [ 85.4114119, 27.7142392 ], [ 85.411285, 27.7141334 ], [ 85.4112775, 27.7140553 ], [ 85.4113806, 27.71367 ], [ 85.4117377, 27.7132397 ], [ 85.4118574, 27.7128933 ], [ 85.4118806, 27.7125837 ], [ 85.4118352, 27.7123019 ], [ 85.4118062, 27.7122212 ], [ 85.411748, 27.7120942 ], [ 85.4116294, 27.7119689 ], [ 85.4115004, 27.7119167 ], [ 85.4111949, 27.7117874 ], [ 85.4110636, 27.7117377 ], [ 85.4109026, 27.7117019 ], [ 85.4107228, 27.7116806 ], [ 85.4104925, 27.7116731 ], [ 85.4101688, 27.7116799 ], [ 85.4099286, 27.7116409 ], [ 85.4097362, 27.7115863 ], [ 85.4093857, 27.711527 ], [ 85.4090524, 27.7114026 ], [ 85.4084488, 27.7111846 ], [ 85.4081689, 27.7110782 ], [ 85.4071641, 27.7107648 ], [ 85.4068685, 27.7106582 ], [ 85.4066079, 27.7104903 ], [ 85.4064023, 27.7102747 ], [ 85.4061917, 27.7098874 ], [ 85.4059964, 27.70964 ], [ 85.4058358, 27.7094816 ], [ 85.4056359, 27.7091858 ], [ 85.4054875, 27.7090233 ], [ 85.4054704, 27.7086615 ], [ 85.4053655, 27.7085416 ], [ 85.4052668, 27.7084076 ], [ 85.4051292, 27.7082144 ], [ 85.4049808, 27.7079596 ], [ 85.4048037, 27.7077078 ], [ 85.404666, 27.7074814 ], [ 85.4044532, 27.707274 ], [ 85.4042842, 27.7071473 ], [ 85.403858, 27.7069912 ], [ 85.4033185, 27.7068309 ], [ 85.4030892, 27.7068805 ], [ 85.4028855, 27.7069266 ], [ 85.4027266, 27.706924 ], [ 85.4025987, 27.7068191 ], [ 85.4024772, 27.7066636 ], [ 85.4023466, 27.7065697 ], [ 85.4020418, 27.7064767 ], [ 85.4017494, 27.7063473 ], [ 85.4013363, 27.7063139 ], [ 85.4009117, 27.706313 ] ] } },
{ "type": "Feature", "properties": { "full_id": "w501325088", "osm_id": "501325088", "osm_type": "way", "waterway": "river", "direction": null, "boundary": null, "admin_level": null, "wikipedia": null, "wikidata": null, "name:pl": null, "intermittent": null, "description": null, "name:new": null, "level": null, "covered": null, "tunnel": null, "layer": null, "ship": null, "motorboat": null, "width": null, "name:hi": null, "name:en": null, "name:ne": null, "alt_name": null, "tidal": null, "name": "tukuchha khola", "boat": null }, "geometry": { "type": "LineString", "coordinates": [ ] } },
{ "type": "Feature", "properties": { "full_id": "w517506099", "osm_id": "517506099", "osm_type": "way", "waterway": "river", "direction": null, "boundary": null, "admin_level": null, "wikipedia": null, "wikidata": null, "name:pl": null, "intermittent": null, "description": null, "name:new": null, "level": null, "covered": null, "tunnel": null, "layer": null, "ship": null, "motorboat": null, "width": null, "name:hi": null, "name:en": null, "name:ne": null, "alt_name": null, "tidal": null, "name": null, "boat": null }, "geometry": { "type": "LineString", "coordinates": [ ] } },
{ "type": "Feature", "properties": { "full_id": "w517836407", "osm_id": "517836407", "osm_type": "way", "waterway": "river", "direction": null, "boundary": null, "admin_level": null, "wikipedia": null, "wikidata": null, "name:pl": null, "intermittent": null, "description": null, "name:new": null, "level": null, "covered": null, "tunnel": null, "layer": null, "ship": null, "motorboat": null, "width": null, "name:hi": null, "name:en": null, "name:ne": null, "alt_name": null, "tidal": null, "name": null, "boat": null }, "geometry": { "type": "LineString", "coordinates": [ ] } },
{ "type": "Feature", "properties": { "full_id": "w517836409", "osm_id": "517836409", "osm_type": "way", "waterway": "river", "direction": null, "boundary": null, "admin_level": null, "wikipedia": null, "wikidata": null, "name:pl": null, "intermittent": "no", "description": null, "name:new": null, "level": null, "covered": null, "tunnel": null, "layer": null, "ship": null, "motorboat": null, "width": null, "name:hi": null, "name:en": null, "name:ne": null, "alt_name": null, "tidal": null, "name": "salinadi river", "boat": null }, "geometry": { "type": "LineString", "coordinates": [ ] } },
{ "type": "Feature", "properties": { "full_id": "w518770057", "osm_id": "518770057", "osm_type": "way", "waterway": "river", "direction": null, "boundary": null, "admin_level": null, "wikipedia": "en:Bagmati River", "wikidata": "Q4461769", "name:pl": "Bagmati", "intermittent": null, "description": null, "name:new": "बागमती खुसी", "level": null, "covered": null, "tunnel": null, "layer": null, "ship": null, "motorboat": null, "width": null, "name:hi": null, "name:en": "Bagmati River", "name:ne": "बागमती नदी", "alt_name": null, "tidal": null, "name": "Bagmati Nadi (बागमती नदी)", "boat": "no" }, "geometry": { "type": "LineString", "coordinates": [ [ 85.3159055, 27.6898542 ], [ 85.3157258, 27.6899979 ], [ 85.3154375, 27.6902365 ], [ 85.3149989, 27.6906106 ], [ 85.3148299, 27.690746 ], [ 85.3146958, 27.6908434 ], [ 85.3145671, 27.6909241 ], [ 85.314441, 27.6909882 ], [ 85.3142908, 27.6910262 ], [ 85.3136616, 27.6913076 ], [ 85.313369, 27.6914172 ], [ 85.3131273, 27.6915054 ], [ 85.3127888, 27.6916247 ], [ 85.3125152, 27.6917055 ], [ 85.3123596, 27.6917411 ], [ 85.3121585, 27.6917625 ], [ 85.3120083, 27.6917649 ], [ 85.3118286, 27.6917506 ], [ 85.3116676, 27.6917411 ], [ 85.3114825, 27.6917554 ], [ 85.3113404, 27.6918029 ], [ 85.3101703, 27.6922296 ], [ 85.3096406, 27.6924454 ], [ 85.3090249, 27.6926654 ], [ 85.3086358, 27.6928019 ], [ 85.308257, 27.692903 ], [ 85.3076832, 27.6930267 ], [ 85.3072377, 27.6931038 ], [ 85.3068082, 27.6931914 ], [ 85.3065122, 27.6932431 ], [ 85.3063037, 27.6932573 ], [ 85.3061132, 27.6932396 ], [ 85.3059326, 27.6932119 ], [ 85.3057425, 27.6931721 ], [ 85.3051069, 27.6929903 ], [ 85.3046107, 27.6928194 ], [ 85.3042781, 27.6927172 ], [ 85.3040978, 27.6926425 ], [ 85.304026, 27.6926127 ], [ 85.303731, 27.6924797 ], [ 85.3034386, 27.6923396 ], [ 85.3031704, 27.6921852 ], [ 85.3029799, 27.692057 ], [ 85.302752, 27.6918789 ], [ 85.3024261, 27.6915642 ], [ 85.3023308, 27.6914632 ], [ 85.3019688, 27.6909384 ], [ 85.301781, 27.6906106 ], [ 85.3015745, 27.6902544 ], [ 85.3012016, 27.6895015 ], [ 85.3011399, 27.6894041 ], [ 85.301038, 27.6891856 ], [ 85.300912, 27.688732 ], [ 85.3007913, 27.6882142 ], [ 85.300625, 27.6878318 ], [ 85.3005311, 27.6875515 ], [ 85.3004694, 27.6873283 ], [ 85.3004318, 27.6870457 ], [ 85.300338, 27.6865279 ], [ 85.3003031, 27.6862595 ], [ 85.3002495, 27.686022 ], [ 85.3001717, 27.6857702 ], [ 85.3000729, 27.6854933 ], [ 85.2999809, 27.685314 ], [ 85.299798, 27.685036 ], [ 85.2996109, 27.684783 ], [ 85.2995226, 27.6846088 ], [ 85.2994448, 27.6843736 ], [ 85.2993295, 27.6840815 ], [ 85.2992383, 27.6837442 ], [ 85.2992195, 27.6835756 ], [ 85.299257, 27.6833808 ], [ 85.2993187, 27.6831813 ], [ 85.2993348, 27.6830198 ], [ 85.2993589, 27.6828645 ], [ 85.2993134, 27.6826018 ], [ 85.2992839, 27.6825115 ], [ 85.2992436, 27.6824545 ], [ 85.2991846, 27.6823666 ], [ 85.2991471, 27.682255 ], [ 85.2990505, 27.6818037 ], [ 85.2990451, 27.681407 ], [ 85.2990344, 27.6811648 ], [ 85.2990398, 27.6809344 ], [ 85.2990425, 27.6805425 ], [ 85.2990505, 27.6803097 ], [ 85.2990451, 27.6797871 ], [ 85.2990156, 27.6794 ], [ 85.2989754, 27.6790912 ], [ 85.2989244, 27.6788418 ], [ 85.2988118, 27.6785639 ], [ 85.2985463, 27.6781601 ], [ 85.298329, 27.6777016 ], [ 85.2981412, 27.6774166 ], [ 85.2978301, 27.6770959 ], [ 85.2975458, 27.6768608 ], [ 85.2971971, 27.676571 ], [ 85.2967814, 27.6762765 ], [ 85.2963281, 27.6759558 ], [ 85.2957165, 27.6755924 ], [ 85.2953732, 27.6754118 ], [ 85.2950567, 27.6752669 ], [ 85.2947751, 27.6751387 ], [ 85.2944237, 27.6750223 ], [ 85.2941099, 27.6749011 ], [ 85.2937397, 27.6747586 ], [ 85.2934608, 27.6746351 ], [ 85.2932355, 27.6745258 ], [ 85.2930585, 27.6744118 ], [ 85.2928734, 27.6742693 ], [ 85.2927346, 27.6741339 ], [ 85.2925864, 27.6739747 ], [ 85.2924366, 27.6737747 ], [ 85.2922184, 27.673444 ], [ 85.2920687, 27.6731814 ], [ 85.2919802, 27.6730032 ], [ 85.291881, 27.6728179 ], [ 85.2918059, 27.672654 ], [ 85.2917522, 27.6724782 ], [ 85.2917093, 27.6723048 ], [ 85.2916986, 27.672091 ], [ 85.2917254, 27.6718868 ], [ 85.2917844, 27.6716255 ], [ 85.2918488, 27.6713855 ], [ 85.2919722, 27.671072 ], [ 85.2921063, 27.6707584 ], [ 85.2922645, 27.6704211 ], [ 85.2925058, 27.6699586 ], [ 85.2925891, 27.6698296 ], [ 85.2927205, 27.6696824 ], [ 85.2928492, 27.6695303 ], [ 85.2930289, 27.669402 ], [ 85.2934098, 27.6692001 ], [ 85.2938685, 27.6690956 ], [ 85.2941152, 27.6690267 ], [ 85.2943727, 27.6689721 ], [ 85.2945632, 27.6689483 ], [ 85.2947831, 27.6689364 ], [ 85.2950336, 27.6689479 ], [ 85.2952525, 27.6689388 ], [ 85.295451, 27.6689222 ], [ 85.295746, 27.6688961 ], [ 85.2960411, 27.6688557 ], [ 85.296599, 27.6687678 ], [ 85.2968806, 27.6687155 ], [ 85.2970952, 27.66863 ], [ 85.2971783, 27.6685754 ], [ 85.2972481, 27.6685017 ], [ 85.2974251, 27.6682689 ], [ 85.297586, 27.6680338 ], [ 85.2977335, 27.6677891 ], [ 85.2977979, 27.6676442 ], [ 85.2978328, 27.6674114 ], [ 85.2978408, 27.6672475 ], [ 85.2978167, 27.6670622 ], [ 85.2977952, 27.6668769 ], [ 85.2977443, 27.6667225 ], [ 85.2974519, 27.6664184 ], [ 85.2970147, 27.6659956 ], [ 85.2967438, 27.6656511 ], [ 85.2964984, 27.6652651 ], [ 85.2964528, 27.6651867 ], [ 85.2964193, 27.6650952 ], [ 85.2963924, 27.6649479 ], [ 85.2963576, 27.6647579 ], [ 85.2963079, 27.6643172 ], [ 85.2963012, 27.6641141 ], [ 85.2963066, 27.664044 ], [ 85.2963113, 27.6638771 ], [ 85.2963515, 27.6636093 ], [ 85.296436, 27.6633183 ], [ 85.296452, 27.6632326 ], [ 85.296512, 27.6629523 ], [ 85.2965212, 27.6628242 ], [ 85.2965547, 27.6626937 ], [ 85.2966547, 27.662408 ], [ 85.2968757, 27.6619661 ], [ 85.2970362, 27.6616767 ], [ 85.2970563, 27.6616054 ], [ 85.2970657, 27.6615128 ], [ 85.297063, 27.6612871 ], [ 85.2970549, 27.6611873 ], [ 85.297012, 27.6610709 ], [ 85.2969825, 27.661027 ], [ 85.2969235, 27.6609664 ], [ 85.2967894, 27.6608761 ], [ 85.296658, 27.6608286 ], [ 85.296603, 27.660812 ], [ 85.2965534, 27.6608144 ], [ 85.2964675, 27.6608595 ], [ 85.2963187, 27.6609783 ], [ 85.2962637, 27.6610258 ], [ 85.2961993, 27.6610495 ], [ 85.2961376, 27.6610448 ], [ 85.2960733, 27.6610234 ], [ 85.2958851, 27.6608589 ], [ 85.2958721, 27.6608476 ], [ 85.2955824, 27.6605958 ], [ 85.2954242, 27.6604936 ], [ 85.2953678, 27.6604687 ], [ 85.295274, 27.6604366 ], [ 85.2950185, 27.6604113 ], [ 85.2948547, 27.6603425 ], [ 85.2948004, 27.660286 ], [ 85.2945917, 27.6602166 ], [ 85.2944466, 27.6601631 ], [ 85.2943212, 27.6600953 ], [ 85.2942707, 27.6600148 ], [ 85.2942156, 27.6599299 ], [ 85.2942241, 27.6597986 ], [ 85.2942015, 27.6596572 ], [ 85.2941557, 27.6595225 ], [ 85.294034, 27.6593832 ], [ 85.2938865, 27.6591978 ], [ 85.2937578, 27.6589814 ], [ 85.2936986, 27.6588676 ], [ 85.293666, 27.6587315 ], [ 85.2936479, 27.6586851 ], [ 85.2936319, 27.6586406 ], [ 85.2936244, 27.6585788 ], [ 85.2936137, 27.6583912 ], [ 85.2936246, 27.6581119 ], [ 85.2936175, 27.6580059 ], [ 85.2936056, 27.6578281 ], [ 85.2936056, 27.6576119 ], [ 85.2936164, 27.6574836 ], [ 85.2936351, 27.6573696 ], [ 85.2937075, 27.6572413 ], [ 85.2937397, 27.6571368 ], [ 85.293732, 27.6570289 ], [ 85.2937005, 27.656952 ], [ 85.2936807, 27.6568493 ], [ 85.2935788, 27.65655 ], [ 85.2934338, 27.6562035 ], [ 85.2933589, 27.6560859 ], [ 85.293224, 27.6558745 ], [ 85.2930679, 27.6556943 ], [ 85.2928073, 27.6554806 ], [ 85.2925101, 27.6552652 ], [ 85.292402, 27.6551869 ], [ 85.2916101, 27.6544902 ], [ 85.2914652, 27.6543215 ], [ 85.2912362, 27.6540242 ], [ 85.291087, 27.6538083 ], [ 85.290969, 27.6536646 ], [ 85.2908, 27.6534971 ], [ 85.2906284, 27.6533676 ], [ 85.2903347, 27.6532476 ], [ 85.2900343, 27.6531466 ], [ 85.2896856, 27.6529875 ], [ 85.2893355, 27.6528045 ], [ 85.2890204, 27.6526002 ], [ 85.28872, 27.6523971 ], [ 85.2884611, 27.6521785 ], [ 85.2880776, 27.6517793 ], [ 85.2879059, 27.6516059 ], [ 85.2877343, 27.6513731 ], [ 85.287458, 27.6509763 ], [ 85.2872944, 27.6507126 ], [ 85.2871683, 27.6504774 ], [ 85.2870932, 27.6503063 ], [ 85.2870262, 27.6501067 ], [ 85.2869086, 27.6496703 ], [ 85.286825, 27.6492205 ], [ 85.2867714, 27.6488499 ], [ 85.2866598, 27.6482555 ], [ 85.2866265, 27.6480444 ], [ 85.2866305, 27.6477818 ], [ 85.2866694, 27.6475574 ], [ 85.286774, 27.647315 ], [ 85.2870718, 27.6468493 ], [ 85.2872461, 27.6465571 ], [ 85.2874339, 27.6461603 ], [ 85.2875886, 27.6455249 ], [ 85.2876082, 27.6452289 ], [ 85.2876143, 27.6448707 ], [ 85.2875707, 27.6446848 ], [ 85.2874425, 27.6444901 ], [ 85.2872354, 27.6443023 ], [ 85.2870315, 27.644168 ], [ 85.2869189, 27.6441359 ], [ 85.2867995, 27.6441347 ], [ 85.2863168, 27.6443303 ], [ 85.2858192, 27.6445137 ], [ 85.2854673, 27.644642 ], [ 85.284588, 27.6449675 ], [ 85.2840485, 27.6451028 ], [ 85.2834239, 27.6452401 ], [ 85.2831671, 27.6453009 ], [ 85.2830873, 27.6453002 ], [ 85.2829546, 27.6452717 ], [ 85.2827775, 27.6452075 ], [ 85.2825415, 27.6450816 ], [ 85.2824946, 27.6450364 ], [ 85.2824543, 27.6449824 ], [ 85.2824262, 27.6448891 ], [ 85.2823994, 27.6447371 ], [ 85.2823672, 27.6445589 ], [ 85.282347, 27.6441909 ], [ 85.2823255, 27.6438205 ], [ 85.2824017, 27.6435059 ], [ 85.2827476, 27.6427804 ], [ 85.2830566, 27.6421948 ], [ 85.2831577, 27.6419 ], [ 85.283577, 27.6412638 ], [ 85.284032, 27.6406775 ], [ 85.2846067, 27.6397381 ], [ 85.2851191, 27.638987 ], [ 85.2853927, 27.6386092 ], [ 85.2856904, 27.6382646 ], [ 85.2861786, 27.6378203 ], [ 85.2866641, 27.6374401 ], [ 85.2870181, 27.6372001 ], [ 85.2874116, 27.636935 ], [ 85.2876082, 27.6368199 ], [ 85.2878121, 27.6366773 ], [ 85.2879381, 27.6366156 ], [ 85.2881178, 27.6365799 ], [ 85.2882895, 27.636568 ], [ 85.2884799, 27.6365181 ], [ 85.288606, 27.6364516 ], [ 85.2887213, 27.6363613 ], [ 85.2889654, 27.6361617 ], [ 85.2891044, 27.6360519 ], [ 85.289408, 27.6357886 ], [ 85.2896869, 27.635589 ], [ 85.2900276, 27.6353633 ], [ 85.2906498, 27.635033 ], [ 85.2911299, 27.6348358 ], [ 85.2916342, 27.6346766 ], [ 85.291889, 27.6346362 ], [ 85.2921036, 27.634591 ], [ 85.2923155, 27.6345245 ], [ 85.2925381, 27.6344128 ], [ 85.2927098, 27.6342987 ], [ 85.2928385, 27.6342084 ], [ 85.2929243, 27.6341063 ], [ 85.2930129, 27.6339423 ], [ 85.293045, 27.633833 ], [ 85.2930585, 27.6337094 ], [ 85.293045, 27.6335455 ], [ 85.2929914, 27.6333815 ], [ 85.2928697, 27.6331549 ], [ 85.2928509, 27.6331098 ], [ 85.2928358, 27.6329562 ], [ 85.292851, 27.6328116 ], [ 85.2929712, 27.6320438 ], [ 85.29316, 27.6309563 ], [ 85.2932006, 27.6300083 ], [ 85.2932201, 27.6296635 ], [ 85.293263, 27.6292457 ], [ 85.2936233, 27.6286833 ], [ 85.2938205, 27.6283794 ], [ 85.2941377, 27.6280832 ], [ 85.294362, 27.6279017 ], [ 85.2945873, 27.6276974 ], [ 85.2947241, 27.6274954 ], [ 85.2948559, 27.6271905 ], [ 85.2949306, 27.6270177 ], [ 85.2949843, 27.6268157 ], [ 85.2949716, 27.6266742 ], [ 85.2948797, 27.6265733 ], [ 85.2947965, 27.6265234 ], [ 85.2945793, 27.6265163 ], [ 85.294362, 27.6265305 ], [ 85.2939892, 27.6265448 ], [ 85.2933964, 27.6264616 ], [ 85.2930343, 27.6263499 ], [ 85.2928546, 27.6262739 ], [ 85.2927044, 27.6261408 ], [ 85.2926239, 27.6260291 ], [ 85.2926132, 27.625858 ], [ 85.2928125, 27.6251259 ], [ 85.2928987, 27.624688 ], [ 85.2929887, 27.6244155 ], [ 85.293037, 27.6241636 ], [ 85.2930719, 27.6236978 ], [ 85.2930338, 27.6232199 ], [ 85.2930785, 27.6227507 ], [ 85.2931449, 27.6225718 ], [ 85.2933832, 27.6223043 ], [ 85.2934232, 27.6221864 ], [ 85.2934189, 27.6220684 ], [ 85.2933964, 27.6218537 ], [ 85.2933589, 27.6216255 ], [ 85.2933025, 27.6213617 ], [ 85.2932328, 27.6212191 ], [ 85.2928519, 27.6206844 ], [ 85.2923852, 27.620221 ], [ 85.2919266, 27.6196506 ], [ 85.2918032, 27.6194558 ], [ 85.2917469, 27.619287 ], [ 85.2916959, 27.619085 ], [ 85.2916825, 27.6188331 ], [ 85.2917683, 27.6183839 ], [ 85.2919496, 27.6179254 ], [ 85.2920853, 27.6172048 ], [ 85.29214, 27.61661 ], [ 85.2922535, 27.6161422 ], [ 85.2923222, 27.6157849 ], [ 85.2924508, 27.6154049 ], [ 85.2930596, 27.6142643 ], [ 85.2933074, 27.6138837 ], [ 85.2934125, 27.6137685 ], [ 85.2936915, 27.6135047 ], [ 85.2937987, 27.6133027 ], [ 85.2939006, 27.6130959 ], [ 85.293914, 27.6128677 ], [ 85.2938417, 27.6125944 ], [ 85.2935278, 27.6120929 ], [ 85.2932234, 27.6119456 ], [ 85.2928559, 27.6119016 ], [ 85.2923316, 27.6119361 ], [ 85.2919748, 27.612018 ], [ 85.2916677, 27.6121571 ], [ 85.2914062, 27.6122759 ], [ 85.2912252, 27.6123235 ], [ 85.2910602, 27.612352 ], [ 85.2908497, 27.612346 ], [ 85.2906217, 27.6122973 ], [ 85.2904339, 27.612245 ], [ 85.2902287, 27.6121238 ], [ 85.2901241, 27.6120074 ], [ 85.290041, 27.6118172 ], [ 85.2900463, 27.6116247 ], [ 85.2900812, 27.6114369 ], [ 85.2901676, 27.6112244 ], [ 85.2902515, 27.6110091 ], [ 85.2902864, 27.6109271 ], [ 85.290336, 27.6108166 ], [ 85.2904285, 27.610731 ], [ 85.2905881, 27.6106502 ], [ 85.2909328, 27.6106205 ], [ 85.2913056, 27.6105742 ], [ 85.2917281, 27.6104209 ], [ 85.2919574, 27.6102391 ], [ 85.2921438, 27.6100489 ], [ 85.2923356, 27.6098612 ], [ 85.292577, 27.609551 ], [ 85.2927741, 27.6093394 ], [ 85.2933508, 27.6088534 ], [ 85.2936003, 27.6086157 ], [ 85.2938792, 27.6083139 ], [ 85.2941233, 27.6080691 ], [ 85.2942064, 27.6078884 ], [ 85.2942386, 27.607684 ], [ 85.2942172, 27.6074606 ], [ 85.2942091, 27.6072633 ], [ 85.2941662, 27.6070233 ], [ 85.2941246, 27.6065591 ], [ 85.2941072, 27.6062318 ], [ 85.2940991, 27.6059204 ], [ 85.2941313, 27.6055258 ], [ 85.2941394, 27.6054331 ], [ 85.2941287, 27.605369 ], [ 85.2941126, 27.6052775 ], [ 85.2940938, 27.605199 ], [ 85.2940589, 27.6050849 ], [ 85.2940536, 27.6050053 ], [ 85.2940415, 27.6048983 ], [ 85.2940442, 27.6048389 ], [ 85.2940495, 27.6047878 ], [ 85.2940576, 27.6047545 ], [ 85.2940656, 27.6047337 ], [ 85.2940898, 27.60471 ], [ 85.2941179, 27.6046714 ], [ 85.294138, 27.6046262 ], [ 85.2941468, 27.6045864 ], [ 85.2941702, 27.6045323 ], [ 85.2941877, 27.6045062 ], [ 85.2942105, 27.6044764 ], [ 85.2942373, 27.6044372 ], [ 85.2942587, 27.6043956 ], [ 85.2942681, 27.6043635 ], [ 85.2942755, 27.6043392 ], [ 85.2942849, 27.6043053 ], [ 85.2943023, 27.6042411 ], [ 85.2943204, 27.604193 ], [ 85.2943285, 27.6041585 ], [ 85.2943245, 27.6041116 ], [ 85.294307, 27.6039678 ], [ 85.2942842, 27.6036671 ], [ 85.2942091, 27.6034413 ], [ 85.2939409, 27.6031608 ], [ 85.2934487, 27.6028934 ], [ 85.2931724, 27.6028221 ], [ 85.2928881, 27.6027698 ], [ 85.2927379, 27.602689 ], [ 85.2925703, 27.60255 ], [ 85.292282, 27.6023717 ], [ 85.2919601, 27.6022386 ], [ 85.291716, 27.6021376 ], [ 85.2915591, 27.6020983 ], [ 85.2913901, 27.6019557 ], [ 85.2912828, 27.6017727 ], [ 85.2911541, 27.6014471 ], [ 85.2910897, 27.6010454 ], [ 85.2911139, 27.6004796 ], [ 85.2911648, 27.6002372 ], [ 85.2912775, 27.5999924 ], [ 85.2915993, 27.599593 ], [ 85.2916557, 27.5995027 ], [ 85.2917522, 27.5992412 ], [ 85.2917469, 27.5986731 ], [ 85.2917844, 27.5982405 ], [ 85.2918386, 27.5978577 ], [ 85.2918515, 27.5973206 ], [ 85.2918354, 27.597241 ], [ 85.2918139, 27.5972006 ], [ 85.2917656, 27.5971269 ], [ 85.2916463, 27.5970318 ], [ 85.2915671, 27.5970068 ], [ 85.2914666, 27.5969878 ], [ 85.2913392, 27.5969961 ], [ 85.2910414, 27.5971043 ], [ 85.2908376, 27.5971899 ], [ 85.2906177, 27.5973039 ], [ 85.2901536, 27.5976296 ], [ 85.2899203, 27.5977461 ], [ 85.2896333, 27.5978222 ], [ 85.2890941, 27.5979767 ], [ 85.2886409, 27.5980694 ], [ 85.2881017, 27.5981312 ], [ 85.2876136, 27.598029 ], [ 85.2872622, 27.5977556 ], [ 85.2869001, 27.5974062 ], [ 85.2866238, 27.5970972 ], [ 85.286479, 27.5967002 ], [ 85.2863717, 27.5961915 ], [ 85.2862859, 27.5955022 ], [ 85.2861679, 27.5949174 ], [ 85.2860565, 27.594411 ], [ 85.285736, 27.593629 ], [ 85.2854119, 27.593307 ], [ 85.2850333, 27.5932249 ], [ 85.2845746, 27.5933342 ], [ 85.2842125, 27.5935363 ], [ 85.2840098, 27.5938557 ], [ 85.2839631, 27.5940854 ], [ 85.28401, 27.5942946 ], [ 85.284175, 27.5944301 ], [ 85.2845773, 27.5946226 ], [ 85.2846497, 27.594751 ], [ 85.2846122, 27.5948841 ], [ 85.2843815, 27.5953881 ], [ 85.2840516, 27.5958088 ], [ 85.2835366, 27.5960584 ], [ 85.2831396, 27.5961416 ], [ 85.2827373, 27.5961226 ], [ 85.2823269, 27.5960774 ], [ 85.2815545, 27.5959728 ], [ 85.2806264, 27.5958516 ], [ 85.2800524, 27.5956685 ], [ 85.2798191, 27.595457 ], [ 85.2797064, 27.5952335 ], [ 85.2797332, 27.5949673 ], [ 85.2800497, 27.5945157 ], [ 85.2805915, 27.5939071 ], [ 85.2814391, 27.5930585 ], [ 85.281643, 27.5926591 ], [ 85.2817342, 27.5921671 ], [ 85.2816859, 27.5916536 ], [ 85.2815437, 27.5912495 ], [ 85.2813372, 27.590881 ], [ 85.2810931, 27.5906671 ], [ 85.280782, 27.5904579 ], [ 85.2804065, 27.5902178 ], [ 85.2799129, 27.5898731 ], [ 85.2796944, 27.5896437 ], [ 85.279358, 27.589161 ], [ 85.2794113, 27.5888207 ], [ 85.2796796, 27.5884527 ], [ 85.2802417, 27.588081 ], [ 85.2811366, 27.5878498 ], [ 85.2820426, 27.5877003 ], [ 85.2830004, 27.5876316 ], [ 85.2836412, 27.5875862 ], [ 85.2841991, 27.5874816 ], [ 85.2846269, 27.5872445 ], [ 85.2851111, 27.5868302 ], [ 85.2851915, 27.5865378 ], [ 85.2851728, 27.5862026 ], [ 85.2850226, 27.5858841 ], [ 85.2848526, 27.585612 ], [ 85.284301, 27.5853539 ], [ 85.2837351, 27.5852113 ], [ 85.2832389, 27.5852232 ], [ 85.2828366, 27.5852422 ], [ 85.2822518, 27.5854229 ], [ 85.2816403, 27.5854894 ], [ 85.2810556, 27.5855084 ], [ 85.2806988, 27.5854466 ], [ 85.280275, 27.585216 ], [ 85.2800685, 27.5849831 ], [ 85.279988, 27.5845242 ], [ 85.2798781, 27.5840583 ], [ 85.2796742, 27.5837017 ], [ 85.2794275, 27.5834402 ], [ 85.2790681, 27.5832333 ], [ 85.2785665, 27.583086 ], [ 85.2782768, 27.5830812 ], [ 85.277743, 27.5830883 ], [ 85.2772683, 27.583036 ], [ 85.276992, 27.5828863 ], [ 85.2766621, 27.582557 ], [ 85.2764824, 27.5822634 ], [ 85.2762222, 27.5818735 ], [ 85.2758655, 27.5814028 ], [ 85.2754819, 27.5810367 ], [ 85.275152, 27.5808251 ], [ 85.2747953, 27.5805945 ], [ 85.27449, 27.5803696 ], [ 85.2741945, 27.5801023 ], [ 85.2739786, 27.579911 ], [ 85.2738391, 27.5797707 ], [ 85.2736258, 27.5796102 ], [ 85.273241, 27.5793558 ], [ 85.2730572, 27.5791514 ], [ 85.2729607, 27.5789945 ], [ 85.2728815, 27.5788031 ], [ 85.2727528, 27.5784833 ], [ 85.2726522, 27.5781362 ], [ 85.2724966, 27.577606 ], [ 85.2722713, 27.5770806 ], [ 85.2721533, 27.5767692 ], [ 85.2719548, 27.5764791 ], [ 85.2717017, 27.5762542 ], [ 85.2713607, 27.5759893 ], [ 85.2709825, 27.5757129 ], [ 85.2706513, 27.5754996 ], [ 85.2701014, 27.5751738 ], [ 85.2694451, 27.5748963 ], [ 85.2689358, 27.5746546 ], [ 85.2686772, 27.5744558 ], [ 85.2684545, 27.5742323 ], [ 85.2682829, 27.5739589 ], [ 85.2681917, 27.5736784 ], [ 85.2681059, 27.5733217 ], [ 85.2679425, 27.5726486 ], [ 85.2678677, 27.5724583 ], [ 85.2678138, 27.5723213 ], [ 85.2677025, 27.5720203 ], [ 85.2675562, 27.5717123 ], [ 85.2673588, 27.57137 ], [ 85.26717, 27.5709895 ], [ 85.266981, 27.5707459 ], [ 85.2666548, 27.5703807 ], [ 85.2664429, 27.5702309 ], [ 85.2660325, 27.5701429 ], [ 85.2655739, 27.5701239 ], [ 85.2651098, 27.5702285 ], [ 85.2646798, 27.5703424 ], [ 85.2643776, 27.5704805 ], [ 85.2640423, 27.5706137 ], [ 85.2635783, 27.5707397 ], [ 85.2633235, 27.5707516 ], [ 85.263015, 27.5706826 ], [ 85.2626047, 27.5704282 ], [ 85.2621755, 27.5701358 ], [ 85.2617437, 27.5699598 ], [ 85.2611938, 27.5698956 ], [ 85.2607566, 27.5700335 ], [ 85.2604803, 27.5701928 ], [ 85.2601424, 27.5704924 ], [ 85.2598554, 27.5708039 ], [ 85.2593833, 27.5710797 ], [ 85.2591151, 27.5712104 ], [ 85.258694, 27.5713341 ], [ 85.258179, 27.5714244 ], [ 85.258061, 27.5714339 ], [ 85.2579457, 27.5714054 ], [ 85.2578008, 27.571239 ], [ 85.2577002, 27.5711213 ], [ 85.257538, 27.5708966 ], [ 85.2573609, 27.5706398 ], [ 85.2571061, 27.570433 ], [ 85.256854, 27.5703474 ], [ 85.2565187, 27.5702974 ], [ 85.2560199, 27.5703464 ], [ 85.2555749, 27.5703562 ], [ 85.2554088, 27.5703424 ], [ 85.2552737, 27.5702561 ], [ 85.2551132, 27.5700692 ], [ 85.2549903, 27.5698989 ], [ 85.2548066, 27.5696231 ], [ 85.254656, 27.5694887 ], [ 85.2544545, 27.56942 ], [ 85.2541664, 27.5693274 ], [ 85.2538204, 27.5691942 ], [ 85.2533805, 27.5689184 ], [ 85.2531928, 27.5686569 ], [ 85.2529567, 27.5682313 ], [ 85.2527046, 27.5676939 ], [ 85.2525365, 27.5671101 ], [ 85.2523649, 27.5667448 ], [ 85.2519357, 27.5661968 ], [ 85.2511227, 27.5658587 ], [ 85.2510999, 27.565506 ], [ 85.2510994, 27.5654986 ], [ 85.2510858, 27.565289 ], [ 85.2510703, 27.5650504 ], [ 85.25065, 27.5648145 ], [ 85.2505803, 27.5645696 ], [ 85.2505615, 27.5642415 ], [ 85.2506769, 27.563949 ], [ 85.2508831, 27.563561 ], [ 85.2509558, 27.5631263 ], [ 85.2511007, 27.5626745 ], [ 85.2511918, 27.5621419 ], [ 85.2511758, 27.5615617 ], [ 85.2510819, 27.5610671 ], [ 85.2510041, 27.5606439 ], [ 85.2508137, 27.5602896 ], [ 85.2503295, 27.559978 ], [ 85.25006, 27.5599305 ], [ 85.2495933, 27.5597878 ], [ 85.2492687, 27.5595905 ], [ 85.2489951, 27.5593218 ], [ 85.2487349, 27.5589841 ], [ 85.2484748, 27.5586036 ], [ 85.2482173, 27.5582898 ], [ 85.2478927, 27.557857 ], [ 85.2475467, 27.5571698 ], [ 85.2474843, 27.5566172 ], [ 85.2474314, 27.5557145 ], [ 85.2474421, 27.555208 ], [ 85.2472758, 27.5548085 ], [ 85.2469245, 27.5544351 ], [ 85.2465329, 27.5541807 ], [ 85.246034, 27.5539596 ], [ 85.2458221, 27.5537004 ], [ 85.2457604, 27.5534602 ], [ 85.2457818, 27.5531701 ], [ 85.2459428, 27.5527063 ], [ 85.2461681, 27.5523401 ], [ 85.2467608, 27.5518574 ], [ 85.2471283, 27.5513628 ], [ 85.2473161, 27.5507326 ], [ 85.2472597, 27.5505233 ], [ 85.2470049, 27.550345 ], [ 85.2465821, 27.550132 ], [ 85.2460849, 27.549905 ], [ 85.2456933, 27.5496625 ], [ 85.2454412, 27.5493248 ], [ 85.2451783, 27.5488943 ], [ 85.2448404, 27.5486161 ], [ 85.2437702, 27.547867 ], [ 85.2433196, 27.5477291 ], [ 85.2427751, 27.5477742 ], [ 85.2422333, 27.547974 ], [ 85.2412569, 27.5484687 ], [ 85.2406025, 27.5485352 ], [ 85.240007, 27.5482499 ], [ 85.2394813, 27.5476649 ], [ 85.2388805, 27.5467849 ], [ 85.2382153, 27.5458004 ], [ 85.2377647, 27.5449585 ], [ 85.2374563, 27.5444401 ], [ 85.2371103, 27.5440905 ], [ 85.2367616, 27.5439145 ], [ 85.2362305, 27.543798 ], [ 85.2358711, 27.5436838 ], [ 85.2357379, 27.5435587 ], [ 85.2356914, 27.543515 ], [ 85.2356055, 27.5432201 ], [ 85.2355224, 27.5426231 ], [ 85.2353266, 27.5421903 ], [ 85.2349538, 27.5416837 ], [ 85.2344629, 27.5412937 ], [ 85.2341706, 27.541025 ], [ 85.2340659, 27.5408014 ], [ 85.2340177, 27.5404637 ], [ 85.2338809, 27.5399191 ], [ 85.2336127, 27.5392127 ], [ 85.2332613, 27.5387228 ], [ 85.2330275, 27.5384758 ], [ 85.2330159, 27.5384635 ], [ 85.2323413, 27.5381876 ], [ 85.2317941, 27.5379617 ], [ 85.231542, 27.5377738 ], [ 85.2313891, 27.5374099 ], [ 85.2314213, 27.5371055 ], [ 85.2315313, 27.5367916 ], [ 85.2316077, 27.5364989 ], [ 85.2317244, 27.5363397 ], [ 85.2319544, 27.5361896 ], [ 85.2323869, 27.5361018 ], [ 85.2333276, 27.5360014 ], [ 85.2337307, 27.5358188 ], [ 85.2341142, 27.5355853 ], [ 85.2345577, 27.5352326 ], [ 85.2346078, 27.5351928 ], [ 85.2356779, 27.5344414 ], [ 85.2365899, 27.5339232 ], [ 85.2375796, 27.5334285 ], [ 85.2384084, 27.5331217 ], [ 85.2390119, 27.5330147 ], [ 85.2394304, 27.5330408 ], [ 85.2397844, 27.5331479 ], [ 85.2400178, 27.5333548 ], [ 85.2403745, 27.5336997 ], [ 85.2406132, 27.5338019 ], [ 85.2408171, 27.5338043 ], [ 85.241088, 27.533702 ], [ 85.2416003, 27.533381 ], [ 85.2421635, 27.5331193 ], [ 85.2426624, 27.5330289 ], [ 85.2430487, 27.5330432 ], [ 85.2433464, 27.5331526 ], [ 85.2435955, 27.5333475 ], [ 85.2439553, 27.5334143 ], [ 85.2444568, 27.5333239 ], [ 85.2451327, 27.5330123 ], [ 85.2457738, 27.5326199 ], [ 85.2460232, 27.5322131 ], [ 85.2460796, 27.5317969 ], [ 85.246042, 27.5310905 ], [ 85.2458472, 27.5297569 ], [ 85.2457979, 27.5293756 ], [ 85.2458033, 27.5291306 ], [ 85.2458608, 27.5290406 ], [ 85.2459294, 27.5289332 ], [ 85.2463451, 27.5287096 ], [ 85.247013, 27.5284813 ], [ 85.2477694, 27.5284004 ], [ 85.248346, 27.5284789 ], [ 85.2489555, 27.5287354 ], [ 85.2494913, 27.5288999 ], [ 85.2501458, 27.528957 ], [ 85.2507037, 27.5288428 ], [ 85.251098, 27.528643 ], [ 85.251283, 27.5284741 ], [ 85.251393, 27.5280056 ], [ 85.2513796, 27.5279152 ], [ 85.251275, 27.527732 ], [ 85.2508244, 27.5271945 ], [ 85.2507815, 27.5271041 ], [ 85.2507547, 27.5269804 ], [ 85.2507305, 27.5266355 ], [ 85.2506903, 27.5263144 ], [ 85.2506179, 27.5259671 ], [ 85.2505776, 27.5257364 ], [ 85.2504998, 27.525313 ], [ 85.250473, 27.5248421 ], [ 85.250465, 27.5246565 ], [ 85.2504891, 27.5245471 ], [ 85.2505374, 27.5245067 ], [ 85.2506554, 27.524333 ], [ 85.2507171, 27.5242094 ], [ 85.2507761, 27.5240286 ], [ 85.2507949, 27.5238193 ], [ 85.2507949, 27.5237527 ], [ 85.2507761, 27.523648 ], [ 85.2507681, 27.5235386 ], [ 85.2508378, 27.5233079 ], [ 85.2508727, 27.5231937 ], [ 85.2508754, 27.5230581 ], [ 85.2508539, 27.5229725 ], [ 85.2508056, 27.5228963 ], [ 85.2507091, 27.522806 ], [ 85.2507091, 27.5227251 ], [ 85.2507439, 27.522618 ], [ 85.2508204, 27.5225003 ], [ 85.2508526, 27.5224468 ], [ 85.2508606, 27.5223362 ], [ 85.2508552, 27.5222719 ], [ 85.2508284, 27.5222077 ], [ 85.2507627, 27.5221102 ], [ 85.2506608, 27.5219925 ], [ 85.2506018, 27.5219282 ], [ 85.2504127, 27.5217391 ], [ 85.250351, 27.5216939 ], [ 85.2502933, 27.5215881 ], [ 85.2502853, 27.5215381 ], [ 85.2502853, 27.5214608 ], [ 85.2502772, 27.5213728 ], [ 85.2502252, 27.5212805 ], [ 85.2499707, 27.5210304 ], [ 85.2496387, 27.5208191 ], [ 85.2467556, 27.5197577 ], [ 85.246265, 27.5196229 ], [ 85.245663, 27.5195119 ], [ 85.2439794, 27.5192879 ], [ 85.2431586, 27.5191547 ], [ 85.2430138, 27.5190738 ], [ 85.2427778, 27.5188954 ], [ 85.2423298, 27.5184339 ], [ 85.242185, 27.5183055 ], [ 85.2419972, 27.5181746 ], [ 85.2412301, 27.5177084 ], [ 85.2407983, 27.5173456 ], [ 85.2406012, 27.5170483 ], [ 85.2405542, 27.5169674 ], [ 85.2405314, 27.5169067 ], [ 85.240463, 27.5166546 ], [ 85.2404617, 27.5165606 ], [ 85.240522, 27.5164072 ], [ 85.2406995, 27.5161264 ], [ 85.241444, 27.514149 ], [ 85.2416296, 27.5136449 ], [ 85.2417391, 27.5131662 ], [ 85.2416809, 27.5127281 ], [ 85.2412854, 27.5123951 ], [ 85.2410004, 27.5121436 ], [ 85.2406613, 27.5118938 ], [ 85.2401919, 27.5117759 ], [ 85.2394025, 27.511665 ], [ 85.2387476, 27.5115087 ], [ 85.2382505, 27.5113029 ], [ 85.2377593, 27.5109287 ], [ 85.2374589, 27.5106718 ], [ 85.23707, 27.5102947 ], [ 85.2368018, 27.5099295 ], [ 85.2366275, 27.5095073 ], [ 85.2365805, 27.5093015 ], [ 85.2365327, 27.5088783 ], [ 85.2366147, 27.5085499 ], [ 85.2366101, 27.5083139 ], [ 85.236506, 27.5081455 ], [ 85.2361527, 27.5078646 ], [ 85.2356096, 27.5074685 ], [ 85.2354339, 27.5072508 ], [ 85.2351925, 27.5069404 ], [ 85.2350718, 27.5066882 ], [ 85.2345142, 27.5054311 ], [ 85.2345015, 27.5051142 ], [ 85.2345252, 27.5047935 ], [ 85.234645, 27.5044973 ], [ 85.2349457, 27.5040673 ], [ 85.2354661, 27.5034967 ], [ 85.2356324, 27.503285 ], [ 85.2357879, 27.5030804 ], [ 85.2359033, 27.5028139 ], [ 85.236091, 27.5023452 ], [ 85.2362305, 27.5019646 ], [ 85.2364263, 27.5013484 ], [ 85.2365309, 27.5011248 ], [ 85.2366596, 27.5009202 ], [ 85.2369064, 27.5006965 ], [ 85.2371532, 27.5004919 ], [ 85.2373946, 27.5003539 ], [ 85.2377111, 27.5001541 ], [ 85.2381831, 27.4999971 ], [ 85.2385533, 27.5000208 ], [ 85.2391273, 27.5001969 ], [ 85.2396107, 27.5004047 ], [ 85.2398863, 27.5005942 ], [ 85.2401465, 27.5006727 ], [ 85.2405059, 27.5007037 ], [ 85.2408197, 27.500706 ], [ 85.2415547, 27.5006549 ], [ 85.2419235, 27.5005621 ], [ 85.2423432, 27.5003967 ], [ 85.2426356, 27.5001612 ], [ 85.242826, 27.4999257 ], [ 85.2429736, 27.4996211 ], [ 85.2431238, 27.4991572 ], [ 85.2432901, 27.4987313 ], [ 85.2434322, 27.4984553 ], [ 85.2436897, 27.4981389 ], [ 85.2441779, 27.4977464 ], [ 85.2444005, 27.4976274 ], [ 85.2453605, 27.4972 ], [ 85.2460366, 27.4969612 ], [ 85.2463424, 27.4967947 ], [ 85.2467529, 27.4965477 ], [ 85.2473003, 27.4961384 ], [ 85.2476991, 27.4957638 ], [ 85.2478947, 27.4954931 ], [ 85.2480268, 27.495291 ], [ 85.2480859, 27.4949864 ], [ 85.2481073, 27.4946795 ], [ 85.2480724, 27.4944059 ], [ 85.2479705, 27.4942584 ], [ 85.2478445, 27.4939919 ], [ 85.2477533, 27.493911 ], [ 85.2474126, 27.4936398 ], [ 85.2472973, 27.4935327 ], [ 85.24719, 27.493428 ], [ 85.247139, 27.4932995 ], [ 85.247131, 27.4931806 ], [ 85.2471712, 27.4929569 ], [ 85.2472302, 27.4927071 ], [ 85.2472705, 27.4925596 ], [ 85.2473026, 27.4922907 ], [ 85.2472839, 27.4918386 ], [ 85.2471498, 27.4915055 ], [ 85.2467743, 27.4905681 ], [ 85.246667, 27.4903349 ], [ 85.2465114, 27.490028 ], [ 85.2460189, 27.4894014 ], [ 85.2457741, 27.4890384 ], [ 85.2450308, 27.4881054 ], [ 85.2446687, 27.4876747 ], [ 85.2445455, 27.4874381 ], [ 85.2443906, 27.4869669 ], [ 85.2443361, 27.4867825 ], [ 85.2443334, 27.4866492 ], [ 85.244379, 27.4865255 ], [ 85.2445185, 27.486309 ], [ 85.2446473, 27.4862376 ], [ 85.2447492, 27.4861971 ], [ 85.2448484, 27.4861876 ], [ 85.244998, 27.4861732 ], [ 85.2457255, 27.4860853 ], [ 85.2457979, 27.4860567 ], [ 85.2458543, 27.4860187 ], [ 85.2459079, 27.4859473 ], [ 85.2459079, 27.4858878 ], [ 85.2458757, 27.4857807 ], [ 85.2458355, 27.4857141 ], [ 85.2458811, 27.4853833 ], [ 85.2459562, 27.4852287 ], [ 85.2468601, 27.4843578 ], [ 85.2473456, 27.4837486 ], [ 85.2475011, 27.4834012 ], [ 85.2475762, 27.4831704 ], [ 85.2476835, 27.4826921 ], [ 85.2477398, 27.48224 ], [ 85.2477318, 27.482102 ], [ 85.2476782, 27.4819545 ], [ 85.2475655, 27.4816951 ], [ 85.2474233, 27.4814881 ], [ 85.2470256, 27.4809159 ], [ 85.2469482, 27.4805333 ], [ 85.2470587, 27.4801019 ], [ 85.2473909, 27.479709 ], [ 85.2475025, 27.4795345 ], [ 85.2475749, 27.4793501 ], [ 85.247595, 27.4792929 ], [ 85.2476004, 27.4792275 ], [ 85.2475829, 27.4791442 ], [ 85.2475132, 27.4787706 ], [ 85.2475052, 27.4786386 ], [ 85.2475271, 27.4784399 ], [ 85.247536, 27.478397 ], [ 85.2476701, 27.4777997 ], [ 85.2477291, 27.4774285 ], [ 85.2478056, 27.4765837 ], [ 85.2478512, 27.4763339 ], [ 85.2478847, 27.4762565 ], [ 85.2480644, 27.4759817 ], [ 85.24811, 27.4759448 ], [ 85.2481784, 27.4759103 ], [ 85.2484399, 27.4758056 ], [ 85.2487296, 27.4757009 ], [ 85.2491105, 27.4755319 ], [ 85.2491829, 27.4755034 ], [ 85.2492687, 27.4754534 ], [ 85.2494994, 27.475332 ] ] } },
{ "type": "Feature", "properties": { "full_id": "w538075630", "osm_id": "538075630", "osm_type": "way", "waterway": "river", "direction": null, "boundary": null, "admin_level": null, "wikipedia": null, "wikidata": null, "name:pl": null, "intermittent": null, "description": null, "name:new": null, "level": null, "covered": null, "tunnel": null, "layer": null, "ship": null, "motorboat": null, "width": null, "name:hi": null, "name:en": null, "name:ne": null, "alt_name": null, "tidal": null, "name": null, "boat": "no" }, "geometry": { "type": "LineString", "coordinates": [ ] } },
{ "type": "Feature", "properties": { "full_id": "w751466758", "osm_id": "751466758", "osm_type": "way", "waterway": "river", "direction": null, "boundary": null, "admin_level": null, "wikipedia": null, "wikidata": null, "name:pl": "Bagmati", "intermittent": null, "description": null, "name:new": "बागमती खुसी", "level": null, "covered": null, "tunnel": null, "layer": null, "ship": null, "motorboat": null, "width": null, "name:hi": null, "name:en": "Bagmati River", "name:ne": "बागमती नदी", "alt_name": null, "tidal": null, "name": "Bagmati Nadi (बागमती नदी)", "boat": "no" }, "geometry": { "type": "LineString", "coordinates": [ [ 85.3996253, 27.7362061 ], [ 85.3994188, 27.7360494 ], [ 85.3993142, 27.7358405 ], [ 85.399223, 27.7354963 ], [ 85.399003, 27.7351188 ], [ 85.3987536, 27.7348648 ], [ 85.3984183, 27.7346393 ], [ 85.3980616, 27.7345633 ], [ 85.3977612, 27.7345206 ], [ 85.3975037, 27.7344113 ], [ 85.3973749, 27.7342167 ], [ 85.3972435, 27.7338653 ], [ 85.3970906, 27.7335852 ], [ 85.3968546, 27.7334309 ], [ 85.3966078, 27.7333929 ], [ 85.3963664, 27.7334451 ], [ 85.3961626, 27.7335757 ], [ 85.3960204, 27.7338155 ], [ 85.3959936, 27.7341455 ], [ 85.3960298, 27.7344541 ], [ 85.3960955, 27.73472 ], [ 85.3961974, 27.7349099 ], [ 85.3963396, 27.7349835 ], [ 85.3965394, 27.7350179 ], [ 85.3967366, 27.7350606 ], [ 85.3968465, 27.7351295 ], [ 85.3968921, 27.7352328 ], [ 85.396876, 27.7353586 ], [ 85.3967848, 27.735539 ], [ 85.3964308, 27.736142 ], [ 85.3962994, 27.7363913 ], [ 85.396125, 27.7367616 ], [ 85.3960186, 27.7370259 ], [ 85.3958231, 27.7371842 ], [ 85.3955937, 27.737341 ], [ 85.3954761, 27.7374118 ], [ 85.39544, 27.7374518 ], [ 85.3954335, 27.7376638 ], [ 85.3954223, 27.7380127 ], [ 85.3954223, 27.7381754 ], [ 85.3954585, 27.7384092 ], [ 85.3954759, 27.7385801 ], [ 85.3954584, 27.7386894 ], [ 85.395409, 27.7388436 ], [ 85.395405, 27.7389053 ], [ 85.3953701, 27.7389397 ], [ 85.3953231, 27.7389575 ], [ 85.3952402, 27.7389613 ], [ 85.3951496, 27.7389498 ], [ 85.3950674, 27.7389343 ], [ 85.3949781, 27.7388872 ], [ 85.3949204, 27.7388536 ], [ 85.3948166, 27.7388297 ], [ 85.394574, 27.7388046 ], [ 85.3944663, 27.7387812 ], [ 85.394264, 27.7387075 ], [ 85.3940965, 27.7386274 ], [ 85.3939891, 27.7385644 ], [ 85.3938782, 27.7384322 ], [ 85.3938264, 27.73837 ], [ 85.3937835, 27.738288 ], [ 85.3937473, 27.738111 ], [ 85.3937325, 27.7380282 ], [ 85.3936788, 27.7379278 ], [ 85.3936301, 27.7378658 ], [ 85.3935336, 27.7377949 ], [ 85.3933819, 27.7377396 ], [ 85.3930781, 27.7377251 ], [ 85.392779, 27.7377457 ], [ 85.3926918, 27.7377385 ], [ 85.392606, 27.7377409 ], [ 85.3924195, 27.7377742 ], [ 85.3922734, 27.7378026 ], [ 85.3919622, 27.7379059 ], [ 85.391882, 27.7379452 ], [ 85.3916109, 27.7380341 ], [ 85.3913909, 27.7382169 ], [ 85.3911954, 27.738515 ], [ 85.3909551, 27.7388492 ], [ 85.3907748, 27.7391379 ], [ 85.3905315, 27.7394047 ], [ 85.3902335, 27.7396235 ], [ 85.3900552, 27.7397256 ], [ 85.3898902, 27.7397718 ], [ 85.3896609, 27.7397778 ], [ 85.3893511, 27.7397149 ], [ 85.3892304, 27.7396757 ], [ 85.3885947, 27.7393885 ], [ 85.3884901, 27.7393552 ], [ 85.3883547, 27.7393149 ], [ 85.3882943, 27.7393232 ], [ 85.3882138, 27.7393196 ], [ 85.3881296, 27.7393048 ], [ 85.3880395, 27.7392698 ], [ 85.3879684, 27.7392258 ], [ 85.3877891, 27.7390751 ], [ 85.3874945, 27.7386121 ], [ 85.3871995, 27.7382404 ], [ 85.386815, 27.7379665 ], [ 85.3867172, 27.7378578 ], [ 85.3866166, 27.7377385 ], [ 85.3864907, 27.737236 ], [ 85.3863492, 27.7367736 ], [ 85.3862163, 27.7364533 ], [ 85.38616, 27.7361434 ], [ 85.3861298, 27.7358429 ], [ 85.386115, 27.7357752 ], [ 85.3860962, 27.7356102 ], [ 85.3860962, 27.735393 ], [ 85.3861003, 27.7353064 ], [ 85.3861043, 27.7352708 ], [ 85.3860976, 27.7352411 ], [ 85.3860801, 27.7352126 ], [ 85.3860587, 27.735196 ], [ 85.3860144, 27.7351532 ], [ 85.3860024, 27.7351319 ], [ 85.3859903, 27.7350974 ], [ 85.3859326, 27.7348553 ], [ 85.3859219, 27.7347793 ], [ 85.3859259, 27.7347318 ], [ 85.3859447, 27.7346903 ], [ 85.3859608, 27.7346701 ], [ 85.3859729, 27.7346357 ], [ 85.3859514, 27.7345016 ], [ 85.3859313, 27.7344766 ], [ 85.3859085, 27.7344565 ], [ 85.385875, 27.7344315 ], [ 85.3858642, 27.7344161 ], [ 85.3858602, 27.7343829 ], [ 85.3858039, 27.7339247 ], [ 85.3856991, 27.7332686 ], [ 85.3856523, 27.7329845 ], [ 85.3855745, 27.7328207 ], [ 85.3854032, 27.7325524 ], [ 85.3852862, 27.7324456 ], [ 85.3851923, 27.7323625 ], [ 85.3851253, 27.7322747 ], [ 85.3850305, 27.732126 ], [ 85.38494, 27.7319733 ], [ 85.3848757, 27.7318517 ], [ 85.3848251, 27.7316776 ], [ 85.3848249, 27.7314865 ], [ 85.3846504, 27.7309865 ], [ 85.3844309, 27.7303062 ], [ 85.3843608, 27.730043 ], [ 85.3843183, 27.7297435 ], [ 85.3843058, 27.7292271 ], [ 85.3842982, 27.7289096 ], [ 85.3841662, 27.7283263 ], [ 85.3840845, 27.7280644 ], [ 85.3839317, 27.7277519 ], [ 85.3838164, 27.7275121 ], [ 85.3837574, 27.7273507 ], [ 85.3837016, 27.727175 ], [ 85.3836541, 27.7268766 ], [ 85.3836379, 27.7267838 ], [ 85.3836045, 27.7266313 ], [ 85.3835776, 27.7265482 ], [ 85.383524, 27.7262656 ], [ 85.3835079, 27.7260021 ], [ 85.3835133, 27.7259214 ], [ 85.383516, 27.7258335 ], [ 85.3834972, 27.7256934 ], [ 85.3834838, 27.7256032 ], [ 85.3834543, 27.7255486 ], [ 85.3834274, 27.7255296 ], [ 85.3834006, 27.7255106 ], [ 85.3833657, 27.7254869 ], [ 85.3833148, 27.7254299 ], [ 85.3832585, 27.7252281 ], [ 85.3832102, 27.7251023 ], [ 85.3831565, 27.7249859 ], [ 85.3830746, 27.7248622 ], [ 85.3829188, 27.7244541 ], [ 85.3828842, 27.7243024 ], [ 85.382859, 27.7241087 ], [ 85.3828669, 27.7238795 ], [ 85.3828856, 27.7232883 ], [ 85.3828669, 27.7230912 ], [ 85.3828427, 27.7229464 ], [ 85.3827918, 27.7228039 ], [ 85.3827247, 27.7226734 ], [ 85.3825316, 27.7222887 ], [ 85.3824779, 27.7220869 ], [ 85.3824055, 27.7215527 ], [ 85.3823653, 27.7211562 ], [ 85.3823706, 27.7207644 ], [ 85.3823921, 27.7202207 ], [ 85.3823706, 27.7201399 ], [ 85.3823438, 27.7200497 ], [ 85.3823327, 27.719761 ], [ 85.3822607, 27.7192899 ], [ 85.3822124, 27.7191261 ], [ 85.3821453, 27.7189812 ], [ 85.3819821, 27.7186716 ], [ 85.3818986, 27.7185301 ], [ 85.3817564, 27.7183686 ], [ 85.3816277, 27.7182174 ], [ 85.3814951, 27.7180831 ], [ 85.3813343, 27.7179437 ], [ 85.380849, 27.7175322 ], [ 85.3805775, 27.7173426 ], [ 85.380426, 27.7172265 ], [ 85.3802241, 27.7170672 ], [ 85.3801154, 27.7169495 ], [ 85.3800304, 27.7168929 ], [ 85.3798969, 27.7168417 ], [ 85.3796631, 27.7168092 ], [ 85.3793615, 27.7168055 ], [ 85.3792747, 27.7167946 ], [ 85.3792231, 27.7167717 ], [ 85.379166, 27.7167259 ], [ 85.3791359, 27.7166662 ], [ 85.3790782, 27.7165213 ], [ 85.378958, 27.7163201 ], [ 85.3789001, 27.7162707 ], [ 85.3786999, 27.7161289 ], [ 85.3786173, 27.7160971 ], [ 85.3785268, 27.716095 ], [ 85.3784204, 27.7161129 ], [ 85.3783146, 27.7161489 ], [ 85.3782546, 27.7162061 ], [ 85.3781765, 27.7163107 ], [ 85.3781019, 27.7164501 ], [ 85.3780416, 27.7165617 ], [ 85.377904, 27.716951 ], [ 85.3777601, 27.7171731 ], [ 85.3777032, 27.7172304 ], [ 85.3776457, 27.7172447 ], [ 85.3775817, 27.7172483 ], [ 85.3775414, 27.7172423 ], [ 85.377468, 27.7172308 ], [ 85.3773681, 27.7171971 ], [ 85.3772307, 27.7171485 ], [ 85.3768821, 27.7170492 ], [ 85.3765793, 27.71696 ], [ 85.3762637, 27.7169136 ], [ 85.3757335, 27.7168529 ], [ 85.3756423, 27.7168656 ], [ 85.3755592, 27.7168692 ], [ 85.3755015, 27.7168811 ], [ 85.3754229, 27.7168874 ], [ 85.3753494, 27.716889 ], [ 85.3752722, 27.7168751 ], [ 85.3750294, 27.7167778 ], [ 85.3749302, 27.7166994 ], [ 85.3748712, 27.7166377 ], [ 85.3748331, 27.7165702 ], [ 85.3747976, 27.7163989 ], [ 85.3747595, 27.7161201 ], [ 85.3747037, 27.7158065 ], [ 85.3746378, 27.715638 ], [ 85.3745627, 27.7154837 ], [ 85.3744247, 27.7152936 ], [ 85.3742918, 27.7151038 ], [ 85.3742342, 27.7149988 ], [ 85.3741456, 27.7147797 ], [ 85.3740126, 27.7144064 ], [ 85.3739164, 27.7142058 ], [ 85.3737104, 27.7139119 ], [ 85.373422, 27.7136001 ], [ 85.3732163, 27.7132422 ], [ 85.3730899, 27.7130331 ], [ 85.3729327, 27.7128435 ], [ 85.3728471, 27.712698 ], [ 85.3727895, 27.7125812 ], [ 85.3727523, 27.7124636 ], [ 85.3727431, 27.7123925 ], [ 85.3727561, 27.7123162 ], [ 85.3728416, 27.7121633 ], [ 85.3728456, 27.7120944 ], [ 85.3728395, 27.7120185 ], [ 85.3728237, 27.7119743 ], [ 85.3727804, 27.7119268 ], [ 85.3722691, 27.7116892 ], [ 85.3720944, 27.7116355 ], [ 85.37175, 27.7115816 ], [ 85.3714388, 27.7114731 ], [ 85.3713414, 27.7114233 ], [ 85.3712663, 27.7113781 ], [ 85.3711912, 27.7113544 ], [ 85.3711161, 27.7113401 ], [ 85.370993, 27.7112924 ], [ 85.3708604, 27.7112203 ], [ 85.3707456, 27.7111599 ], [ 85.3706326, 27.711156 ], [ 85.3705436, 27.711202 ], [ 85.3703767, 27.7112107 ], [ 85.3697853, 27.7111114 ], [ 85.3694442, 27.7110414 ], [ 85.3692595, 27.7109739 ], [ 85.3691354, 27.7108825 ], [ 85.3688023, 27.7106374 ], [ 85.3684456, 27.7104719 ], [ 85.3683485, 27.7104519 ], [ 85.3682775, 27.7104601 ], [ 85.3681135, 27.7105167 ], [ 85.3679876, 27.7105701 ], [ 85.3679041, 27.7106342 ], [ 85.3678478, 27.7106788 ], [ 85.3677285, 27.7107513 ], [ 85.3672244, 27.7109697 ], [ 85.3669801, 27.7110407 ], [ 85.366843, 27.7110971 ], [ 85.3666111, 27.7111776 ], [ 85.3661273, 27.7113433 ], [ 85.3659616, 27.7113898 ], [ 85.3656763, 27.7114746 ], [ 85.3654737, 27.7115254 ], [ 85.3653049, 27.7115397 ], [ 85.3651754, 27.7115334 ], [ 85.3650606, 27.7115126 ], [ 85.3648836, 27.7115088 ], [ 85.3647255, 27.7115303 ], [ 85.3645632, 27.7115087 ], [ 85.3644181, 27.7114915 ], [ 85.3642952, 27.7114945 ], [ 85.3642121, 27.7114945 ], [ 85.3641155, 27.7115016 ], [ 85.3639238, 27.7114928 ], [ 85.3637307, 27.7115134 ], [ 85.3635907, 27.7115282 ], [ 85.3634708, 27.7115357 ], [ 85.3633287, 27.7115288 ], [ 85.363229, 27.7115068 ], [ 85.3631592, 27.7114779 ], [ 85.3630798, 27.7114095 ], [ 85.3629622, 27.7113093 ], [ 85.3627919, 27.7111478 ], [ 85.3627034, 27.7111039 ], [ 85.3625839, 27.7110849 ], [ 85.3624351, 27.7110884 ], [ 85.3623037, 27.7111051 ], [ 85.3621427, 27.7111431 ], [ 85.362014, 27.7111918 ], [ 85.3615252, 27.7114303 ], [ 85.3612563, 27.7116109 ], [ 85.3611531, 27.7117117 ], [ 85.3609921, 27.7119183 ], [ 85.3608232, 27.7121095 ], [ 85.3607279, 27.7121974 ], [ 85.3605911, 27.7122888 ], [ 85.3604824, 27.7123422 ], [ 85.3603881, 27.7123649 ], [ 85.3600856, 27.7124362 ], [ 85.359875, 27.7124787 ], [ 85.3596979, 27.7125343 ], [ 85.3593307, 27.7125587 ], [ 85.3592107, 27.7125532 ], [ 85.3591025, 27.712531 ], [ 85.3588902, 27.7124955 ], [ 85.3586414, 27.71249 ], [ 85.3584829, 27.7125073 ], [ 85.3582889, 27.7125438 ], [ 85.3581667, 27.7125498 ], [ 85.3580189, 27.7125345 ], [ 85.357917, 27.7125025 ], [ 85.3577842, 27.7124538 ], [ 85.3576649, 27.7123945 ], [ 85.3575763, 27.7123232 ], [ 85.357516, 27.7122662 ], [ 85.35741, 27.7121392 ], [ 85.3573604, 27.7120786 ], [ 85.3573389, 27.7120205 ], [ 85.3573054, 27.7118507 ], [ 85.3572732, 27.7117225 ], [ 85.3571365, 27.711333 ], [ 85.3569889, 27.7109163 ], [ 85.356938, 27.7107181 ], [ 85.3568937, 27.7105067 ], [ 85.3568937, 27.7104782 ], [ 85.3568856, 27.7104473 ], [ 85.3568535, 27.7103856 ], [ 85.3568079, 27.7103155 ], [ 85.3566711, 27.7101291 ], [ 85.3566295, 27.7100733 ], [ 85.3565933, 27.709989 ], [ 85.3565584, 27.7098192 ], [ 85.3565316, 27.7096993 ], [ 85.3564672, 27.7095925 ], [ 85.356423, 27.7095319 ], [ 85.35638, 27.7094915 ], [ 85.3562191, 27.7093574 ], [ 85.3561041, 27.709264 ], [ 85.3560361, 27.7092455 ], [ 85.3559354, 27.7092566 ], [ 85.3558187, 27.7092885 ], [ 85.3555366, 27.7094574 ], [ 85.3553418, 27.7095656 ], [ 85.3552499, 27.7096575 ], [ 85.3551862, 27.7097608 ], [ 85.3551107, 27.7099593 ], [ 85.3550248, 27.7101479 ], [ 85.3549497, 27.7102593 ], [ 85.3547845, 27.7104182 ], [ 85.354391, 27.7108049 ], [ 85.354215, 27.7109287 ], [ 85.3540549, 27.7110504 ], [ 85.3539905, 27.711134 ], [ 85.3539485, 27.7112295 ], [ 85.3539466, 27.7114288 ], [ 85.3539264, 27.7115915 ], [ 85.3538983, 27.7116497 ], [ 85.3538554, 27.7117066 ], [ 85.353787, 27.7117636 ], [ 85.3537119, 27.711796 ], [ 85.3519814, 27.7123572 ], [ 85.3518552, 27.7123933 ], [ 85.3517371, 27.7124182 ], [ 85.351363, 27.712531 ], [ 85.3511859, 27.7125963 ], [ 85.3511243, 27.7126355 ], [ 85.35108, 27.7126806 ], [ 85.3510518, 27.7127079 ], [ 85.3510062, 27.7127388 ], [ 85.3509078, 27.7127939 ], [ 85.3506802, 27.7129588 ], [ 85.3502818, 27.7131039 ], [ 85.35005, 27.7131083 ], [ 85.3498763, 27.7130701 ], [ 85.3496945, 27.712927 ], [ 85.3495338, 27.7127847 ], [ 85.3494579, 27.7125682 ], [ 85.349409, 27.7123375 ], [ 85.3494385, 27.712138 ], [ 85.3494921, 27.7119837 ], [ 85.3495538, 27.7118887 ], [ 85.3497308, 27.7117581 ], [ 85.3500232, 27.711599 ], [ 85.3501332, 27.7114969 ], [ 85.3502132, 27.7113522 ], [ 85.3502136, 27.7112642 ], [ 85.3501627, 27.7111858 ], [ 85.3500715, 27.7111431 ], [ 85.3499266, 27.7110837 ], [ 85.3496357, 27.7109876 ], [ 85.3495384, 27.7109376 ], [ 85.349275, 27.7106174 ], [ 85.3490294, 27.7102153 ], [ 85.3488256, 27.7099878 ], [ 85.3486902, 27.709748 ], [ 85.3486057, 27.7095818 ], [ 85.3485453, 27.7094334 ], [ 85.348489, 27.7092469 ], [ 85.3484648, 27.7090938 ], [ 85.3484394, 27.7089204 ], [ 85.3484407, 27.7088065 ], [ 85.3484648, 27.708664 ], [ 85.3485059, 27.7084943 ], [ 85.3485131, 27.7082662 ], [ 85.3485212, 27.7080478 ], [ 85.3485306, 27.7079112 ], [ 85.3485671, 27.7076306 ], [ 85.3488122, 27.7070077 ], [ 85.3488806, 27.7067714 ], [ 85.3489543, 27.7065624 ], [ 85.3490727, 27.7062862 ], [ 85.3491274, 27.7061646 ], [ 85.3492724, 27.7058054 ], [ 85.3493414, 27.7056257 ], [ 85.349468, 27.7053442 ], [ 85.3496611, 27.7050046 ], [ 85.3497121, 27.7048325 ], [ 85.3497454, 27.7046177 ], [ 85.3497322, 27.70431 ], [ 85.3497952, 27.7040571 ], [ 85.3499199, 27.703676 ], [ 85.3500193, 27.7032858 ], [ 85.3500417, 27.7031697 ], [ 85.3500542, 27.7029744 ], [ 85.350046, 27.702903 ], [ 85.3500138, 27.7028234 ], [ 85.3499657, 27.702702 ], [ 85.3498287, 27.7023711 ], [ 85.349759, 27.7021051 ], [ 85.3496785, 27.7019068 ], [ 85.349586, 27.7017394 ], [ 85.3494653, 27.7015981 ], [ 85.3493366, 27.7014568 ], [ 85.349075, 27.7011397 ], [ 85.3484805, 27.7004186 ], [ 85.3481416, 27.700039 ], [ 85.3479485, 27.6998835 ], [ 85.347679, 27.699703 ], [ 85.3473262, 27.6995237 ] ] } },
{ "type": "Feature", "properties": { "full_id": "w752113745", "osm_id": "752113745", "osm_type": "way", "waterway": "river", "direction": null, "boundary": null, "admin_level": null, "wikipedia": null, "wikidata": null, "name:pl": null, "intermittent": null, "description": null, "name:new": null, "level": null, "covered": null, "tunnel": null, "layer": null, "ship": null, "motorboat": null, "width": "20", "name:hi": null, "name:en": null, "name:ne": "विष्णुमती", "alt_name": "Vishnumati", "tidal": null, "name": "Bishnumati", "boat": null }, "geometry": { "type": "LineString", "coordinates": [ [ 85.30997, 27.7387962 ], [ 85.3098542, 27.7386138 ], [ 85.3096732, 27.7383797 ], [ 85.3092447, 27.7379316 ], [ 85.3089828, 27.7376821 ], [ 85.3086408, 27.7373871 ], [ 85.3082456, 27.7370821 ], [ 85.3078039, 27.7367624 ], [ 85.3076243, 27.7365797 ], [ 85.307407, 27.7362915 ], [ 85.3073306, 27.7361461 ], [ 85.3072565, 27.7359741 ], [ 85.3071989, 27.7357767 ], [ 85.3071731, 27.7356403 ], [ 85.3071626, 27.735482 ], [ 85.3071469, 27.7350815 ], [ 85.307147, 27.734772 ], [ 85.3070977, 27.7345292 ], [ 85.3070179, 27.7340635 ], [ 85.3068981, 27.7337773 ], [ 85.3067937, 27.7335367 ], [ 85.3066385, 27.733071 ], [ 85.3065818, 27.7327067 ], [ 85.3065149, 27.7322184 ], [ 85.3065728, 27.7316422 ], [ 85.3067003, 27.7312253 ], [ 85.3067609, 27.7309046 ], [ 85.3068476, 27.7304295 ], [ 85.3068787, 27.7301467 ], [ 85.3068711, 27.7297884 ], [ 85.3068545, 27.7295927 ], [ 85.3067937, 27.7292832 ], [ 85.3067363, 27.7287825 ], [ 85.3067152, 27.7285046 ], [ 85.3066605, 27.7278058 ], [ 85.3065944, 27.7275454 ], [ 85.3065431, 27.7273127 ], [ 85.3062814, 27.7266733 ], [ 85.306021, 27.7262844 ], [ 85.3057797, 27.726026 ], [ 85.3055008, 27.7257926 ], [ 85.3040548, 27.7246137 ], [ 85.3032977, 27.7239773 ], [ 85.3026677, 27.7234663 ], [ 85.3019061, 27.7229139 ], [ 85.3012245, 27.7224935 ], [ 85.3007587, 27.7222625 ], [ 85.3004461, 27.7219851 ], [ 85.3001359, 27.7214777 ], [ 85.2998576, 27.7208835 ], [ 85.2996828, 27.7204843 ], [ 85.2996039, 27.7201129 ], [ 85.299509, 27.7191384 ], [ 85.2994617, 27.7189891 ], [ 85.29934, 27.7187714 ], [ 85.2993206, 27.718648 ], [ 85.2993013, 27.7184897 ], [ 85.2993241, 27.7182537 ], [ 85.2993687, 27.7180059 ], [ 85.2994349, 27.7178045 ], [ 85.299573, 27.7174993 ], [ 85.2998368, 27.7170685 ], [ 85.3003943, 27.7164336 ], [ 85.3007871, 27.7160629 ], [ 85.3013044, 27.7154672 ], [ 85.3017348, 27.7150269 ], [ 85.3017755, 27.7149765 ], [ 85.301871, 27.714764 ], [ 85.3019305, 27.7145466 ], [ 85.3020491, 27.7140392 ], [ 85.3021026, 27.7132582 ], [ 85.3021234, 27.7130351 ], [ 85.302202, 27.7127645 ], [ 85.302303, 27.7121985 ], [ 85.3023786, 27.7116132 ], [ 85.3023806, 27.7114296 ], [ 85.3023966, 27.7111812 ], [ 85.3024325, 27.7109414 ], [ 85.3025546, 27.7102276 ] ] } },
{ "type": "Feature", "properties": { "full_id": "w756183475", "osm_id": "756183475", "osm_type": "way", "waterway": "river", "direction": null, "boundary": null, "admin_level": null, "wikipedia": null, "wikidata": null, "name:pl": null, "intermittent": null, "description": null, "name:new": null, "level": null, "covered": null, "tunnel": null, "layer": null, "ship": null, "motorboat": null, "width": "20", "name:hi": null, "name:en": null, "name:ne": null, "alt_name": "Vishnumati", "tidal": null, "name": "Bishnumati", "boat": null }, "geometry": { "type": "LineString", "coordinates": [ [ 85.3022118, 27.7069322 ], [ 85.3021012, 27.7063685 ], [ 85.3019887, 27.7058291 ], [ 85.3019638, 27.7056306 ], [ 85.3018713, 27.7050154 ], [ 85.3018595, 27.7047861 ], [ 85.3018377, 27.704364 ], [ 85.3018721, 27.7039552 ], [ 85.3019729, 27.7034014 ], [ 85.3020756, 27.7028757 ], [ 85.3021646, 27.7024989 ], [ 85.3023085, 27.7018345 ], [ 85.3023851, 27.7015233 ], [ 85.3025097, 27.7011097 ], [ 85.3025691, 27.7008866 ], [ 85.302623, 27.700729 ], [ 85.3027383, 27.7004648 ], [ 85.3027708, 27.7003665 ], [ 85.3028037, 27.7001904 ] ] } },
{ "type": "Feature", "properties": { "full_id": "w788476632", "osm_id": "788476632", "osm_type": "way", "waterway": "river", "direction": null, "boundary": null, "admin_level": null, "wikipedia": null, "wikidata": null, "name:pl": null, "intermittent": null, "description": null, "name:new": null, "level": null, "covered": null, "tunnel": null, "layer": "-1", "ship": null, "motorboat": null, "width": "20", "name:hi": null, "name:en": null, "name:ne": null, "alt_name": "Vishnumati", "tidal": null, "name": "Bishnumati", "boat": null }, "geometry": { "type": "LineString", "coordinates": [ [ 85.3023312, 27.7072351 ], [ 85.3022598, 27.7070789 ], [ 85.3022118, 27.7069322 ] ] } },
{ "type": "Feature", "properties": { "full_id": "w788476633", "osm_id": "788476633", "osm_type": "way", "waterway": "river", "direction": null, "boundary": null, "admin_level": null, "wikipedia": null, "wikidata": null, "name:pl": null, "intermittent": null, "description": null, "name:new": null, "level": null, "covered": null, "tunnel": null, "layer": "-1", "ship": null, "motorboat": null, "width": "20", "name:hi": null, "name:en": null, "name:ne": "विष्णुमती", "alt_name": "Vishnumati", "tidal": null, "name": "Bishnumati", "boat": null }, "geometry": { "type": "LineString", "coordinates": [ [ 85.3025546, 27.7102276 ], [ 85.302653, 27.7097278 ], [ 85.3027046, 27.7093318 ], [ 85.3027259, 27.7090421 ], [ 85.3026843, 27.7085906 ], [ 85.3026589, 27.7083266 ], [ 85.3026545, 27.708222 ], [ 85.3025687, 27.7079419 ], [ 85.3024404, 27.7075063 ], [ 85.3023312, 27.7072351 ] ] } },
{ "type": "Feature", "properties": { "full_id": "w905751177", "osm_id": "905751177", "osm_type": "way", "waterway": "river", "direction": null, "boundary": null, "admin_level": null, "wikipedia": null, "wikidata": null, "name:pl": null, "intermittent": null, "description": null, "name:new": "टुकुचा", "level": null, "covered": null, "tunnel": "culvert", "layer": "-1", "ship": null, "motorboat": null, "width": null, "name:hi": null, "name:en": null, "name:ne": "टुकुचा", "alt_name": null, "tidal": null, "name": "Tukucha Khola", "boat": "no" }, "geometry": { "type": "LineString", "coordinates": [ [ 85.3218933, 27.7137833 ], [ 85.3217407, 27.7103654 ], [ 85.3218533, 27.7103132 ], [ 85.3216797, 27.7097729 ], [ 85.3216558, 27.7095304 ], [ 85.3216676, 27.7093942 ], [ 85.3216444, 27.7092235 ], [ 85.3217182, 27.7087759 ], [ 85.3216881, 27.7084541 ], [ 85.3217275, 27.7080836 ], [ 85.3215935, 27.7078118 ], [ 85.3217041, 27.7071843 ], [ 85.3218764, 27.7067099 ], [ 85.3219791, 27.7062647 ], [ 85.3220163, 27.7060205 ], [ 85.3220789, 27.7057275 ], [ 85.3222063, 27.7053724 ], [ 85.322258, 27.7052436 ], [ 85.3222453, 27.7050865 ], [ 85.3219943, 27.7044177 ], [ 85.3218996, 27.7043439 ], [ 85.3218638, 27.7040607 ], [ 85.3215165, 27.7031618 ], [ 85.3214306, 27.7028721 ], [ 85.3212858, 27.7026156 ], [ 85.3212357, 27.7024215 ], [ 85.3211624, 27.7022452 ], [ 85.3210138, 27.7018605 ], [ 85.3209481, 27.7016943 ], [ 85.3207762, 27.7012858 ], [ 85.3202397, 27.6998276 ], [ 85.3192765, 27.6971692 ], [ 85.3187565, 27.6958925 ], [ 85.3183161, 27.6946279 ], [ 85.3178418, 27.6935059 ], [ 85.317716, 27.6933514 ], [ 85.3175468, 27.6932067 ], [ 85.3173163, 27.692983 ], [ 85.3172596, 27.6929499 ], [ 85.3172145, 27.6929062 ], [ 85.3171357, 27.6928015 ], [ 85.3171017, 27.6926844 ], [ 85.3170839, 27.692576 ], [ 85.3170103, 27.6924042 ], [ 85.3169881, 27.692373 ], [ 85.3169246, 27.6923226 ], [ 85.3164562, 27.6920266 ], [ 85.316388, 27.6919964 ], [ 85.3161634, 27.6918928 ] ] } },
{ "type": "Feature", "properties": { "full_id": "w951469166", "osm_id": "951469166", "osm_type": "way", "waterway": "river", "direction": null, "boundary": null, "admin_level": null, "wikipedia": null, "wikidata": null, "name:pl": null, "intermittent": null, "description": null, "name:new": null, "level": null, "covered": null, "tunnel": null, "layer": null, "ship": null, "motorboat": null, "width": null, "name:hi": null, "name:en": null, "name:ne": null, "alt_name": null, "tidal": null, "name": "Lilawati River", "boat": null }, "geometry": { "type": "LineString", "coordinates": [ ] } },
{ "type": "Feature", "properties": { "full_id": "w951469168", "osm_id": "951469168", "osm_type": "way", "waterway": "river", "direction": null, "boundary": null, "admin_level": null, "wikipedia": null, "wikidata": null, "name:pl": null, "intermittent": null, "description": null, "name:new": null, "level": null, "covered": null, "tunnel": null, "layer": null, "ship": null, "motorboat": null, "width": null, "name:hi": null, "name:en": null, "name:ne": null, "alt_name": null, "tidal": null, "name": "Phedi Khola", "boat": null }, "geometry": { "type": "LineString", "coordinates": [ ] } },
{ "type": "Feature", "properties": { "full_id": "w951469169", "osm_id": "951469169", "osm_type": "way", "waterway": "river", "direction": null, "boundary": null, "admin_level": null, "wikipedia": null, "wikidata": null, "name:pl": null, "intermittent": null, "description": null, "name:new": null, "level": null, "covered": null, "tunnel": null, "layer": "1", "ship": null, "motorboat": null, "width": null, "name:hi": null, "name:en": null, "name:ne": null, "alt_name": null, "tidal": null, "name": "Murali Khola", "boat": null }, "geometry": { "type": "LineString", "coordinates": [ ] } },
{ "type": "Feature", "properties": { "full_id": "w1053917529", "osm_id": "1053917529", "osm_type": "way", "waterway": "river", "direction": null, "boundary": null, "admin_level": null, "wikipedia": "en:Bagmati River", "wikidata": "Q4461769", "name:pl": "Bagmati", "intermittent": null, "description": null, "name:new": "बागमती खुसी", "level": null, "covered": null, "tunnel": null, "layer": null, "ship": null, "motorboat": null, "width": null, "name:hi": null, "name:en": "Bagmati River", "name:ne": "बागमती नदी", "alt_name": null, "tidal": null, "name": "Bagmati Nadi (बागमती नदी)", "boat": "no" }, "geometry": { "type": "LineString", "coordinates": [ [ 85.347117, 27.6994109 ], [ 85.3470222, 27.6992637 ], [ 85.3469726, 27.6991753 ], [ 85.3468162, 27.6989269 ], [ 85.3466651, 27.6987918 ], [ 85.346571, 27.6986816 ], [ 85.3465396, 27.6985958 ], [ 85.3465299, 27.6985142 ], [ 85.3464979, 27.69822 ], [ 85.346503, 27.6980261 ], [ 85.3465391, 27.6978228 ], [ 85.3465859, 27.6977009 ], [ 85.3466462, 27.6975581 ], [ 85.3467955, 27.6973718 ], [ 85.3470334, 27.697104 ], [ 85.3472162, 27.6969082 ], [ 85.3474759, 27.6966104 ], [ 85.3476261, 27.6964783 ], [ 85.3477142, 27.6963983 ], [ 85.3478814, 27.6962692 ], [ 85.3480271, 27.6961361 ], [ 85.3481616, 27.6959778 ], [ 85.3483651, 27.6958025 ], [ 85.3485678, 27.6956937 ], [ 85.3489919, 27.6954846 ], [ 85.3493151, 27.6953498 ], [ 85.349405, 27.6953154 ], [ 85.349527, 27.6952774 ], [ 85.3499524, 27.6951778 ], [ 85.3502981, 27.6950956 ], [ 85.3505842, 27.6950085 ], [ 85.3508779, 27.6949051 ], [ 85.3511227, 27.6947826 ], [ 85.3513709, 27.6946503 ], [ 85.3514758, 27.6945624 ], [ 85.3515337, 27.6944923 ], [ 85.3516134, 27.6943677 ], [ 85.3516948, 27.6942165 ], [ 85.3517759, 27.6940623 ], [ 85.3518348, 27.6939285 ], [ 85.351886, 27.6938091 ], [ 85.3518935, 27.6937011 ], [ 85.3518722, 27.6935985 ], [ 85.3518348, 27.6934873 ], [ 85.3517536, 27.6932854 ], [ 85.3514532, 27.6927427 ], [ 85.3512204, 27.6923618 ], [ 85.3511618, 27.6922482 ], [ 85.351135, 27.6922209 ], [ 85.3510126, 27.6921141 ], [ 85.3509041, 27.6920344 ], [ 85.3507817, 27.6919595 ], [ 85.3506518, 27.6918992 ], [ 85.3505208, 27.6918634 ], [ 85.3500919, 27.6918133 ], [ 85.3499184, 27.6917661 ], [ 85.3496831, 27.6916812 ], [ 85.3495497, 27.6916127 ], [ 85.3494575, 27.6915514 ], [ 85.3493879, 27.6914744 ], [ 85.3492436, 27.6912765 ], [ 85.3491455, 27.6911508 ], [ 85.3490707, 27.6910664 ], [ 85.3490111, 27.6910057 ], [ 85.3489178, 27.690945 ], [ 85.3488312, 27.6909101 ], [ 85.3487131, 27.6908814 ], [ 85.3483578, 27.6908482 ], [ 85.3481633, 27.6908104 ], [ 85.3480498, 27.6907663 ], [ 85.3479585, 27.6906866 ], [ 85.3479241, 27.6906367 ], [ 85.3479045, 27.6905887 ], [ 85.3479036, 27.6905442 ], [ 85.3479143, 27.6904774 ], [ 85.3479966, 27.6902312 ], [ 85.3481426, 27.6898862 ], [ 85.3482117, 27.689629 ], [ 85.348328, 27.6892487 ], [ 85.348364, 27.6890216 ], [ 85.3483806, 27.6888411 ], [ 85.348379, 27.6887795 ], [ 85.3483586, 27.6886433 ], [ 85.3483085, 27.6884911 ], [ 85.3482685, 27.6884208 ], [ 85.3482154, 27.6883502 ], [ 85.3480517, 27.6881852 ], [ 85.3479154, 27.6881049 ], [ 85.3477572, 27.6880064 ], [ 85.347634, 27.6879399 ], [ 85.3475234, 27.687901 ], [ 85.3473852, 27.687892 ], [ 85.347242, 27.6879063 ], [ 85.3470778, 27.6879538 ], [ 85.3470053, 27.6879894 ], [ 85.3469505, 27.6880103 ], [ 85.3468571, 27.6880238 ], [ 85.3467877, 27.6880195 ], [ 85.3467127, 27.6880036 ], [ 85.3464084, 27.6879326 ], [ 85.3459031, 27.6877826 ], [ 85.3457545, 27.6877272 ], [ 85.3455972, 27.6876383 ], [ 85.3454616, 27.687533 ], [ 85.345294, 27.687307 ], [ 85.345124, 27.6871123 ], [ 85.3450056, 27.686998 ], [ 85.3448911, 27.6869312 ], [ 85.3447795, 27.6868728 ], [ 85.3444781, 27.6867494 ], [ 85.3442726, 27.6866823 ], [ 85.3442044, 27.6866512 ], [ 85.3440717, 27.6865681 ], [ 85.3438927, 27.6864154 ], [ 85.3437224, 27.6862284 ], [ 85.3434677, 27.6859063 ], [ 85.343376, 27.6857697 ], [ 85.3433563, 27.6857296 ], [ 85.3433372, 27.6856593 ], [ 85.3432902, 27.6853134 ], [ 85.3432647, 27.6844837 ], [ 85.3432303, 27.6843421 ], [ 85.3432187, 27.6842569 ], [ 85.3431866, 27.6841502 ], [ 85.3430981, 27.6839937 ], [ 85.3429887, 27.683845 ], [ 85.3428477, 27.6837041 ], [ 85.3424667, 27.6834294 ], [ 85.3423439, 27.6832902 ], [ 85.3421578, 27.6830301 ], [ 85.3418988, 27.6826956 ], [ 85.3416601, 27.6823678 ], [ 85.3413275, 27.6819949 ], [ 85.3412155, 27.681891 ], [ 85.3411183, 27.6818465 ], [ 85.3410365, 27.6818393 ], [ 85.3409232, 27.6818429 ], [ 85.3407776, 27.681878 ], [ 85.3406824, 27.6819438 ], [ 85.340551, 27.6820733 ], [ 85.3404812, 27.6821897 ], [ 85.3404464, 27.6823025 ], [ 85.3404141, 27.6823405 ], [ 85.3402827, 27.6825578 ], [ 85.3401902, 27.6827193 ], [ 85.3400655, 27.6828084 ], [ 85.3399528, 27.6828464 ], [ 85.3397583, 27.6828619 ], [ 85.3394527, 27.6828666 ], [ 85.3393547, 27.6828381 ], [ 85.3389269, 27.6826005 ], [ 85.3386252, 27.6824283 ], [ 85.3382711, 27.6823143 ], [ 85.3381518, 27.6822561 ], [ 85.3380646, 27.682192 ], [ 85.3378312, 27.6819414 ], [ 85.3376005, 27.6816552 ], [ 85.3372264, 27.6811149 ], [ 85.3370561, 27.6807052 ], [ 85.3369729, 27.6805757 ], [ 85.3368026, 27.680394 ], [ 85.3367664, 27.6803275 ], [ 85.3367221, 27.6802277 ], [ 85.3366846, 27.6800235 ], [ 85.336643, 27.6798833 ], [ 85.3366202, 27.6797931 ], [ 85.3365827, 27.6796684 ], [ 85.3364727, 27.6795496 ], [ 85.336415, 27.679489 ], [ 85.3363547, 27.6794475 ], [ 85.3362527, 27.6793893 ], [ 85.3359818, 27.6793145 ], [ 85.3358348, 27.6792999 ], [ 85.335204, 27.6792099 ], [ 85.3349501, 27.6791941 ], [ 85.3347712, 27.6791513 ], [ 85.334453, 27.6790215 ], [ 85.3338549, 27.6787713 ], [ 85.3333372, 27.6785924 ], [ 85.3329509, 27.678723 ], [ 85.3325111, 27.6787705 ], [ 85.3318834, 27.6790484 ], [ 85.3312263, 27.6792907 ], [ 85.3307327, 27.6797444 ], [ 85.3305101, 27.680141 ], [ 85.3300783, 27.6807277 ], [ 85.3297859, 27.6810674 ], [ 85.3292307, 27.6818013 ], [ 85.3290001, 27.6823785 ], [ 85.3288847, 27.6826825 ], [ 85.3287544, 27.6829415 ], [ 85.3286032, 27.683459 ], [ 85.3284987, 27.6837841 ], [ 85.3283986, 27.6839892 ], [ 85.3283384, 27.6841036 ], [ 85.3282117, 27.6843284 ], [ 85.3279567, 27.6847501 ], [ 85.3274927, 27.6853807 ], [ 85.3272808, 27.6856348 ], [ 85.3270744, 27.6857976 ], [ 85.3265271, 27.6861621 ], [ 85.3263474, 27.68625 ], [ 85.3258136, 27.6864637 ], [ 85.3245154, 27.6866609 ], [ 85.3242685, 27.6866599 ], [ 85.3239284, 27.6866586 ], [ 85.3224461, 27.6867559 ], [ 85.321978, 27.6868034 ], [ 85.3215623, 27.6868675 ], [ 85.3210862, 27.6869827 ], [ 85.32028, 27.6872633 ], [ 85.3191268, 27.6877962 ], [ 85.3182659, 27.6882688 ], [ 85.3180352, 27.6883994 ], [ 85.317716, 27.6886085 ], [ 85.3175095, 27.6887533 ], [ 85.3173137, 27.6888935 ], [ 85.3163936, 27.6895596 ], [ 85.3159055, 27.6898542 ] ] } },
{ "type": "Feature", "properties": { "full_id": "w1181523800", "osm_id": "1181523800", "osm_type": "way", "waterway": "river", "direction": "-1", "boundary": null, "admin_level": null, "wikipedia": null, "wikidata": null, "name:pl": null, "intermittent": null, "description": null, "name:new": null, "level": null, "covered": null, "tunnel": null, "layer": null, "ship": null, "motorboat": null, "width": null, "name:hi": null, "name:en": null, "name:ne": null, "alt_name": null, "tidal": null, "name": "Manohara Nadi", "boat": null }, "geometry": { "type": "LineString", "coordinates": [ [ 85.4009117, 27.706313 ], [ 85.4006285, 27.7063558 ], [ 85.400298, 27.7063805 ], [ 85.3997036, 27.7063064 ], [ 85.3991209, 27.7061159 ], [ 85.3987466, 27.7058072 ], [ 85.3985513, 27.7054835 ], [ 85.3985099, 27.705049 ], [ 85.398598, 27.704665 ], [ 85.3988557, 27.7043408 ], [ 85.3989844, 27.7040437 ], [ 85.3989998, 27.7036808 ], [ 85.3988678, 27.703356 ], [ 85.3985697, 27.7030152 ], [ 85.3983338, 27.7028852 ], [ 85.3981087, 27.7027996 ], [ 85.3978688, 27.7027577 ], [ 85.3976753, 27.7027697 ], [ 85.3974203, 27.7028055 ], [ 85.397219, 27.7028476 ], [ 85.3971058, 27.7028972 ], [ 85.3970141, 27.7029658 ], [ 85.3968876, 27.7032148 ], [ 85.3968611, 27.7033807 ], [ 85.3969153, 27.7034672 ], [ 85.3969954, 27.7035412 ], [ 85.3970208, 27.7036477 ], [ 85.3969954, 27.7036935 ], [ 85.3968468, 27.70372 ], [ 85.3963058, 27.7038276 ], [ 85.3960222, 27.7038697 ], [ 85.3958519, 27.7039096 ], [ 85.3955297, 27.7039185 ], [ 85.3952804, 27.7039244 ], [ 85.3949778, 27.7038944 ], [ 85.3945699, 27.7037855 ], [ 85.3944249, 27.7036017 ], [ 85.3943347, 27.7034409 ], [ 85.3942203, 27.7032341 ], [ 85.3941707, 27.7031359 ], [ 85.3941193, 27.7030693 ], [ 85.3940537, 27.7030353 ], [ 85.393988, 27.7030297 ], [ 85.3938908, 27.7030669 ], [ 85.393762, 27.703188 ], [ 85.3934397, 27.7034536 ], [ 85.3932712, 27.7035513 ], [ 85.3929885, 27.7036282 ], [ 85.3927622, 27.7036553 ], [ 85.3926341, 27.7036263 ], [ 85.3925134, 27.7035299 ], [ 85.3923648, 27.703387 ], [ 85.39221, 27.7032444 ], [ 85.3920172, 27.7030562 ], [ 85.3918825, 27.7028628 ], [ 85.3917951, 27.7026371 ], [ 85.3917526, 27.7024811 ], [ 85.3917735, 27.7016645 ], [ 85.3917616, 27.7013535 ], [ 85.3915948, 27.7002575 ], [ 85.391348, 27.6997113 ], [ 85.3910261, 27.6993028 ], [ 85.3906892, 27.6989981 ], [ 85.3902677, 27.698552 ], [ 85.390185, 27.698333 ], [ 85.390115, 27.6981164 ], [ 85.3901031, 27.6977454 ], [ 85.39013, 27.6976714 ], [ 85.390206, 27.6976078 ], [ 85.3902781, 27.6975864 ], [ 85.3903266, 27.6975812 ], [ 85.3903681, 27.6975965 ], [ 85.3905128, 27.6976815 ], [ 85.3906172, 27.697725 ], [ 85.3906948, 27.6977252 ], [ 85.3907665, 27.6977135 ], [ 85.3908937, 27.6976667 ], [ 85.3909871, 27.6976206 ], [ 85.3910605, 27.6975639 ], [ 85.3911011, 27.697489 ], [ 85.391283, 27.6971595 ], [ 85.3913571, 27.6970538 ], [ 85.3913713, 27.6970167 ], [ 85.3913826, 27.696959 ], [ 85.3913707, 27.6968183 ], [ 85.3913596, 27.6967228 ], [ 85.3913093, 27.6966265 ], [ 85.3912631, 27.6965716 ], [ 85.3911777, 27.6964898 ], [ 85.391076, 27.6964183 ], [ 85.3908992, 27.6963298 ], [ 85.3907257, 27.696301 ], [ 85.3905218, 27.6962482 ], [ 85.3902997, 27.6961577 ], [ 85.3900578, 27.6960041 ], [ 85.3896636, 27.6956408 ], [ 85.3894975, 27.6954853 ], [ 85.3893597, 27.6952714 ], [ 85.3892492, 27.6951694 ], [ 85.3891061, 27.6950934 ], [ 85.3889902, 27.6950733 ], [ 85.3888416, 27.6950905 ], [ 85.3887368, 27.6951202 ], [ 85.3886193, 27.6951674 ], [ 85.3883258, 27.6953111 ], [ 85.3881562, 27.695389 ], [ 85.3875268, 27.6955363 ], [ 85.3870583, 27.6956408 ], [ 85.386309, 27.6956107 ], [ 85.3858799, 27.6956075 ], [ 85.3855133, 27.695579 ], [ 85.3850341, 27.6954603 ], [ 85.3841543, 27.6949901 ], [ 85.3838485, 27.6948333 ], [ 85.3831834, 27.6945436 ], [ 85.3822241, 27.6939515 ], [ 85.3819873, 27.6938915 ], [ 85.381448, 27.6937717 ], [ 85.380837, 27.6936182 ], [ 85.3800022, 27.6935129 ], [ 85.3797769, 27.6935651 ], [ 85.379473, 27.6935789 ], [ 85.3785033, 27.693503 ], [ 85.3771256, 27.6934776 ], [ 85.3768079, 27.6934383 ], [ 85.3764231, 27.6932923 ], [ 85.3758737, 27.6930772 ], [ 85.375555, 27.6929338 ], [ 85.3754263, 27.6928082 ], [ 85.3751994, 27.6925389 ], [ 85.3750656, 27.6924242 ], [ 85.3747294, 27.6922465 ], [ 85.3744457, 27.692133 ], [ 85.3741963, 27.6920209 ], [ 85.373922, 27.6918668 ], [ 85.3735748, 27.6916546 ], [ 85.3733676, 27.6913887 ], [ 85.3728619, 27.6910201 ], [ 85.3723873, 27.6907904 ], [ 85.3719059, 27.6907016 ], [ 85.3717174, 27.690659 ], [ 85.3715153, 27.6904588 ], [ 85.3714062, 27.6903511 ], [ 85.3710605, 27.6900162 ], [ 85.3708454, 27.6897437 ], [ 85.3705068, 27.6894805 ], [ 85.3703812, 27.6893922 ], [ 85.3701105, 27.689289 ], [ 85.3697535, 27.6892735 ], [ 85.3693787, 27.689314 ], [ 85.3690949, 27.6892721 ], [ 85.368807, 27.689199 ], [ 85.3685144, 27.688998 ], [ 85.3682032, 27.6887415 ], [ 85.3678492, 27.688466 ], [ 85.3674656, 27.6882308 ], [ 85.3669331, 27.6880309 ], [ 85.3665174, 27.6878807 ], [ 85.3662137, 27.6876917 ], [ 85.3658216, 27.6873554 ], [ 85.3654897, 27.6869971 ], [ 85.3651703, 27.6866107 ], [ 85.3649717, 27.6864318 ], [ 85.364852, 27.6862905 ], [ 85.364436, 27.6858217 ], [ 85.3640444, 27.6853821 ], [ 85.3638086, 27.6850183 ], [ 85.3630673, 27.684191 ], [ 85.3625946, 27.6837926 ], [ 85.3622579, 27.6835725 ], [ 85.3619997, 27.6834353 ], [ 85.3618056, 27.6833067 ], [ 85.3617421, 27.6832269 ], [ 85.3617183, 27.6831563 ], [ 85.3616109, 27.6828886 ], [ 85.3613698, 27.6825365 ], [ 85.36109, 27.6823476 ], [ 85.3608938, 27.6822579 ], [ 85.3599124, 27.6819665 ], [ 85.3594895, 27.6819466 ], [ 85.3590256, 27.6819314 ], [ 85.3585489, 27.6818729 ], [ 85.3578303, 27.6818106 ], [ 85.3568336, 27.6815922 ], [ 85.3565364, 27.6815114 ], [ 85.3563144, 27.6814396 ], [ 85.3562935, 27.6814328 ], [ 85.3560937, 27.6813058 ], [ 85.3558431, 27.6810798 ], [ 85.3556833, 27.6809421 ], [ 85.3556313, 27.6807949 ], [ 85.3555955, 27.6805465 ], [ 85.3556148, 27.6801248 ], [ 85.3556602, 27.6795252 ], [ 85.3556738, 27.6793725 ], [ 85.3556641, 27.6791701 ], [ 85.3556241, 27.6789332 ], [ 85.355585, 27.6787935 ], [ 85.3554904, 27.6785659 ], [ 85.3552484, 27.6781835 ], [ 85.3551615, 27.6780186 ], [ 85.3551413, 27.6777759 ], [ 85.3551511, 27.6776219 ], [ 85.3551803, 27.6775353 ], [ 85.3552307, 27.6774143 ], [ 85.3554543, 27.6769937 ], [ 85.3555326, 27.676839 ], [ 85.3555855, 27.6766925 ], [ 85.3556141, 27.6763686 ], [ 85.3556105, 27.6761921 ], [ 85.35552, 27.6757653 ], [ 85.3554245, 27.675311 ], [ 85.3552603, 27.674798 ], [ 85.3550464, 27.6740543 ], [ 85.3547359, 27.6733628 ], [ 85.3541974, 27.6723501 ], [ 85.3538903, 27.6718242 ], [ 85.3534586, 27.6713425 ], [ 85.3528748, 27.6708487 ], [ 85.3525344, 27.6705704 ], [ 85.3524133, 27.6702409 ], [ 85.3523934, 27.669996 ], [ 85.3523619, 27.6694819 ], [ 85.3523499, 27.6685676 ], [ 85.3523101, 27.6684446 ], [ 85.3521536, 27.6682491 ], [ 85.3519774, 27.6680573 ] ] } },
{ "type": "Feature", "properties": { "full_id": "w1416885192", "osm_id": "1416885192", "osm_type": "way", "waterway": "river", "direction": null, "boundary": null, "admin_level": null, "wikipedia": null, "wikidata": null, "name:pl": null, "intermittent": null, "description": null, "name:new": null, "level": "-1", "covered": null, "tunnel": null, "layer": null, "ship": null, "motorboat": null, "width": null, "name:hi": null, "name:en": null, "name:ne": null, "alt_name": null, "tidal": null, "name": "Icchumati", "boat": null }, "geometry": { "type": "LineString", "coordinates": [ [ 85.3354321, 27.7304856 ], [ 85.3354407, 27.7303696 ], [ 85.3355321, 27.7302846 ], [ 85.3356693, 27.7302376 ], [ 85.3359054, 27.7301597 ], [ 85.3361105, 27.7300774 ], [ 85.3361533, 27.7300276 ], [ 85.3363008, 27.7299014 ], [ 85.33624, 27.7296144 ], [ 85.336217, 27.7295759 ], [ 85.3361948, 27.7295494 ], [ 85.3361231, 27.7294806 ], [ 85.3361014, 27.7294522 ], [ 85.3361036, 27.7293872 ], [ 85.3361237, 27.7292724 ] ] } },
{ "type": "Feature", "properties": { "full_id": "w1416885193", "osm_id": "1416885193", "osm_type": "way", "waterway": "river", "direction": null, "boundary": null, "admin_level": null, "wikipedia": null, "wikidata": null, "name:pl": null, "intermittent": null, "description": null, "name:new": null, "level": "-1", "covered": null, "tunnel": "culvert", "layer": "-1", "ship": null, "motorboat": null, "width": null, "name:hi": null, "name:en": null, "name:ne": null, "alt_name": null, "tidal": null, "name": "Icchumati", "boat": null }, "geometry": { "type": "LineString", "coordinates": [ [ 85.3350583, 27.7270292 ], [ 85.3350875, 27.7269362 ] ] } },
{ "type": "Feature", "properties": { "full_id": "w1416885194", "osm_id": "1416885194", "osm_type": "way", "waterway": "river", "direction": null, "boundary": null, "admin_level": null, "wikipedia": null, "wikidata": null, "name:pl": null, "intermittent": null, "description": null, "name:new": null, "level": "-1", "covered": null, "tunnel": null, "layer": null, "ship": null, "motorboat": null, "width": null, "name:hi": null, "name:en": null, "name:ne": null, "alt_name": null, "tidal": null, "name": "Icchumati", "boat": null }, "geometry": { "type": "LineString", "coordinates": [ [ 85.3350654, 27.7268592 ], [ 85.3350581, 27.7268337 ] ] } },
{ "type": "Feature", "properties": { "full_id": "w1416885195", "osm_id": "1416885195", "osm_type": "way", "waterway": "river", "direction": null, "boundary": null, "admin_level": null, "wikipedia": null, "wikidata": null, "name:pl": null, "intermittent": null, "description": null, "name:new": null, "level": "-1", "covered": null, "tunnel": "culvert", "layer": "-1", "ship": null, "motorboat": null, "width": null, "name:hi": null, "name:en": null, "name:ne": null, "alt_name": null, "tidal": null, "name": "Icchumati", "boat": null }, "geometry": { "type": "LineString", "coordinates": [ [ 85.3350875, 27.7269362 ], [ 85.3350654, 27.7268592 ] ] } },
{ "type": "Feature", "properties": { "full_id": "w1416885196", "osm_id": "1416885196", "osm_type": "way", "waterway": "river", "direction": null, "boundary": null, "admin_level": null, "wikipedia": null, "wikidata": null, "name:pl": null, "intermittent": null, "description": null, "name:new": null, "level": "-1", "covered": null, "tunnel": null, "layer": null, "ship": null, "motorboat": null, "width": null, "name:hi": null, "name:en": null, "name:ne": null, "alt_name": null, "tidal": null, "name": "Icchumati", "boat": null }, "geometry": { "type": "LineString", "coordinates": [ [ 85.3354132, 27.7287277 ], [ 85.3353978, 27.7286059 ], [ 85.3353812, 27.728502 ], [ 85.335359, 27.7284326 ], [ 85.3353314, 27.7283257 ], [ 85.3352457, 27.7281074 ], [ 85.3352523, 27.7279595 ], [ 85.3352125, 27.7278019 ], [ 85.3351712, 27.7277304 ], [ 85.3351112, 27.7276644 ], [ 85.3350781, 27.727626 ], [ 85.3351126, 27.7273661 ], [ 85.3351082, 27.7273297 ], [ 85.3350621, 27.7272074 ], [ 85.3350583, 27.7270292 ] ] } },
{ "type": "Feature", "properties": { "full_id": "w1416885197", "osm_id": "1416885197", "osm_type": "way", "waterway": "river", "direction": null, "boundary": null, "admin_level": null, "wikipedia": null, "wikidata": null, "name:pl": null, "intermittent": null, "description": null, "name:new": null, "level": "-1", "covered": null, "tunnel": "culvert", "layer": "-1", "ship": null, "motorboat": null, "width": null, "name:hi": null, "name:en": null, "name:ne": null, "alt_name": null, "tidal": null, "name": "Icchumati", "boat": null }, "geometry": { "type": "LineString", "coordinates": [ [ 85.3354954, 27.7287411 ], [ 85.3354132, 27.7287277 ] ] } },
{ "type": "Feature", "properties": { "full_id": "w1416885198", "osm_id": "1416885198", "osm_type": "way", "waterway": "river", "direction": null, "boundary": null, "admin_level": null, "wikipedia": null, "wikidata": null, "name:pl": null, "intermittent": null, "description": null, "name:new": null, "level": "-1", "covered": null, "tunnel": null, "layer": null, "ship": null, "motorboat": null, "width": null, "name:hi": null, "name:en": null, "name:ne": null, "alt_name": null, "tidal": null, "name": "Icchumati", "boat": null }, "geometry": { "type": "LineString", "coordinates": [ [ 85.3355217, 27.7287453 ], [ 85.3354954, 27.7287411 ] ] } },
{ "type": "Feature", "properties": { "full_id": "w1416885199", "osm_id": "1416885199", "osm_type": "way", "waterway": "river", "direction": null, "boundary": null, "admin_level": null, "wikipedia": null, "wikidata": null, "name:pl": null, "intermittent": null, "description": null, "name:new": null, "level": "-1", "covered": null, "tunnel": null, "layer": null, "ship": null, "motorboat": null, "width": null, "name:hi": null, "name:en": null, "name:ne": null, "alt_name": null, "tidal": null, "name": "Icchumati", "boat": null }, "geometry": { "type": "LineString", "coordinates": [ [ 85.3360614, 27.7285811 ], [ 85.3357142, 27.7287156 ], [ 85.3355217, 27.7287453 ] ] } },
{ "type": "Feature", "properties": { "full_id": "w1416885200", "osm_id": "1416885200", "osm_type": "way", "waterway": "river", "direction": null, "boundary": null, "admin_level": null, "wikipedia": null, "wikidata": null, "name:pl": null, "intermittent": null, "description": null, "name:new": null, "level": "-1", "covered": null, "tunnel": null, "layer": null, "ship": null, "motorboat": null, "width": null, "name:hi": null, "name:en": null, "name:ne": null, "alt_name": null, "tidal": null, "name": "Icchumati", "boat": null }, "geometry": { "type": "LineString", "coordinates": [ [ 85.3361237, 27.7292724 ], [ 85.3361306, 27.7291147 ], [ 85.3361492, 27.7288937 ], [ 85.3360796, 27.7286458 ] ] } },
{ "type": "Feature", "properties": { "full_id": "w1416885201", "osm_id": "1416885201", "osm_type": "way", "waterway": "river", "direction": null, "boundary": null, "admin_level": null, "wikipedia": null, "wikidata": null, "name:pl": null, "intermittent": null, "description": null, "name:new": null, "level": "-1", "covered": null, "tunnel": "culvert", "layer": "-1", "ship": null, "motorboat": null, "width": null, "name:hi": null, "name:en": null, "name:ne": null, "alt_name": null, "tidal": null, "name": "Icchumati", "boat": null }, "geometry": { "type": "LineString", "coordinates": [ [ 85.3360796, 27.7286458 ], [ 85.3360614, 27.7285811 ] ] } },
{ "type": "Feature", "properties": { "full_id": "w1425820139", "osm_id": "1425820139", "osm_type": "way", "waterway": "river", "direction": null, "boundary": null, "admin_level": null, "wikipedia": null, "wikidata": null, "name:pl": null, "intermittent": null, "description": null, "name:new": null, "level": null, "covered": null, "tunnel": null, "layer": null, "ship": null, "motorboat": null, "width": null, "name:hi": null, "name:en": null, "name:ne": null, "alt_name": null, "tidal": null, "name": "Rudramati river", "boat": null }, "geometry": { "type": "LineString", "coordinates": [ [ 85.3247917, 27.6875052 ], [ 85.324515, 27.686996 ], [ 85.3243655, 27.6867654 ], [ 85.3242685, 27.6866599 ] ] } }
]
}
