{
"type": "FeatureCollection",
"name": "trunk",
"crs": { "type": "name", "properties": { "name": "urn:ogc:def:crs:OGC:1.3:CRS84" } },
"features": [
{ "type": "Feature", "properties": { "id": "way/1284332016", "name": "Tribhuvan Rajpath", "name_en": null, "name_ne": null, "highway": "trunk", "surface": "paved", "smoothness": null, "width": "22", "lanes": "2", "oneway": "yes", "bridge": null, "layer": null, "source": null, "adm0_pcode": "NPL", "adm0_name": "Nepal", "adm1_pcode": "NP03", "adm1_name": "Bagmati", "adm2_pcode": "NP0327", "adm2_name": "Kathmandu", "adm3_pcode": "NP0327308", "adm3_name": "Chandragiri", "adm4_pcode": null, "adm4_name": null, "name_latin": "Tribhuvan Rajpath" }, "geometry": { "type": "MultiLineString", "coordinates": [ [ [ 85.2743322, 27.6906799 ], [ 85.2741447, 27.6905646 ], [ 85.2739814, 27.690495 ], [ 85.2736804, 27.6903539 ], [ 85.2732656, 27.6901747 ], [ 85.2724993, 27.6898447 ], [ 85.2722175, 27.6897578 ] ] ] } },
{ "type": "Feature", "properties": { "id": "way/1080177873", "name": "Araniko Highway", "name_en": null, "name_ne": null, "highway": "trunk", "surface": "asphalt", "smoothness": null, "width": "9", "lanes": "2", "oneway": "yes", "bridge": null, "layer": null, "source": null, "adm0_pcode": "NPL", "adm0_name": "Nepal", "adm1_pcode": "NP03", "adm1_name": "Bagmati", "adm2_pcode": "NP0326", "adm2_name": "Bhaktapur", "adm3_pcode": "NP0326301", "adm3_name": "Madhyapur Thimi", "adm4_pcode": null, "adm4_name": null, "name_latin": "Araniko Highway" }, "geometry": { "type": "MultiLineString", "coordinates": [ [ [ 85.3648911, 27.6745352 ], [ 85.3649561, 27.6745314 ], [ 85.3657388, 27.6744854 ], [ 85.3674189, 27.6743734 ], [ 85.3681216, 27.6743305 ], [ 85.3693351, 27.6742717 ], [ 85.3723174, 27.6740796 ], [ 85.3729302, 27.6740401 ] ] ] } },
{ "type": "Feature", "properties": { "id": "way/1284332017", "name": "Tribhuvan Rajpath", "name_en": null, "name_ne": null, "highway": "trunk", "surface": "paved", "smoothness": null, "width": "22", "lanes": "2", "oneway": "yes", "bridge": null, "layer": null, "source": null, "adm0_pcode": "NPL", "adm0_name": "Nepal", "adm1_pcode": "NP03", "adm1_name": "Bagmati", "adm2_pcode": "NP0327", "adm2_name": "Kathmandu", "adm3_pcode": "NP0327308", "adm3_name": "Chandragiri", "adm4_pcode": null, "adm4_name": null, "name_latin": "Tribhuvan Rajpath" }, "geometry": { "type": "MultiLineString", "coordinates": [ [ [ 85.2722175, 27.6897578 ], [ 85.272451, 27.6898791 ], [ 85.2732288, 27.6902304 ], [ 85.2736425, 27.6904172 ], [ 85.2739588, 27.6905545 ], [ 85.2741221, 27.690615 ], [ 85.2743322, 27.6906799 ] ] ] } },
{ "type": "Feature", "properties": { "id": "way/231880680", "name": "मदन भण्डारी पथ", "name_en": "Madan Bhandari Path", "name_ne": "मदन भण्डारी पथ", "highway": "trunk", "surface": "asphalt", "smoothness": null, "width": "7", "lanes": "2", "oneway": "yes", "bridge": null, "layer": null, "source": null, "adm0_pcode": "NPL", "adm0_name": "Nepal", "adm1_pcode": "NP03", "adm1_name": "Bagmati", "adm2_pcode": "NP0327", "adm2_name": "Kathmandu", "adm3_pcode": "NP0327101", "adm3_name": "Kathmandu", "adm4_pcode": null, "adm4_name": null, "name_latin": "Madan Bhandari Path" }, "geometry": { "type": "MultiLineString", "coordinates": [ [ [ 85.3347153, 27.6884696 ], [ 85.3352997, 27.6883436 ], [ 85.3355777, 27.6882866 ] ] ] } },
{ "type": "Feature", "properties": { "id": "way/1090820453", "name": "Kathmandu Ringroad", "name_en": null, "name_ne": "काठमाडाैँ चक्रपथ", "highway": "trunk", "surface": "paved", "smoothness": null, "width": "6", "lanes": "4", "oneway": "yes", "bridge": null, "layer": null, "source": null, "adm0_pcode": "NPL", "adm0_name": "Nepal", "adm1_pcode": "NP03", "adm1_name": "Bagmati", "adm2_pcode": "NP0327", "adm2_name": "Kathmandu", "adm3_pcode": "NP0327305", "adm3_name": "Nagarjun", "adm4_pcode": null, "adm4_name": null, "name_latin": "Kathmandu Ringroad" }, "geometry": { "type": "MultiLineString", "coordinates": [ [ [ 85.2815712, 27.6942387 ], [ 85.281525, 27.6950889 ], [ 85.2815021, 27.6956643 ], [ 85.2815018, 27.6959645 ], [ 85.281482, 27.6962737 ], [ 85.2814201, 27.6969243 ] ] ] } },
{ "type": "Feature", "properties": { "id": "way/1090820456", "name": "Kathmandu Ringroad", "name_en": null, "name_ne": "काठमाडाैँ चक्रपथ", "highway": "trunk", "surface": "paved", "smoothness": null, "width": "7", "lanes": "2", "oneway": "yes", "bridge": null, "layer": null, "source": null, "adm0_pcode": "NPL", "adm0_name": "Nepal", "adm1_pcode": "NP03", "adm1_name": "Bagmati", "adm2_pcode": "NP0327", "adm2_name": "Kathmandu", "adm3_pcode": "NP0327101", "adm3_name": "Kathmandu", "adm4_pcode": null, "adm4_name": null, "name_latin": "Kathmandu Ringroad" }, "geometry": { "type": "MultiLineString", "coordinates": [ [ [ 85.2833986, 27.6904114 ], [ 85.2836085, 27.6901045 ] ] ] } },
{ "type": "Feature", "properties": { "id": "way/232096883", "name": "Araniko Highway", "name_en": null, "name_ne": null, "highway": "trunk", "surface": "asphalt", "smoothness": null, "width": "9", "lanes": "2", "oneway": "yes", "bridge": null, "layer": null, "source": null, "adm0_pcode": "NPL", "adm0_name": "Nepal", "adm1_pcode": "NP03", "adm1_name": "Bagmati", "adm2_pcode": "NP0326", "adm2_name": "Bhaktapur", "adm3_pcode": "NP0326301", "adm3_name": "Madhyapur Thimi", "adm4_pcode": null, "adm4_name": null, "name_latin": "Araniko Highway" }, "geometry": { "type": "MultiLineString", "coordinates": [ [ [ 85.372916, 27.6739505 ], [ 85.3723146, 27.6739863 ], [ 85.3695148, 27.6741529 ], [ 85.3661427, 27.6743446 ], [ 85.3658844, 27.6743608 ], [ 85.3649527, 27.6744172 ], [ 85.3648854, 27.6744213 ] ] ] } },
{ "type": "Feature", "properties": { "id": "way/1080178803", "name": "Kathmandu Ringroad", "name_en": null, "name_ne": "काठमाडाैँ चक्रपथ", "highway": "trunk", "surface": "paved", "smoothness": null, "width": "14", "lanes": "4", "oneway": "no", "bridge": null, "layer": null, "source": null, "adm0_pcode": "NPL", "adm0_name": "Nepal", "adm1_pcode": "NP03", "adm1_name": "Bagmati", "adm2_pcode": "NP0327", "adm2_name": "Kathmandu", "adm3_pcode": "NP0327101", "adm3_name": "Kathmandu", "adm4_pcode": null, "adm4_name": null, "name_latin": "Kathmandu Ringroad" }, "geometry": { "type": "MultiLineString", "coordinates": [ [ [ 85.3461889, 27.7160314 ], [ 85.3461215, 27.7158292 ], [ 85.3460534, 27.7156423 ], [ 85.3459892, 27.7154813 ], [ 85.3457683, 27.714862 ], [ 85.3457598, 27.7148331 ], [ 85.3456637, 27.7144179 ], [ 85.3455356, 27.7136714 ], [ 85.345508, 27.7135027 ], [ 85.3454648, 27.7132537 ], [ 85.3454588, 27.7132392 ], [ 85.345414, 27.7130685 ], [ 85.3453979, 27.7130244 ], [ 85.345374, 27.7129639 ], [ 85.345235, 27.7126376 ], [ 85.3449555, 27.7119696 ] ] ] } },
{ "type": "Feature", "properties": { "id": "way/648697035", "name": "Kathmandu Ringroad", "name_en": null, "name_ne": "काठमाडाैँ चक्रपथ", "highway": "trunk", "surface": null, "smoothness": null, "width": "7", "lanes": "2", "oneway": "yes", "bridge": null, "layer": null, "source": null, "adm0_pcode": "NPL", "adm0_name": "Nepal", "adm1_pcode": "NP03", "adm1_name": "Bagmati", "adm2_pcode": "NP0326", "adm2_name": "Bhaktapur", "adm3_pcode": "NP0326301", "adm3_name": "Madhyapur Thimi", "adm4_pcode": null, "adm4_name": null, "name_latin": "Kathmandu Ringroad" }, "geometry": { "type": "MultiLineString", "coordinates": [ [ [ 85.3425293, 27.6738259 ], [ 85.3427021, 27.6739914 ], [ 85.3429636, 27.6742645 ], [ 85.3431407, 27.6744403 ], [ 85.3433633, 27.6746636 ], [ 85.3435725, 27.6748618 ], [ 85.3438234, 27.6750782 ], [ 85.3440701, 27.6752823 ], [ 85.3443504, 27.6754926 ], [ 85.3445585, 27.6756254 ], [ 85.3447324, 27.6757414 ], [ 85.3450379, 27.6759462 ], [ 85.3454978, 27.6762445 ], [ 85.345783, 27.6764303 ], [ 85.3466325, 27.6769834 ], [ 85.3469952, 27.6772314 ], [ 85.3475249, 27.6775863 ], [ 85.3478593, 27.6778086 ], [ 85.3484375, 27.6781829 ], [ 85.3488209, 27.6784265 ], [ 85.3490961, 27.6786202 ], [ 85.349197, 27.678698 ], [ 85.349252, 27.6787672 ] ] ] } },
{ "type": "Feature", "properties": { "id": "way/231786206", "name": "Kathmandu Ringroad", "name_en": null, "name_ne": "काठमाडाैँ चक्रपथ", "highway": "trunk", "surface": "paved", "smoothness": null, "width": "6", "lanes": "2", "oneway": "yes", "bridge": null, "layer": null, "source": null, "adm0_pcode": "NPL", "adm0_name": "Nepal", "adm1_pcode": "NP03", "adm1_name": "Bagmati", "adm2_pcode": "NP0325", "adm2_name": "Lalitpur", "adm3_pcode": "NP0325101", "adm3_name": "Lalitpur", "adm4_pcode": null, "adm4_name": null, "name_latin": "Kathmandu Ringroad" }, "geometry": { "type": "MultiLineString", "coordinates": [ [ [ 85.3296338, 27.6635076 ], [ 85.3294295, 27.6632582 ], [ 85.3279639, 27.6614791 ], [ 85.3274439, 27.6608528 ], [ 85.3271587, 27.6605046 ], [ 85.3270824, 27.6604145 ], [ 85.3270008, 27.6603213 ], [ 85.3269141, 27.660226 ], [ 85.3268223, 27.6601292 ], [ 85.3267255, 27.6600316 ], [ 85.3266239, 27.659934 ], [ 85.3265173, 27.6598372 ], [ 85.326406, 27.6597418 ], [ 85.32629, 27.6596487 ], [ 85.3261694, 27.6595585 ], [ 85.3260443, 27.6594721 ], [ 85.3259182, 27.65939 ], [ 85.3256782, 27.6592403 ], [ 85.3255671, 27.6591737 ], [ 85.3253697, 27.6590593 ], [ 85.3252148, 27.658973 ], [ 85.3250773, 27.6588996 ], [ 85.3248303, 27.6587552 ], [ 85.32474, 27.6587024 ] ] ] } },
{ "type": "Feature", "properties": { "id": "way/190532597", "name": "Kathmandu Ringroad", "name_en": null, "name_ne": "काठमाडाैँ चक्रपथ", "highway": "trunk", "surface": "paved", "smoothness": null, "width": "14", "lanes": "4", "oneway": "no", "bridge": "yes", "layer": "1", "source": null, "adm0_pcode": "NPL", "adm0_name": "Nepal", "adm1_pcode": "NP03", "adm1_name": "Bagmati", "adm2_pcode": "NP0327", "adm2_name": "Kathmandu", "adm3_pcode": "NP0327101", "adm3_name": "Kathmandu", "adm4_pcode": null, "adm4_name": null, "name_latin": "Kathmandu Ringroad" }, "geometry": { "type": "MultiLineString", "coordinates": [ [ [ 85.3488756, 27.7060097 ], [ 85.3493909, 27.7060924 ] ] ] } },
{ "type": "Feature", "properties": { "id": "way/1178281084", "name": "Kathmandu Ringroad", "name_en": null, "name_ne": "काठमाडाैँ चक्रपथ", "highway": "trunk", "surface": "paved", "smoothness": null, "width": "9", "lanes": "4", "oneway": null, "bridge": null, "layer": null, "source": null, "adm0_pcode": "NPL", "adm0_name": "Nepal", "adm1_pcode": "NP03", "adm1_name": "Bagmati", "adm2_pcode": "NP0327", "adm2_name": "Kathmandu", "adm3_pcode": "NP0327101", "adm3_name": "Kathmandu", "adm4_pcode": null, "adm4_name": null, "name_latin": "Kathmandu Ringroad" }, "geometry": { "type": "MultiLineString", "coordinates": [ [ [ 85.3490582, 27.6835176 ], [ 85.349122, 27.6836967 ] ] ] } },
{ "type": "Feature", "properties": { "id": "way/591357319", "name": "Kathmandu Ringroad", "name_en": null, "name_ne": "काठमाडाैँ चक्रपथ", "highway": "trunk", "surface": "asphalt", "smoothness": null, "width": "9", "lanes": "2", "oneway": "yes", "bridge": null, "layer": null, "source": null, "adm0_pcode": "NPL", "adm0_name": "Nepal", "adm1_pcode": "NP03", "adm1_name": "Bagmati", "adm2_pcode": "NP0327", "adm2_name": "Kathmandu", "adm3_pcode": "NP0327101", "adm3_name": "Kathmandu", "adm4_pcode": null, "adm4_name": null, "name_latin": "Kathmandu Ringroad" }, "geometry": { "type": "MultiLineString", "coordinates": [ [ [ 85.3493306, 27.6826266 ], [ 85.3493143, 27.682709 ], [ 85.3492838, 27.6828628 ], [ 85.3491982, 27.683178 ], [ 85.34913, 27.6833559 ], [ 85.3490582, 27.6835176 ] ] ] } },
{ "type": "Feature", "properties": { "id": "way/231882049", "name": "Araniko Highway", "name_en": null, "name_ne": null, "highway": "trunk", "surface": "asphalt", "smoothness": null, "width": "12", "lanes": "4", "oneway": "yes", "bridge": null, "layer": null, "source": null, "adm0_pcode": "NPL", "adm0_name": "Nepal", "adm1_pcode": "NP03", "adm1_name": "Bagmati", "adm2_pcode": "NP0326", "adm2_name": "Bhaktapur", "adm3_pcode": "NP0326301", "adm3_name": "Madhyapur Thimi", "adm4_pcode": null, "adm4_name": null, "name_latin": "Araniko Highway" }, "geometry": { "type": "MultiLineString", "coordinates": [ [ [ 85.3515189, 27.6754323 ], [ 85.3518052, 27.6753581 ], [ 85.3518943, 27.6753431 ], [ 85.3519727, 27.675331 ], [ 85.3521342, 27.6753173 ], [ 85.3522467, 27.6753087 ], [ 85.3526523, 27.6752965 ] ] ] } },
{ "type": "Feature", "properties": { "id": "way/653848630", "name": "Kathmandu Ringroad", "name_en": null, "name_ne": "काठमाडाैँ चक्रपथ", "highway": "trunk", "surface": "paved", "smoothness": null, "width": "7", "lanes": "2", "oneway": "yes", "bridge": null, "layer": null, "source": null, "adm0_pcode": "NPL", "adm0_name": "Nepal", "adm1_pcode": "NP03", "adm1_name": "Bagmati", "adm2_pcode": "NP0327", "adm2_name": "Kathmandu", "adm3_pcode": "NP0327101", "adm3_name": "Kathmandu", "adm4_pcode": null, "adm4_name": null, "name_latin": "Kathmandu Ringroad" }, "geometry": { "type": "MultiLineString", "coordinates": [ [ [ 85.2835509, 27.6900667 ], [ 85.2831134, 27.6906907 ], [ 85.282767, 27.69119 ], [ 85.2823484, 27.6918159 ], [ 85.2819266, 27.6924354 ], [ 85.2818125, 27.6926629 ] ] ] } },
{ "type": "Feature", "properties": { "id": "way/1090820449", "name": "Kathmandu Ringroad", "name_en": null, "name_ne": "काठमाडाैँ चक्रपथ", "highway": "trunk", "surface": "paved", "smoothness": null, "width": "7", "lanes": "4", "oneway": "yes", "bridge": null, "layer": null, "source": null, "adm0_pcode": "NPL", "adm0_name": "Nepal", "adm1_pcode": "NP03", "adm1_name": "Bagmati", "adm2_pcode": "NP0327", "adm2_name": "Kathmandu", "adm3_pcode": "NP0327101", "adm3_name": "Kathmandu", "adm4_pcode": null, "adm4_name": null, "name_latin": "Kathmandu Ringroad" }, "geometry": { "type": "MultiLineString", "coordinates": [ [ [ 85.2818889, 27.6926826 ], [ 85.2819878, 27.6924748 ], [ 85.2820654, 27.6923396 ], [ 85.2823833, 27.6918824 ], [ 85.2826331, 27.6915124 ], [ 85.2828392, 27.6912198 ], [ 85.2831809, 27.6907271 ], [ 85.2833986, 27.6904114 ] ] ] } },
{ "type": "Feature", "properties": { "id": "way/229077494", "name": "Kathmandu Ringroad", "name_en": null, "name_ne": "काठमाडाैँ चक्रपथ", "highway": "trunk", "surface": "paved", "smoothness": null, "width": "14", "lanes": "4", "oneway": "no", "bridge": null, "layer": null, "source": null, "adm0_pcode": "NPL", "adm0_name": "Nepal", "adm1_pcode": "NP03", "adm1_name": "Bagmati", "adm2_pcode": "NP0327", "adm2_name": "Kathmandu", "adm3_pcode": "NP0327101", "adm3_name": "Kathmandu", "adm4_pcode": null, "adm4_name": null, "name_latin": "Kathmandu Ringroad" }, "geometry": { "type": "MultiLineString", "coordinates": [ [ [ 85.3208687, 27.7356015 ], [ 85.3210481, 27.7356683 ], [ 85.3213334, 27.7357991 ], [ 85.3213912, 27.7358334 ], [ 85.3216499, 27.7359743 ], [ 85.3217345, 27.7360244 ], [ 85.3220413, 27.7362104 ], [ 85.322218, 27.7363172 ], [ 85.3227572, 27.7366284 ], [ 85.322958, 27.7367505 ], [ 85.3233865, 27.737006 ], [ 85.323474, 27.737062 ], [ 85.3249332, 27.7379498 ], [ 85.3250673, 27.7380304 ], [ 85.3251905, 27.7381061 ], [ 85.3256265, 27.7383691 ], [ 85.325942, 27.7385722 ], [ 85.3265708, 27.7389463 ], [ 85.3271293, 27.7392787 ], [ 85.3278602, 27.7397166 ], [ 85.3279036, 27.7397426 ], [ 85.3281297, 27.7398844 ], [ 85.3288214, 27.740318 ], [ 85.3293125, 27.7406148 ] ] ] } },
{ "type": "Feature", "properties": { "id": "way/232434588", "name": "Araniko Highway", "name_en": null, "name_ne": null, "highway": "trunk", "surface": "asphalt", "smoothness": null, "width": "10", "lanes": "2", "oneway": "yes", "bridge": null, "layer": null, "source": null, "adm0_pcode": "NPL", "adm0_name": "Nepal", "adm1_pcode": "NP03", "adm1_name": "Bagmati", "adm2_pcode": "NP0326", "adm2_name": "Bhaktapur", "adm3_pcode": "NP0326303", "adm3_name": "Bhaktapur", "adm4_pcode": null, "adm4_name": null, "name_latin": "Araniko Highway" }, "geometry": { "type": "MultiLineString", "coordinates": [ [ [ 85.4170094, 27.667127 ], [ 85.4173574, 27.66696 ], [ 85.4175548, 27.6668563 ], [ 85.4177712, 27.6667606 ], [ 85.4179843, 27.666681 ], [ 85.4181886, 27.6666127 ], [ 85.4184294, 27.6665354 ], [ 85.4186787, 27.6664662 ], [ 85.4189472, 27.666407 ], [ 85.4192067, 27.6663652 ], [ 85.4194524, 27.666324 ], [ 85.4199849, 27.6662536 ], [ 85.4201378, 27.6662336 ], [ 85.4205355, 27.6661876 ], [ 85.4210508, 27.6661254 ] ] ] } },
{ "type": "Feature", "properties": { "id": "way/232099516", "name": "Araniko Highway", "name_en": null, "name_ne": null, "highway": "trunk", "surface": "asphalt", "smoothness": null, "width": "10", "lanes": "2", "oneway": "yes", "bridge": null, "layer": null, "source": null, "adm0_pcode": "NPL", "adm0_name": "Nepal", "adm1_pcode": "NP03", "adm1_name": "Bagmati", "adm2_pcode": "NP0326", "adm2_name": "Bhaktapur", "adm3_pcode": "NP0326303", "adm3_name": "Bhaktapur", "adm4_pcode": null, "adm4_name": null, "name_latin": "Araniko Highway" }, "geometry": { "type": "MultiLineString", "coordinates": [ [ [ 85.4210718, 27.6660141 ], [ 85.4205763, 27.6660839 ], [ 85.420124, 27.6661513 ], [ 85.419969, 27.6661686 ], [ 85.4193648, 27.6662361 ], [ 85.4188855, 27.6663164 ], [ 85.4185805, 27.6663832 ], [ 85.4182663, 27.6664728 ], [ 85.4180159, 27.6665579 ], [ 85.4177156, 27.6666722 ], [ 85.4172444, 27.6668729 ], [ 85.4171861, 27.6669011 ], [ 85.4169053, 27.6670368 ] ] ] } },
{ "type": "Feature", "properties": { "id": "way/226834863", "name": "Araniko Highway", "name_en": null, "name_ne": "अरनिको राजमार्ग", "highway": "trunk", "surface": "asphalt", "smoothness": null, "width": "9", "lanes": "2", "oneway": "yes", "bridge": null, "layer": null, "source": null, "adm0_pcode": "NPL", "adm0_name": "Nepal", "adm1_pcode": "NP03", "adm1_name": "Bagmati", "adm2_pcode": "NP0326", "adm2_name": "Bhaktapur", "adm3_pcode": "NP0326301", "adm3_name": "Madhyapur Thimi", "adm4_pcode": null, "adm4_name": null, "name_latin": "Araniko Highway" }, "geometry": { "type": "MultiLineString", "coordinates": [ [ [ 85.3527968, 27.675189 ], [ 85.3522039, 27.6751991 ], [ 85.3519423, 27.6752228 ], [ 85.3517121, 27.6752683 ], [ 85.3515092, 27.6753224 ], [ 85.3513687, 27.6753642 ], [ 85.3512069, 27.6754263 ], [ 85.3510521, 27.67549 ], [ 85.3508668, 27.6755827 ], [ 85.3506019, 27.6757501 ], [ 85.3504628, 27.6758611 ], [ 85.3503276, 27.6759816 ], [ 85.3501936, 27.676108 ], [ 85.3500825, 27.6762312 ], [ 85.349989, 27.6763522 ], [ 85.3498826, 27.6765157 ], [ 85.3497843, 27.6766872 ], [ 85.3497251, 27.6768144 ], [ 85.349672, 27.6769654 ], [ 85.3496288, 27.677093 ], [ 85.3495895, 27.6772396 ], [ 85.3495675, 27.6773978 ], [ 85.3495562, 27.6775727 ], [ 85.3495461, 27.6779688 ], [ 85.349545, 27.6780113 ], [ 85.3495322, 27.6786036 ], [ 85.3495325, 27.6787883 ] ] ] } },
{ "type": "Feature", "properties": { "id": "way/229075032", "name": "Tribhuvan Rajpath", "name_en": null, "name_ne": null, "highway": "trunk", "surface": "paved", "smoothness": null, "width": "22", "lanes": "2", "oneway": "no", "bridge": null, "layer": null, "source": null, "adm0_pcode": "NPL", "adm0_name": "Nepal", "adm1_pcode": "NP03", "adm1_name": "Bagmati", "adm2_pcode": "NP0327", "adm2_name": "Kathmandu", "adm3_pcode": "NP0327308", "adm3_name": "Chandragiri", "adm4_pcode": null, "adm4_name": null, "name_latin": "Tribhuvan Rajpath" }, "geometry": { "type": "MultiLineString", "coordinates": [ [ [ 85.2624191, 27.6861279 ], [ 85.2625993, 27.6861882 ], [ 85.2630333, 27.6863862 ], [ 85.2636279, 27.6866576 ], [ 85.2641351, 27.6868891 ], [ 85.264343, 27.6869677 ], [ 85.2645255, 27.6870384 ], [ 85.2647171, 27.6870881 ], [ 85.2647986, 27.6871044 ], [ 85.2649504, 27.6871354 ], [ 85.2650456, 27.6871549 ], [ 85.2658072, 27.6872131 ], [ 85.2663445, 27.6872381 ], [ 85.2666964, 27.6872423 ], [ 85.2676031, 27.6872395 ], [ 85.2682257, 27.6872638 ], [ 85.2683722, 27.6872789 ], [ 85.268576, 27.6873257 ], [ 85.2687669, 27.6873754 ], [ 85.2689594, 27.6874361 ], [ 85.2691908, 27.6875345 ], [ 85.2692725, 27.6875769 ], [ 85.2694488, 27.6876782 ], [ 85.2696841, 27.6878327 ], [ 85.2699702, 27.6880429 ], [ 85.2703988, 27.6884515 ], [ 85.2704823, 27.6885339 ], [ 85.2710979, 27.6890549 ], [ 85.2713277, 27.6892395 ], [ 85.271537, 27.6894016 ], [ 85.2716734, 27.6894873 ], [ 85.2719266, 27.689631 ], [ 85.2722175, 27.6897578 ] ] ] } },
{ "type": "Feature", "properties": { "id": "way/1132407062", "name": "Araniko Highway", "name_en": null, "name_ne": "अरनिको राजमार्ग", "highway": "trunk", "surface": "asphalt", "smoothness": null, "width": "9", "lanes": "2", "oneway": "yes", "bridge": null, "layer": null, "source": null, "adm0_pcode": "NPL", "adm0_name": "Nepal", "adm1_pcode": "NP03", "adm1_name": "Bagmati", "adm2_pcode": "NP0326", "adm2_name": "Bhaktapur", "adm3_pcode": "NP0326301", "adm3_name": "Madhyapur Thimi", "adm4_pcode": null, "adm4_name": null, "name_latin": "Araniko Highway" }, "geometry": { "type": "MultiLineString", "coordinates": [ [ [ 85.3496994, 27.6784728 ], [ 85.3496969, 27.6783242 ], [ 85.3496866, 27.6776574 ], [ 85.349698, 27.6775075 ], [ 85.3497176, 27.6773536 ], [ 85.3497472, 27.6771968 ], [ 85.3497882, 27.677038 ], [ 85.3498422, 27.6768785 ], [ 85.3499107, 27.6767193 ], [ 85.3499954, 27.6765614 ], [ 85.3500978, 27.6764059 ], [ 85.3502194, 27.6762539 ], [ 85.3502658, 27.676205 ], [ 85.3503552, 27.6761169 ], [ 85.3503986, 27.676077 ], [ 85.3504841, 27.6760033 ], [ 85.3505689, 27.6759352 ], [ 85.3507434, 27.6758026 ], [ 85.3507911, 27.6757683 ], [ 85.3508433, 27.675734 ], [ 85.3508996, 27.6756998 ], [ 85.3509596, 27.6756659 ], [ 85.3510547, 27.6756162 ], [ 85.3511571, 27.6755684 ], [ 85.3512274, 27.6755379 ], [ 85.3512991, 27.6755089 ], [ 85.3513719, 27.6754815 ], [ 85.3514453, 27.6754559 ], [ 85.3515189, 27.6754323 ] ] ] } },
{ "type": "Feature", "properties": { "id": "way/184872594", "name": "Kathmandu Ringroad", "name_en": null, "name_ne": "काठमाडाैँ चक्रपथ", "highway": "trunk", "surface": "paved", "smoothness": null, "width": "16", "lanes": "4", "oneway": "no", "bridge": null, "layer": null, "source": null, "adm0_pcode": "NPL", "adm0_name": "Nepal", "adm1_pcode": "NP03", "adm1_name": "Bagmati", "adm2_pcode": "NP0327", "adm2_name": "Kathmandu", "adm3_pcode": "NP0327305", "adm3_name": "Nagarjun", "adm4_pcode": null, "adm4_name": null, "name_latin": "Kathmandu Ringroad" }, "geometry": { "type": "MultiLineString", "coordinates": [ [ [ 85.2816047, 27.6996695 ], [ 85.2816073, 27.6996955 ], [ 85.2816681, 27.7002957 ], [ 85.28168, 27.7003815 ], [ 85.2817152, 27.7006424 ], [ 85.2818236, 27.7015833 ], [ 85.2818675, 27.7021342 ], [ 85.281941, 27.7026513 ], [ 85.2820065, 27.7031909 ], [ 85.2820158, 27.7032622 ], [ 85.2820579, 27.7035831 ], [ 85.2820877, 27.7037978 ], [ 85.2821641, 27.704347 ], [ 85.2821725, 27.7044231 ], [ 85.2822673, 27.7054597 ], [ 85.2823994, 27.7065042 ], [ 85.2824436, 27.7068745 ], [ 85.282467, 27.7071842 ], [ 85.2824928, 27.7074532 ] ] ] } },
{ "type": "Feature", "properties": { "id": "way/231202417", "name": "Kathmandu Ringroad", "name_en": null, "name_ne": "काठमाडाैँ चक्रपथ", "highway": "trunk", "surface": "paved", "smoothness": null, "width": "14", "lanes": "4", "oneway": "no", "bridge": null, "layer": null, "source": null, "adm0_pcode": "NPL", "adm0_name": "Nepal", "adm1_pcode": "NP03", "adm1_name": "Bagmati", "adm2_pcode": "NP0327", "adm2_name": "Kathmandu", "adm3_pcode": "NP0327305", "adm3_name": "Nagarjun", "adm4_pcode": null, "adm4_name": null, "name_latin": "Kathmandu Ringroad" }, "geometry": { "type": "MultiLineString", "coordinates": [ [ [ 85.2835417, 27.716017 ], [ 85.2835844, 27.7163584 ], [ 85.2836073, 27.7165157 ], [ 85.283656, 27.7168926 ], [ 85.2836949, 27.7171881 ], [ 85.2837083, 27.7173156 ], [ 85.283727, 27.7174509 ], [ 85.2837551, 27.7175941 ], [ 85.283777, 27.7176872 ], [ 85.2838078, 27.7177859 ], [ 85.2838613, 27.7179166 ], [ 85.2839397, 27.718036 ], [ 85.2839851, 27.7180901 ], [ 85.2840431, 27.7181506 ], [ 85.2841113, 27.7182125 ], [ 85.2841598, 27.7182545 ], [ 85.2842579, 27.718325 ], [ 85.2843769, 27.7184005 ], [ 85.2844693, 27.7184463 ], [ 85.2846575, 27.7185378 ], [ 85.2852151, 27.7188009 ], [ 85.2854618, 27.7189174 ], [ 85.2856774, 27.7190191 ], [ 85.2864681, 27.719407 ], [ 85.2867776, 27.7195656 ], [ 85.2868963, 27.7196267 ], [ 85.2871035, 27.7197207 ] ] ] } },
{ "type": "Feature", "properties": { "id": "way/233704514", "name": "Araniko Highway", "name_en": null, "name_ne": null, "highway": "trunk", "surface": "asphalt", "smoothness": null, "width": "8", "lanes": null, "oneway": "no", "bridge": null, "layer": null, "source": null, "adm0_pcode": "NPL", "adm0_name": "Nepal", "adm1_pcode": "NP03", "adm1_name": "Bagmati", "adm2_pcode": "NP0326", "adm2_name": "Bhaktapur", "adm3_pcode": "NP0326304", "adm3_name": "Suryabinayak", "adm4_pcode": null, "adm4_name": null, "name_latin": "Araniko Highway" }, "geometry": { "type": "MultiLineString", "coordinates": [ [ [ 85.4657979, 27.6463495 ], [ 85.4658274, 27.6462355 ], [ 85.4658113, 27.6460835 ], [ 85.4657081, 27.6457651 ], [ 85.4656263, 27.6455132 ], [ 85.4652841, 27.6444667 ], [ 85.4652455, 27.6443165 ], [ 85.4652459, 27.6441842 ], [ 85.4653002, 27.6439853 ] ] ] } },
{ "type": "Feature", "properties": { "id": "way/175587305", "name": "Kathmandu Ringroad", "name_en": null, "name_ne": "काठमाडाैँ चक्रपथ", "highway": "trunk", "surface": "paved", "smoothness": null, "width": "7", "lanes": "2", "oneway": "yes", "bridge": null, "layer": null, "source": null, "adm0_pcode": "NPL", "adm0_name": "Nepal", "adm1_pcode": "NP03", "adm1_name": "Bagmati", "adm2_pcode": "NP0325", "adm2_name": "Lalitpur", "adm3_pcode": "NP0325101", "adm3_name": "Lalitpur", "adm4_pcode": null, "adm4_name": null, "name_latin": "Kathmandu Ringroad" }, "geometry": { "type": "MultiLineString", "coordinates": [ [ [ 85.3062795, 27.668822 ], [ 85.3050206, 27.6704306 ], [ 85.3040036, 27.6717154 ], [ 85.3034439, 27.6724246 ], [ 85.3028391, 27.673221 ], [ 85.3027064, 27.6733908 ], [ 85.3025666, 27.6735946 ], [ 85.302458, 27.6737656 ], [ 85.3023653, 27.673925 ], [ 85.3022602, 27.6741288 ], [ 85.3022087, 27.6742526 ], [ 85.3021649, 27.6743715 ], [ 85.3021324, 27.6744791 ] ] ] } },
{ "type": "Feature", "properties": { "id": "way/232096889", "name": "Araniko Highway", "name_en": null, "name_ne": null, "highway": "trunk", "surface": "asphalt", "smoothness": null, "width": "9", "lanes": "4", "oneway": "yes", "bridge": null, "layer": null, "source": null, "adm0_pcode": "NPL", "adm0_name": "Nepal", "adm1_pcode": "NP03", "adm1_name": "Bagmati", "adm2_pcode": "NP0326", "adm2_name": "Bhaktapur", "adm3_pcode": "NP0326301", "adm3_name": "Madhyapur Thimi", "adm4_pcode": null, "adm4_name": null, "name_latin": "Araniko Highway" }, "geometry": { "type": "MultiLineString", "coordinates": [ [ [ 85.3542328, 27.6751231 ], [ 85.353699, 27.6751569 ], [ 85.3531599, 27.6751911 ], [ 85.352924, 27.6751897 ], [ 85.3527968, 27.675189 ] ] ] } },
{ "type": "Feature", "properties": { "id": "way/229063563", "name": "Araniko Highway", "name_en": null, "name_ne": null, "highway": "trunk", "surface": "asphalt", "smoothness": null, "width": "9", "lanes": "4", "oneway": "yes", "bridge": null, "layer": null, "source": null, "adm0_pcode": "NPL", "adm0_name": "Nepal", "adm1_pcode": "NP03", "adm1_name": "Bagmati", "adm2_pcode": "NP0326", "adm2_name": "Bhaktapur", "adm3_pcode": "NP0326301", "adm3_name": "Madhyapur Thimi", "adm4_pcode": null, "adm4_name": null, "name_latin": "Araniko Highway" }, "geometry": { "type": "MultiLineString", "coordinates": [ [ [ 85.3526523, 27.6752965 ], [ 85.3527826, 27.6752949 ], [ 85.3529321, 27.6752934 ], [ 85.3530388, 27.6752924 ], [ 85.353483, 27.6752739 ], [ 85.3548037, 27.6752018 ] ] ] } },
{ "type": "Feature", "properties": { "id": "way/232095625", "name": "मदन भण्डारी मार्ग", "name_en": "Madan Bhandari Path", "name_ne": "मदन भण्डारी मार्ग", "highway": "trunk", "surface": "asphalt", "smoothness": null, "width": "6", "lanes": "2", "oneway": "yes", "bridge": null, "layer": null, "source": null, "adm0_pcode": "NPL", "adm0_name": "Nepal", "adm1_pcode": "NP03", "adm1_name": "Bagmati", "adm2_pcode": "NP0327", "adm2_name": "Kathmandu", "adm3_pcode": "NP0327101", "adm3_name": "Kathmandu", "adm4_pcode": null, "adm4_name": null, "name_latin": "Madan Bhandari Path" }, "geometry": { "type": "MultiLineString", "coordinates": [ [ [ 85.338512, 27.687554 ], [ 85.3382144, 27.6876217 ], [ 85.3375216, 27.6877766 ], [ 85.337105, 27.6878692 ], [ 85.3369669, 27.6878999 ], [ 85.3359971, 27.688112 ], [ 85.3355568, 27.6882089 ] ] ] } },
{ "type": "Feature", "properties": { "id": "way/338949916", "name": "Kalanki", "name_en": null, "name_ne": null, "highway": "trunk", "surface": "paved", "smoothness": null, "width": "12", "lanes": "4", "oneway": null, "bridge": null, "layer": null, "source": null, "adm0_pcode": "NPL", "adm0_name": "Nepal", "adm1_pcode": "NP03", "adm1_name": "Bagmati", "adm2_pcode": "NP0327", "adm2_name": "Kathmandu", "adm3_pcode": "NP0327101", "adm3_name": "Kathmandu", "adm4_pcode": null, "adm4_name": null, "name_latin": "Kalanki" }, "geometry": { "type": "MultiLineString", "coordinates": [ [ [ 85.2856062, 27.6943531 ], [ 85.2853561, 27.6942863 ], [ 85.2850678, 27.6942165 ], [ 85.2846417, 27.6940816 ], [ 85.284201, 27.6939368 ], [ 85.2837169, 27.6937891 ], [ 85.2832689, 27.6936527 ], [ 85.2828928, 27.6935702 ], [ 85.2827831, 27.6935461 ], [ 85.2819125, 27.693368 ], [ 85.2818152, 27.6933518 ] ] ] } },
{ "type": "Feature", "properties": { "id": "way/1166079673", "name": null, "name_en": null, "name_ne": null, "highway": "trunk_link", "surface": null, "smoothness": null, "width": null, "lanes": null, "oneway": null, "bridge": null, "layer": null, "source": null, "adm0_pcode": "NPL", "adm0_name": "Nepal", "adm1_pcode": "NP03", "adm1_name": "Bagmati", "adm2_pcode": "NP0326", "adm2_name": "Bhaktapur", "adm3_pcode": "NP0326301", "adm3_name": "Madhyapur Thimi", "adm4_pcode": null, "adm4_name": null, "name_latin": null }, "geometry": { "type": "MultiLineString", "coordinates": [ [ [ 85.3610687, 27.6747664 ], [ 85.3610258, 27.6746763 ] ] ] } },
{ "type": "Feature", "properties": { "id": "way/215506638", "name": "मदन भण्डारी मार्ग", "name_en": "Madan Bhandari Path", "name_ne": "मदन भण्डारी मार्ग", "highway": "trunk", "surface": "asphalt", "smoothness": null, "width": "6", "lanes": "2", "oneway": "yes", "bridge": null, "layer": null, "source": null, "adm0_pcode": "NPL", "adm0_name": "Nepal", "adm1_pcode": "NP03", "adm1_name": "Bagmati", "adm2_pcode": "NP0327", "adm2_name": "Kathmandu", "adm3_pcode": "NP0327101", "adm3_name": "Kathmandu", "adm4_pcode": null, "adm4_name": null, "name_latin": "Madan Bhandari Path" }, "geometry": { "type": "MultiLineString", "coordinates": [ [ [ 85.3355777, 27.6882866 ], [ 85.3356318, 27.68827 ], [ 85.3359279, 27.6882053 ], [ 85.3369901, 27.6879663 ], [ 85.3370939, 27.687943 ], [ 85.3371244, 27.687936 ], [ 85.3382321, 27.6876817 ], [ 85.338406, 27.6876417 ] ] ] } },
{ "type": "Feature", "properties": { "id": "way/229075030", "name": "Araniko Highway", "name_en": null, "name_ne": null, "highway": "trunk", "surface": "asphalt", "smoothness": null, "width": "9", "lanes": "2", "oneway": "yes", "bridge": null, "layer": null, "source": null, "adm0_pcode": "NPL", "adm0_name": "Nepal", "adm1_pcode": "NP03", "adm1_name": "Bagmati", "adm2_pcode": "NP0326", "adm2_name": "Bhaktapur", "adm3_pcode": "NP0326301", "adm3_name": "Madhyapur Thimi", "adm4_pcode": null, "adm4_name": null, "name_latin": "Araniko Highway" }, "geometry": { "type": "MultiLineString", "coordinates": [ [ [ 85.3597961, 27.6748479 ], [ 85.360289, 27.674815 ], [ 85.3607205, 27.6747871 ], [ 85.3610687, 27.6747664 ], [ 85.3611506, 27.6747625 ], [ 85.3614177, 27.6747495 ], [ 85.361938, 27.6747155 ], [ 85.3626192, 27.6746721 ], [ 85.3635548, 27.67462 ], [ 85.3642978, 27.6745787 ] ] ] } },
{ "type": "Feature", "properties": { "id": "way/1330813755", "name": "Tribhuvan Rajpath", "name_en": null, "name_ne": null, "highway": "trunk", "surface": "paved", "smoothness": null, "width": null, "lanes": "2", "oneway": "no", "bridge": null, "layer": null, "source": null, "adm0_pcode": "NPL", "adm0_name": "Nepal", "adm1_pcode": "NP03", "adm1_name": "Bagmati", "adm2_pcode": "NP0327", "adm2_name": "Kathmandu", "adm3_pcode": "NP0327308", "adm3_name": "Chandragiri", "adm4_pcode": null, "adm4_name": null, "name_latin": "Tribhuvan Rajpath" }, "geometry": { "type": "MultiLineString", "coordinates": [ [ [ 85.2418962, 27.6877613 ], [ 85.2419324, 27.6877576 ] ] ] } },
{ "type": "Feature", "properties": { "id": "way/232099515", "name": "Araniko Highway", "name_en": null, "name_ne": null, "highway": "trunk", "surface": "asphalt", "smoothness": null, "width": "8", "lanes": "2", "oneway": "yes", "bridge": null, "layer": null, "source": null, "adm0_pcode": "NPL", "adm0_name": "Nepal", "adm1_pcode": "NP03", "adm1_name": "Bagmati", "adm2_pcode": "NP0326", "adm2_name": "Bhaktapur", "adm3_pcode": "NP0326303", "adm3_name": "Bhaktapur", "adm4_pcode": null, "adm4_name": null, "name_latin": "Araniko Highway" }, "geometry": { "type": "MultiLineString", "coordinates": [ [ [ 85.4241989, 27.6657067 ], [ 85.4236899, 27.6657292 ], [ 85.4230736, 27.6657824 ], [ 85.4210718, 27.6660141 ] ] ] } },
{ "type": "Feature", "properties": { "id": "way/232434590", "name": "Araniko Highway", "name_en": null, "name_ne": null, "highway": "trunk", "surface": "asphalt", "smoothness": null, "width": "12", "lanes": "2", "oneway": "yes", "bridge": null, "layer": null, "source": null, "adm0_pcode": "NPL", "adm0_name": "Nepal", "adm1_pcode": "NP03", "adm1_name": "Bagmati", "adm2_pcode": "NP0326", "adm2_name": "Bhaktapur", "adm3_pcode": "NP0326303", "adm3_name": "Bhaktapur", "adm4_pcode": null, "adm4_name": null, "name_latin": "Araniko Highway" }, "geometry": { "type": "MultiLineString", "coordinates": [ [ [ 85.4210508, 27.6661254 ], [ 85.4227779, 27.6659053 ], [ 85.4230893, 27.6658804 ], [ 85.4236606, 27.6658364 ], [ 85.4242055, 27.665812 ], [ 85.4247467, 27.6658098 ], [ 85.4251247, 27.6657988 ], [ 85.4253301, 27.6657895 ], [ 85.4254541, 27.6657831 ], [ 85.4256018, 27.6657728 ] ] ] } },
{ "type": "Feature", "properties": { "id": "way/229195914", "name": "Tribhuvan Rajpath", "name_en": "Tribhuvan Rajpath", "name_ne": null, "highway": "trunk", "surface": "paved", "smoothness": null, "width": null, "lanes": "2", "oneway": "no", "bridge": null, "layer": null, "source": null, "adm0_pcode": "NPL", "adm0_name": "Nepal", "adm1_pcode": "NP03", "adm1_name": "Bagmati", "adm2_pcode": "NP0327", "adm2_name": "Kathmandu", "adm3_pcode": "NP0327308", "adm3_name": "Chandragiri", "adm4_pcode": null, "adm4_name": null, "name_latin": "Tribhuvan Rajpath" }, "geometry": { "type": "MultiLineString", "coordinates": [ [ [ 85.2419324, 27.6877576 ], [ 85.2419652, 27.6877542 ], [ 85.2419792, 27.6877527 ], [ 85.2419986, 27.6877507 ], [ 85.2420163, 27.6877489 ], [ 85.2420447, 27.687746 ], [ 85.2420754, 27.6877429 ], [ 85.2421447, 27.6877381 ], [ 85.2428418, 27.6876612 ], [ 85.2429348, 27.6876527 ], [ 85.2432876, 27.6876202 ], [ 85.2434542, 27.6876049 ], [ 85.2439105, 27.6875681 ], [ 85.2444728, 27.6875226 ], [ 85.2446739, 27.6875064 ], [ 85.2447986, 27.6874838 ], [ 85.2449302, 27.6874684 ] ] ] } },
{ "type": "Feature", "properties": { "id": "way/232096882", "name": "Araniko Highway", "name_en": null, "name_ne": null, "highway": "trunk", "surface": "asphalt", "smoothness": null, "width": "9", "lanes": "2", "oneway": "yes", "bridge": null, "layer": null, "source": null, "adm0_pcode": "NPL", "adm0_name": "Nepal", "adm1_pcode": "NP03", "adm1_name": "Bagmati", "adm2_pcode": "NP0326", "adm2_name": "Bhaktapur", "adm3_pcode": "NP0326301", "adm3_name": "Madhyapur Thimi", "adm4_pcode": null, "adm4_name": null, "name_latin": "Araniko Highway" }, "geometry": { "type": "MultiLineString", "coordinates": [ [ [ 85.3642839, 27.674447 ], [ 85.3634844, 27.6745049 ], [ 85.3634, 27.6745109 ], [ 85.3628538, 27.6745497 ], [ 85.3622155, 27.6745893 ], [ 85.3615473, 27.6746394 ], [ 85.3611428, 27.674668 ], [ 85.3610258, 27.6746763 ], [ 85.36051, 27.6746883 ], [ 85.359492, 27.6747593 ], [ 85.3590416, 27.6747914 ], [ 85.3585644, 27.674825 ], [ 85.3582043, 27.674856 ], [ 85.357325, 27.6749233 ], [ 85.356409, 27.6750042 ], [ 85.3557131, 27.6750415 ] ] ] } },
{ "type": "Feature", "properties": { "id": "way/4847094", "name": "Araniko Highway", "name_en": null, "name_ne": null, "highway": "trunk", "surface": "asphalt", "smoothness": null, "width": "8", "lanes": "2", "oneway": "yes", "bridge": null, "layer": null, "source": null, "adm0_pcode": "NPL", "adm0_name": "Nepal", "adm1_pcode": "NP03", "adm1_name": "Bagmati", "adm2_pcode": "NP0326", "adm2_name": "Bhaktapur", "adm3_pcode": "NP0326303", "adm3_name": "Bhaktapur", "adm4_pcode": null, "adm4_name": null, "name_latin": "Araniko Highway" }, "geometry": { "type": "MultiLineString", "coordinates": [ [ [ 85.4272677, 27.665493 ], [ 85.4270654, 27.6654953 ], [ 85.4267971, 27.6655239 ], [ 85.4261063, 27.6656265 ], [ 85.4259241, 27.6656456 ], [ 85.4257569, 27.6656571 ], [ 85.4255998, 27.6656725 ] ] ] } },
{ "type": "Feature", "properties": { "id": "way/692330826", "name": "Araniko Highway", "name_en": null, "name_ne": null, "highway": "trunk", "surface": "asphalt", "smoothness": null, "width": "8", "lanes": "2", "oneway": "yes", "bridge": null, "layer": null, "source": null, "adm0_pcode": "NPL", "adm0_name": "Nepal", "adm1_pcode": "NP03", "adm1_name": "Bagmati", "adm2_pcode": "NP0326", "adm2_name": "Bhaktapur", "adm3_pcode": "NP0326303", "adm3_name": "Bhaktapur", "adm4_pcode": null, "adm4_name": null, "name_latin": "Araniko Highway" }, "geometry": { "type": "MultiLineString", "coordinates": [ [ [ 85.4256018, 27.6657728 ], [ 85.4257714, 27.6657519 ], [ 85.4260598, 27.6657196 ], [ 85.4263519, 27.6656791 ], [ 85.4268081, 27.6656083 ], [ 85.4270867, 27.6655551 ], [ 85.4272677, 27.665493 ] ] ] } },
{ "type": "Feature", "properties": { "id": "way/1196456661", "name": "Kathmandu Ringroad", "name_en": null, "name_ne": "काठमाडाैँ चक्रपथ", "highway": "trunk", "surface": "asphalt", "smoothness": null, "width": "22", "lanes": "4", "oneway": "no", "bridge": null, "layer": null, "source": null, "adm0_pcode": "NPL", "adm0_name": "Nepal", "adm1_pcode": "NP03", "adm1_name": "Bagmati", "adm2_pcode": "NP0327", "adm2_name": "Kathmandu", "adm3_pcode": "NP0327101", "adm3_name": "Kathmandu", "adm4_pcode": null, "adm4_name": null, "name_latin": "Kathmandu Ringroad" }, "geometry": { "type": "MultiLineString", "coordinates": [ [ [ 85.3355838, 27.7408075 ], [ 85.3360473, 27.740556 ], [ 85.3361267, 27.7405211 ], [ 85.3365893, 27.7402928 ], [ 85.3368865, 27.7401272 ], [ 85.3369264, 27.7401043 ], [ 85.3371159, 27.7399982 ] ] ] } },
{ "type": "Feature", "properties": { "id": "way/232095613", "name": "मदन भण्डारी पथ", "name_en": "Madan Bhandari Path", "name_ne": "मदन भण्डारी पथ", "highway": "trunk", "surface": "asphalt", "smoothness": null, "width": "6", "lanes": "2", "oneway": "yes", "bridge": null, "layer": null, "source": null, "adm0_pcode": "NPL", "adm0_name": "Nepal", "adm1_pcode": "NP03", "adm1_name": "Bagmati", "adm2_pcode": "NP0327", "adm2_name": "Kathmandu", "adm3_pcode": "NP0327101", "adm3_name": "Kathmandu", "adm4_pcode": null, "adm4_name": null, "name_latin": "Madan Bhandari Path" }, "geometry": { "type": "MultiLineString", "coordinates": [ [ [ 85.3238578, 27.6924617 ], [ 85.3236998, 27.6925417 ], [ 85.3227105, 27.6929902 ], [ 85.3219148, 27.6933683 ], [ 85.3209015, 27.6938746 ] ] ] } },
{ "type": "Feature", "properties": { "id": "way/751465426", "name": "Kathmandu Ringroad", "name_en": null, "name_ne": "काठमाडाैँ चक्रपथ", "highway": "trunk", "surface": "paved", "smoothness": null, "width": "14", "lanes": "4", "oneway": "no", "bridge": null, "layer": null, "source": null, "adm0_pcode": "NPL", "adm0_name": "Nepal", "adm1_pcode": "NP03", "adm1_name": "Bagmati", "adm2_pcode": "NP0327", "adm2_name": "Kathmandu", "adm3_pcode": "NP0327101", "adm3_name": "Kathmandu", "adm4_pcode": null, "adm4_name": null, "name_latin": "Kathmandu Ringroad" }, "geometry": { "type": "MultiLineString", "coordinates": [ [ [ 85.3537169, 27.7006099 ], [ 85.3538865, 27.7004014 ], [ 85.3539052, 27.7003768 ], [ 85.3540033, 27.7002479 ], [ 85.3541799, 27.700027 ], [ 85.3544753, 27.699655 ] ] ] } },
{ "type": "Feature", "properties": { "id": "way/221323019", "name": "मदन भण्डारी पथ", "name_en": "Madan Bhandari Path", "name_ne": "मदन भण्डारी पथ", "highway": "trunk", "surface": "asphalt", "smoothness": null, "width": "6", "lanes": "2", "oneway": "yes", "bridge": null, "layer": null, "source": null, "adm0_pcode": "NPL", "adm0_name": "Nepal", "adm1_pcode": "NP03", "adm1_name": "Bagmati", "adm2_pcode": "NP0327", "adm2_name": "Kathmandu", "adm3_pcode": "NP0327101", "adm3_name": "Kathmandu", "adm4_pcode": null, "adm4_name": null, "name_latin": "Madan Bhandari Path" }, "geometry": { "type": "MultiLineString", "coordinates": [ [ [ 85.3355568, 27.6882089 ], [ 85.335278, 27.6882691 ], [ 85.3346628, 27.6883971 ], [ 85.3338138, 27.6885996 ], [ 85.333121, 27.6887602 ], [ 85.332887, 27.6888133 ], [ 85.3320371, 27.6890063 ], [ 85.3313447, 27.6891678 ] ] ] } },
{ "type": "Feature", "properties": { "id": "way/229143181", "name": "मदन भण्डारी पथ", "name_en": "Madan Bhandari Path", "name_ne": "मदन भण्डारी पथ", "highway": "trunk", "surface": "asphalt", "smoothness": null, "width": "6", "lanes": "2", "oneway": "yes", "bridge": null, "layer": null, "source": null, "adm0_pcode": "NPL", "adm0_name": "Nepal", "adm1_pcode": "NP03", "adm1_name": "Bagmati", "adm2_pcode": "NP0327", "adm2_name": "Kathmandu", "adm3_pcode": "NP0327101", "adm3_name": "Kathmandu", "adm4_pcode": null, "adm4_name": null, "name_latin": "Madan Bhandari Path" }, "geometry": { "type": "MultiLineString", "coordinates": [ [ [ 85.3320663, 27.689064 ], [ 85.332906, 27.6888785 ], [ 85.3331634, 27.6888192 ], [ 85.3343642, 27.6885561 ], [ 85.3347153, 27.6884696 ] ] ] } },
{ "type": "Feature", "properties": { "id": "way/1484959279", "name": null, "name_en": null, "name_ne": null, "highway": "trunk", "surface": null, "smoothness": null, "width": null, "lanes": null, "oneway": "yes", "bridge": null, "layer": null, "source": null, "adm0_pcode": "NPL", "adm0_name": "Nepal", "adm1_pcode": "NP03", "adm1_name": "Bagmati", "adm2_pcode": "NP0327", "adm2_name": "Kathmandu", "adm3_pcode": "NP0327308", "adm3_name": "Chandragiri", "adm4_pcode": null, "adm4_name": null, "name_latin": null }, "geometry": { "type": "MultiLineString", "coordinates": [ [ [ 85.2415627, 27.6877594 ], [ 85.2414607, 27.6877952 ], [ 85.2397441, 27.6879459 ], [ 85.2365506, 27.6882353 ], [ 85.2364508, 27.6882633 ], [ 85.2363852, 27.6882835 ] ] ] } },
{ "type": "Feature", "properties": { "id": "way/232095614", "name": "मदन भण्डारी पथ", "name_en": "Madan Bhandari Path", "name_ne": "मदन भण्डारी पथ", "highway": "trunk", "surface": "asphalt", "smoothness": null, "width": "6", "lanes": "2", "oneway": "yes", "bridge": null, "layer": null, "source": null, "adm0_pcode": "NPL", "adm0_name": "Nepal", "adm1_pcode": "NP03", "adm1_name": "Bagmati", "adm2_pcode": "NP0327", "adm2_name": "Kathmandu", "adm3_pcode": "NP0327101", "adm3_name": "Kathmandu", "adm4_pcode": null, "adm4_name": null, "name_latin": "Madan Bhandari Path" }, "geometry": { "type": "MultiLineString", "coordinates": [ [ [ 85.3243243, 27.6922288 ], [ 85.3238578, 27.6924617 ] ] ] } },
{ "type": "Feature", "properties": { "id": "way/25512537", "name": "Araniko Highway", "name_en": null, "name_ne": null, "highway": "trunk", "surface": "asphalt", "smoothness": null, "width": "8", "lanes": null, "oneway": "no", "bridge": null, "layer": null, "source": null, "adm0_pcode": "NPL", "adm0_name": "Nepal", "adm1_pcode": "NP03", "adm1_name": "Bagmati", "adm2_pcode": "NP0326", "adm2_name": "Bhaktapur", "adm3_pcode": "NP0326303", "adm3_name": "Bhaktapur", "adm4_pcode": null, "adm4_name": null, "name_latin": "Araniko Highway" }, "geometry": { "type": "MultiLineString", "coordinates": [ [ [ 85.4272677, 27.665493 ], [ 85.4279759, 27.6653831 ], [ 85.4283215, 27.6653276 ], [ 85.4288381, 27.6652532 ], [ 85.4291948, 27.6652076 ], [ 85.4292613, 27.6652083 ], [ 85.4293286, 27.6652128 ], [ 85.429404, 27.665226 ], [ 85.4295883, 27.6652791 ], [ 85.4301408, 27.6655174 ], [ 85.4302236, 27.6655542 ], [ 85.4311885, 27.6659832 ], [ 85.4314538, 27.6660956 ], [ 85.431789, 27.6662391 ], [ 85.4321026, 27.6663596 ], [ 85.4323471, 27.6664478 ], [ 85.4324609, 27.6664707 ], [ 85.4326038, 27.6664858 ], [ 85.432897, 27.6664929 ], [ 85.4330152, 27.6665124 ] ] ] } },
{ "type": "Feature", "properties": { "id": "way/194607859", "name": "Araniko Highway", "name_en": null, "name_ne": null, "highway": "trunk", "surface": "asphalt", "smoothness": null, "width": "9", "lanes": "2", "oneway": "yes", "bridge": null, "layer": null, "source": null, "adm0_pcode": "NPL", "adm0_name": "Nepal", "adm1_pcode": "NP03", "adm1_name": "Bagmati", "adm2_pcode": "NP0326", "adm2_name": "Bhaktapur", "adm3_pcode": "NP0326301", "adm3_name": "Madhyapur Thimi", "adm4_pcode": null, "adm4_name": null, "name_latin": "Araniko Highway" }, "geometry": { "type": "MultiLineString", "coordinates": [ [ [ 85.3557153, 27.675147 ], [ 85.3564193, 27.6750895 ], [ 85.356903, 27.675054 ], [ 85.3573292, 27.6750258 ], [ 85.3584243, 27.6749392 ], [ 85.359241, 27.6748893 ], [ 85.3597961, 27.6748479 ] ] ] } },
{ "type": "Feature", "properties": { "id": "way/194607862", "name": "Araniko Highway", "name_en": null, "name_ne": null, "highway": "trunk", "surface": "asphalt", "smoothness": null, "width": "8", "lanes": "2", "oneway": "yes", "bridge": null, "layer": null, "source": null, "adm0_pcode": "NPL", "adm0_name": "Nepal", "adm1_pcode": "NP03", "adm1_name": "Bagmati", "adm2_pcode": "NP0326", "adm2_name": "Bhaktapur", "adm3_pcode": "NP0326303", "adm3_name": "Bhaktapur", "adm4_pcode": null, "adm4_name": null, "name_latin": "Araniko Highway" }, "geometry": { "type": "MultiLineString", "coordinates": [ [ [ 85.4255998, 27.6656725 ], [ 85.4254931, 27.6656773 ], [ 85.4254466, 27.6656798 ], [ 85.4250138, 27.6657029 ], [ 85.4246603, 27.6657055 ], [ 85.4241989, 27.6657067 ] ] ] } },
{ "type": "Feature", "properties": { "id": "way/1091658655", "name": "Kathmandu Ringroad", "name_en": null, "name_ne": "काठमाडाैँ चक्रपथ", "highway": "trunk", "surface": "paved", "smoothness": null, "width": "6", "lanes": "2", "oneway": "yes", "bridge": null, "layer": null, "source": null, "adm0_pcode": "NPL", "adm0_name": "Nepal", "adm1_pcode": "NP03", "adm1_name": "Bagmati", "adm2_pcode": "NP0325", "adm2_name": "Lalitpur", "adm3_pcode": "NP0325101", "adm3_name": "Lalitpur", "adm4_pcode": null, "adm4_name": null, "name_latin": "Kathmandu Ringroad" }, "geometry": { "type": "MultiLineString", "coordinates": [ [ [ 85.3082083, 27.6666576 ], [ 85.3081332, 27.6667049 ], [ 85.308021, 27.6667718 ], [ 85.3078499, 27.6668886 ], [ 85.3076849, 27.6670285 ], [ 85.307511, 27.6672295 ], [ 85.3073997, 27.6673773 ], [ 85.3072799, 27.6675306 ], [ 85.307021, 27.6678833 ], [ 85.3068949, 27.668032 ], [ 85.3062795, 27.668822 ] ] ] } },
{ "type": "Feature", "properties": { "id": "way/610849877", "name": "Kathmandu Ringroad", "name_en": null, "name_ne": "काठमाडाैँ चक्रपथ", "highway": "trunk", "surface": "paved", "smoothness": null, "width": "9", "lanes": null, "oneway": "yes", "bridge": null, "layer": null, "source": null, "adm0_pcode": "NPL", "adm0_name": "Nepal", "adm1_pcode": "NP03", "adm1_name": "Bagmati", "adm2_pcode": "NP0327", "adm2_name": "Kathmandu", "adm3_pcode": "NP0327101", "adm3_name": "Kathmandu", "adm4_pcode": null, "adm4_name": null, "name_latin": "Kathmandu Ringroad" }, "geometry": { "type": "MultiLineString", "coordinates": [ [ [ 85.3047072, 27.7269463 ], [ 85.3046737, 27.7269188 ], [ 85.3046324, 27.7269015 ], [ 85.3045871, 27.726896 ], [ 85.3045421, 27.7269028 ], [ 85.3045008, 27.7269217 ], [ 85.3044736, 27.7269445 ], [ 85.3044536, 27.7269726 ], [ 85.3044421, 27.7270042 ], [ 85.3044398, 27.7270373 ], [ 85.3044469, 27.7270699 ], [ 85.3044602, 27.7270961 ], [ 85.304469, 27.7271079 ], [ 85.3044954, 27.7271322 ], [ 85.3045279, 27.7271499 ], [ 85.3045643, 27.7271597 ], [ 85.3046024, 27.7271611 ], [ 85.3046115, 27.7271602 ], [ 85.3046538, 27.7271488 ], [ 85.3046906, 27.727127 ], [ 85.3047186, 27.7270966 ], [ 85.3047353, 27.7270603 ], [ 85.3047394, 27.7270213 ], [ 85.3047304, 27.726983 ] ] ] } },
{ "type": "Feature", "properties": { "id": "way/1444441468", "name": "Kathmandu Ringroad", "name_en": null, "name_ne": "काठमाडाैँ चक्रपथ", "highway": "trunk", "surface": "paved", "smoothness": null, "width": "9", "lanes": null, "oneway": "yes", "bridge": null, "layer": null, "source": null, "adm0_pcode": "NPL", "adm0_name": "Nepal", "adm1_pcode": "NP03", "adm1_name": "Bagmati", "adm2_pcode": "NP0327", "adm2_name": "Kathmandu", "adm3_pcode": "NP0327101", "adm3_name": "Kathmandu", "adm4_pcode": null, "adm4_name": null, "name_latin": "Kathmandu Ringroad" }, "geometry": { "type": "MultiLineString", "coordinates": [ [ [ 85.3047304, 27.726983 ], [ 85.3047072, 27.7269463 ] ] ] } },
{ "type": "Feature", "properties": { "id": "way/232099514", "name": "Araniko Highway", "name_en": null, "name_ne": null, "highway": "trunk", "surface": "asphalt", "smoothness": null, "width": "8", "lanes": null, "oneway": "no", "bridge": null, "layer": null, "source": null, "adm0_pcode": "NPL", "adm0_name": "Nepal", "adm1_pcode": "NP03", "adm1_name": "Bagmati", "adm2_pcode": "NP0326", "adm2_name": "Bhaktapur", "adm3_pcode": "NP0326304", "adm3_name": "Suryabinayak", "adm4_pcode": null, "adm4_name": null, "name_latin": "Araniko Highway" }, "geometry": { "type": "MultiLineString", "coordinates": [ [ [ 85.4330152, 27.6665124 ], [ 85.4335633, 27.6664968 ], [ 85.433848, 27.6664948 ], [ 85.434889, 27.6664917 ], [ 85.4357551, 27.6664989 ], [ 85.4359867, 27.6664986 ], [ 85.4364784, 27.6664979 ] ] ] } },
{ "type": "Feature", "properties": { "id": "way/172481629", "name": "Araniko Highway", "name_en": null, "name_ne": null, "highway": "trunk", "surface": "asphalt", "smoothness": null, "width": "9", "lanes": "4", "oneway": "yes", "bridge": null, "layer": null, "source": null, "adm0_pcode": "NPL", "adm0_name": "Nepal", "adm1_pcode": "NP03", "adm1_name": "Bagmati", "adm2_pcode": "NP0326", "adm2_name": "Bhaktapur", "adm3_pcode": "NP0326301", "adm3_name": "Madhyapur Thimi", "adm4_pcode": null, "adm4_name": null, "name_latin": "Araniko Highway" }, "geometry": { "type": "MultiLineString", "coordinates": [ [ [ 85.3547993, 27.6750929 ], [ 85.3546631, 27.6750967 ], [ 85.3546195, 27.6751012 ], [ 85.3542328, 27.6751231 ] ] ] } },
{ "type": "Feature", "properties": { "id": "way/610849882", "name": "Kathmandu Ringroad", "name_en": null, "name_ne": "काठमाडाैँ चक्रपथ", "highway": "trunk", "surface": "paved", "smoothness": null, "width": "9", "lanes": "2", "oneway": "yes", "bridge": null, "layer": null, "source": null, "adm0_pcode": "NPL", "adm0_name": "Nepal", "adm1_pcode": "NP03", "adm1_name": "Bagmati", "adm2_pcode": "NP0327", "adm2_name": "Kathmandu", "adm3_pcode": "NP0327101", "adm3_name": "Kathmandu", "adm4_pcode": null, "adm4_name": null, "name_latin": "Kathmandu Ringroad" }, "geometry": { "type": "MultiLineString", "coordinates": [ [ [ 85.3046115, 27.7271602 ], [ 85.3046523, 27.7271691 ], [ 85.3047167, 27.7272111 ], [ 85.3048715, 27.7273655 ], [ 85.3050855, 27.727599 ] ] ] } },
{ "type": "Feature", "properties": { "id": "way/1396542742", "name": null, "name_en": null, "name_ne": null, "highway": "trunk_link", "surface": null, "smoothness": null, "width": null, "lanes": null, "oneway": "yes", "bridge": null, "layer": null, "source": null, "adm0_pcode": "NPL", "adm0_name": "Nepal", "adm1_pcode": "NP03", "adm1_name": "Bagmati", "adm2_pcode": "NP0326", "adm2_name": "Bhaktapur", "adm3_pcode": "NP0326301", "adm3_name": "Madhyapur Thimi", "adm4_pcode": null, "adm4_name": null, "name_latin": null }, "geometry": { "type": "MultiLineString", "coordinates": [ [ [ 85.3547535, 27.6750249 ], [ 85.3547087, 27.6750624 ], [ 85.3546631, 27.6750967 ] ] ] } },
{ "type": "Feature", "properties": { "id": "way/653848641", "name": "Kathmandu Ringroad", "name_en": null, "name_ne": "काठमाडाैँ चक्रपथ", "highway": "trunk", "surface": "paved", "smoothness": null, "width": "7", "lanes": "2", "oneway": "yes", "bridge": null, "layer": "-1", "source": null, "adm0_pcode": "NPL", "adm0_name": "Nepal", "adm1_pcode": "NP03", "adm1_name": "Bagmati", "adm2_pcode": "NP0327", "adm2_name": "Kathmandu", "adm3_pcode": "NP0327305", "adm3_name": "Nagarjun", "adm4_pcode": null, "adm4_name": null, "name_latin": "Kathmandu Ringroad" }, "geometry": { "type": "MultiLineString", "coordinates": [ [ [ 85.2815906, 27.6938632 ], [ 85.2815712, 27.6942387 ] ] ] } },
{ "type": "Feature", "properties": { "id": "way/610849879", "name": "Kathmandu Ringroad", "name_en": null, "name_ne": "काठमाडाैँ चक्रपथ", "highway": "trunk", "surface": "paved", "smoothness": null, "width": "14", "lanes": "2", "oneway": "yes", "bridge": null, "layer": null, "source": null, "adm0_pcode": "NPL", "adm0_name": "Nepal", "adm1_pcode": "NP03", "adm1_name": "Bagmati", "adm2_pcode": "NP0327", "adm2_name": "Kathmandu", "adm3_pcode": "NP0327101", "adm3_name": "Kathmandu", "adm4_pcode": null, "adm4_name": null, "name_latin": "Kathmandu Ringroad" }, "geometry": { "type": "MultiLineString", "coordinates": [ [ [ 85.3050855, 27.727599 ], [ 85.3050194, 27.727448 ], [ 85.3049392, 27.7273126 ], [ 85.3047814, 27.727088 ], [ 85.3047304, 27.726983 ] ] ] } },
{ "type": "Feature", "properties": { "id": "way/185402774", "name": "Araniko Highway", "name_en": null, "name_ne": null, "highway": "trunk", "surface": "asphalt", "smoothness": null, "width": "9", "lanes": "4", "oneway": "yes", "bridge": "yes", "layer": "1", "source": null, "adm0_pcode": "NPL", "adm0_name": "Nepal", "adm1_pcode": "NP03", "adm1_name": "Bagmati", "adm2_pcode": "NP0326", "adm2_name": "Bhaktapur", "adm3_pcode": "NP0326301", "adm3_name": "Madhyapur Thimi", "adm4_pcode": null, "adm4_name": null, "name_latin": "Araniko Highway" }, "geometry": { "type": "MultiLineString", "coordinates": [ [ [ 85.3557131, 27.6750415 ], [ 85.3547993, 27.6750929 ] ] ] } },
{ "type": "Feature", "properties": { "id": "way/194607857", "name": "Araniko Highway", "name_en": null, "name_ne": null, "highway": "trunk", "surface": "asphalt", "smoothness": null, "width": "9", "lanes": "4", "oneway": "yes", "bridge": "yes", "layer": "1", "source": null, "adm0_pcode": "NPL", "adm0_name": "Nepal", "adm1_pcode": "NP03", "adm1_name": "Bagmati", "adm2_pcode": "NP0326", "adm2_name": "Bhaktapur", "adm3_pcode": "NP0326301", "adm3_name": "Madhyapur Thimi", "adm4_pcode": null, "adm4_name": null, "name_latin": "Araniko Highway" }, "geometry": { "type": "MultiLineString", "coordinates": [ [ [ 85.3548037, 27.6752018 ], [ 85.3557153, 27.675147 ] ] ] } },
{ "type": "Feature", "properties": { "id": "way/111859876", "name": null, "name_en": null, "name_ne": null, "highway": "trunk_link", "surface": null, "smoothness": null, "width": null, "lanes": null, "oneway": "yes", "bridge": null, "layer": null, "source": null, "adm0_pcode": "NPL", "adm0_name": "Nepal", "adm1_pcode": "NP03", "adm1_name": "Bagmati", "adm2_pcode": "NP0326", "adm2_name": "Bhaktapur", "adm3_pcode": "NP0326301", "adm3_name": "Madhyapur Thimi", "adm4_pcode": null, "adm4_name": null, "name_latin": null }, "geometry": { "type": "MultiLineString", "coordinates": [ [ [ 85.349545, 27.6780113 ], [ 85.3494802, 27.678293 ], [ 85.3494405, 27.6783486 ], [ 85.3493922, 27.6783851 ], [ 85.3493398, 27.6784099 ], [ 85.3492705, 27.6784263 ], [ 85.3492505, 27.6784259 ], [ 85.3491984, 27.6784249 ], [ 85.3491493, 27.6784138 ], [ 85.3490965, 27.6784022 ], [ 85.3488421, 27.6783339 ] ] ] } },
{ "type": "Feature", "properties": { "id": "way/1420149762", "name": null, "name_en": null, "name_ne": null, "highway": "trunk_link", "surface": "asphalt", "smoothness": null, "width": "7", "lanes": "2", "oneway": "yes", "bridge": null, "layer": null, "source": null, "adm0_pcode": "NPL", "adm0_name": "Nepal", "adm1_pcode": "NP03", "adm1_name": "Bagmati", "adm2_pcode": "NP0326", "adm2_name": "Bhaktapur", "adm3_pcode": "NP0326301", "adm3_name": "Madhyapur Thimi", "adm4_pcode": null, "adm4_name": null, "name_latin": null }, "geometry": { "type": "MultiLineString", "coordinates": [ [ [ 85.3488421, 27.6783339 ], [ 85.3487884, 27.678249 ], [ 85.3486957, 27.6781465 ] ] ] } },
{ "type": "Feature", "properties": { "id": "way/231786211", "name": "Kathmandu Ringroad", "name_en": null, "name_ne": "काठमाडाैँ चक्रपथ", "highway": "trunk", "surface": "paved", "smoothness": null, "width": "14", "lanes": "4", "oneway": "no", "bridge": null, "layer": null, "source": null, "adm0_pcode": "NPL", "adm0_name": "Nepal", "adm1_pcode": "NP03", "adm1_name": "Bagmati", "adm2_pcode": "NP0327", "adm2_name": "Kathmandu", "adm3_pcode": "NP0327305", "adm3_name": "Nagarjun", "adm4_pcode": null, "adm4_name": null, "name_latin": "Kathmandu Ringroad" }, "geometry": { "type": "MultiLineString", "coordinates": [ [ [ 85.2871035, 27.7197207 ], [ 85.2871608, 27.7197452 ], [ 85.2876372, 27.719964 ], [ 85.2879151, 27.7200973 ], [ 85.2881653, 27.7202268 ], [ 85.2883261, 27.7203088 ], [ 85.2885972, 27.7204524 ], [ 85.2887514, 27.7205255 ], [ 85.2891576, 27.7207127 ], [ 85.2894131, 27.7208377 ], [ 85.2898821, 27.7210711 ], [ 85.2902296, 27.721233 ], [ 85.2904089, 27.7213217 ], [ 85.2907336, 27.7214667 ], [ 85.2917657, 27.721986 ], [ 85.292744, 27.7224636 ], [ 85.2928437, 27.7225087 ], [ 85.2929068, 27.7225414 ], [ 85.2930068, 27.7225855 ], [ 85.2932317, 27.7226991 ], [ 85.2934589, 27.7228076 ], [ 85.29368, 27.7229111 ] ] ] } },
{ "type": "Feature", "properties": { "id": "way/610849878", "name": "Kathmandu Ringroad", "name_en": null, "name_ne": "काठमाडाैँ चक्रपथ", "highway": "trunk", "surface": "paved", "smoothness": null, "width": "7", "lanes": "2", "oneway": "yes", "bridge": null, "layer": null, "source": null, "adm0_pcode": "NPL", "adm0_name": "Nepal", "adm1_pcode": "NP03", "adm1_name": "Bagmati", "adm2_pcode": "NP0327", "adm2_name": "Kathmandu", "adm3_pcode": "NP0327101", "adm3_name": "Kathmandu", "adm4_pcode": null, "adm4_name": null, "name_latin": "Kathmandu Ringroad" }, "geometry": { "type": "MultiLineString", "coordinates": [ [ [ 85.3045008, 27.7269217 ], [ 85.3044243, 27.7268912 ], [ 85.3041394, 27.7267518 ] ] ] } },
{ "type": "Feature", "properties": { "id": "way/1284332022", "name": "Tribhuvan Rajpath", "name_en": null, "name_ne": null, "highway": "trunk", "surface": "paved", "smoothness": null, "width": "22", "lanes": "2", "oneway": "yes", "bridge": null, "layer": null, "source": null, "adm0_pcode": "NPL", "adm0_name": "Nepal", "adm1_pcode": "NP03", "adm1_name": "Bagmati", "adm2_pcode": "NP0327", "adm2_name": "Kathmandu", "adm3_pcode": "NP0327305", "adm3_name": "Nagarjun", "adm4_pcode": null, "adm4_name": null, "name_latin": "Tribhuvan Rajpath" }, "geometry": { "type": "MultiLineString", "coordinates": [ [ [ 85.279606, 27.6928866 ], [ 85.2798304, 27.6929566 ], [ 85.2803646, 27.6930942 ], [ 85.2809912, 27.6932326 ], [ 85.2812877, 27.6932481 ] ] ] } },
{ "type": "Feature", "properties": { "id": "way/357506892", "name": "Araniko Highway", "name_en": null, "name_ne": null, "highway": "trunk", "surface": "asphalt", "smoothness": null, "width": "8", "lanes": "2", "oneway": "no", "bridge": null, "layer": null, "source": null, "adm0_pcode": "NPL", "adm0_name": "Nepal", "adm1_pcode": "NP03", "adm1_name": "Bagmati", "adm2_pcode": "NP0326", "adm2_name": "Bhaktapur", "adm3_pcode": "NP0326304", "adm3_name": "Suryabinayak", "adm4_pcode": null, "adm4_name": null, "name_latin": "Araniko Highway" }, "geometry": { "type": "MultiLineString", "coordinates": [ [ [ 85.4773043, 27.6419495 ], [ 85.4771389, 27.6420284 ], [ 85.4770081, 27.6421202 ], [ 85.4768822, 27.6422539 ], [ 85.4767456, 27.642412 ], [ 85.4765033, 27.6426801 ], [ 85.4762629, 27.6429171 ], [ 85.4761813, 27.6430103 ], [ 85.4760665, 27.6431051 ], [ 85.4759394, 27.643169 ], [ 85.4758002, 27.6432025 ], [ 85.4754581, 27.643232 ], [ 85.4752597, 27.6432776 ], [ 85.4750539, 27.6433245 ], [ 85.4748707, 27.6433514 ], [ 85.4745018, 27.6433055 ], [ 85.4743801, 27.6433059 ], [ 85.4742808, 27.643347 ], [ 85.4740816, 27.643455 ], [ 85.4739125, 27.6434884 ], [ 85.4737027, 27.6434728 ], [ 85.473541, 27.6434071 ], [ 85.4734156, 27.6432777 ], [ 85.4732723, 27.6430568 ], [ 85.4730886, 27.6430031 ], [ 85.4729706, 27.643018 ], [ 85.4729134, 27.6430645 ], [ 85.4727535, 27.643188 ], [ 85.4726033, 27.6432843 ], [ 85.4724481, 27.6433039 ], [ 85.4721519, 27.6432494 ], [ 85.4719338, 27.6432128 ], [ 85.4712818, 27.6433711 ], [ 85.4710472, 27.6434421 ], [ 85.4708116, 27.6435425 ], [ 85.4704987, 27.6437 ], [ 85.4703288, 27.6437981 ], [ 85.4701978, 27.6438428 ], [ 85.4700472, 27.6438486 ], [ 85.4699522, 27.643824 ], [ 85.4698605, 27.6437416 ], [ 85.4697863, 27.6435675 ], [ 85.4698152, 27.6433903 ], [ 85.4698838, 27.6432744 ], [ 85.4700477, 27.6430601 ], [ 85.4701084, 27.6429836 ], [ 85.4701478, 27.6428743 ], [ 85.4701637, 27.6427457 ], [ 85.4701439, 27.6426483 ], [ 85.4700789, 27.642563 ], [ 85.4699873, 27.6424916 ], [ 85.4697428, 27.6424184 ], [ 85.4695976, 27.6424384 ], [ 85.469408, 27.6425137 ], [ 85.4692173, 27.6427025 ], [ 85.4689306, 27.642945 ], [ 85.4688146, 27.6429964 ], [ 85.4687414, 27.6430206 ], [ 85.4685963, 27.6430446 ], [ 85.4685273, 27.6430378 ], [ 85.4680525, 27.6429424 ], [ 85.4677447, 27.6428713 ], [ 85.4676844, 27.6428591 ], [ 85.4675777, 27.6428435 ], [ 85.4675307, 27.6428402 ], [ 85.4674482, 27.6428427 ], [ 85.4673789, 27.6428578 ], [ 85.4673485, 27.6428702 ], [ 85.4672948, 27.6429048 ], [ 85.4672709, 27.6429272 ], [ 85.4672277, 27.6429824 ], [ 85.4671666, 27.6430951 ], [ 85.4671089, 27.6432293 ], [ 85.4670091, 27.6434885 ], [ 85.4669908, 27.643512 ], [ 85.4669573, 27.6435441 ], [ 85.4669115, 27.6435805 ], [ 85.4668563, 27.6436172 ], [ 85.4667622, 27.6436631 ], [ 85.4666961, 27.6436816 ], [ 85.4666631, 27.6436857 ], [ 85.4665287, 27.6436936 ], [ 85.4664622, 27.6436918 ], [ 85.4663921, 27.6436809 ], [ 85.4663064, 27.6436572 ], [ 85.4659941, 27.6435879 ], [ 85.4658893, 27.6435633 ], [ 85.4657706, 27.6435649 ], [ 85.4656666, 27.6435871 ], [ 85.4655653, 27.643634 ], [ 85.4654377, 27.6437596 ], [ 85.4653555, 27.6438698 ], [ 85.4653002, 27.6439853 ] ] ] } },
{ "type": "Feature", "properties": { "id": "way/1284332020", "name": "Tribhuvan Rajpath", "name_en": null, "name_ne": null, "highway": "trunk", "surface": "paved", "smoothness": null, "width": "22", "lanes": "2", "oneway": "yes", "bridge": null, "layer": null, "source": null, "adm0_pcode": "NPL", "adm0_name": "Nepal", "adm1_pcode": "NP03", "adm1_name": "Bagmati", "adm2_pcode": "NP0327", "adm2_name": "Kathmandu", "adm3_pcode": "NP0327305", "adm3_name": "Nagarjun", "adm4_pcode": null, "adm4_name": null, "name_latin": "Tribhuvan Rajpath" }, "geometry": { "type": "MultiLineString", "coordinates": [ [ [ 85.2812877, 27.6932481 ], [ 85.281022, 27.6931613 ], [ 85.2803934, 27.6930126 ], [ 85.2800137, 27.6929173 ], [ 85.279696, 27.6928259 ] ] ] } },
{ "type": "Feature", "properties": { "id": "way/610849881", "name": "Kathmandu Ringroad", "name_en": null, "name_ne": "काठमाडाैँ चक्रपथ", "highway": "trunk", "surface": "paved", "smoothness": null, "width": "7", "lanes": "2", "oneway": "yes", "bridge": null, "layer": null, "source": null, "adm0_pcode": "NPL", "adm0_name": "Nepal", "adm1_pcode": "NP03", "adm1_name": "Bagmati", "adm2_pcode": "NP0327", "adm2_name": "Kathmandu", "adm3_pcode": "NP0327101", "adm3_name": "Kathmandu", "adm4_pcode": null, "adm4_name": null, "name_latin": "Kathmandu Ringroad" }, "geometry": { "type": "MultiLineString", "coordinates": [ [ [ 85.3041394, 27.7267518 ], [ 85.3042963, 27.726887 ], [ 85.3043599, 27.7269518 ], [ 85.3044469, 27.7270699 ] ] ] } },
{ "type": "Feature", "properties": { "id": "way/1090820448", "name": "कलंकी", "name_en": "Kalanki", "name_ne": "कलंकी", "highway": "trunk", "surface": "paved", "smoothness": null, "width": null, "lanes": "4", "oneway": null, "bridge": null, "layer": null, "source": null, "adm0_pcode": "NPL", "adm0_name": "Nepal", "adm1_pcode": "NP03", "adm1_name": "Bagmati", "adm2_pcode": "NP0327", "adm2_name": "Kathmandu", "adm3_pcode": "NP0327101", "adm3_name": "Kathmandu", "adm4_pcode": null, "adm4_name": null, "name_latin": "Kalanki" }, "geometry": { "type": "MultiLineString", "coordinates": [ [ [ 85.2818152, 27.6933518 ], [ 85.281534, 27.6932947 ] ] ] } },
{ "type": "Feature", "properties": { "id": "way/1284332021", "name": "Tribhuvan Rajpath", "name_en": null, "name_ne": null, "highway": "trunk", "surface": "paved", "smoothness": null, "width": "22", "lanes": "2", "oneway": "no", "bridge": null, "layer": null, "source": null, "adm0_pcode": "NPL", "adm0_name": "Nepal", "adm1_pcode": "NP03", "adm1_name": "Bagmati", "adm2_pcode": "NP0327", "adm2_name": "Kathmandu", "adm3_pcode": "NP0327101", "adm3_name": "Kathmandu", "adm4_pcode": null, "adm4_name": null, "name_latin": "Tribhuvan Rajpath" }, "geometry": { "type": "MultiLineString", "coordinates": [ [ [ 85.2812877, 27.6932481 ], [ 85.2813724, 27.6932635 ], [ 85.2814372, 27.6932752 ], [ 85.281534, 27.6932947 ] ] ] } },
{ "type": "Feature", "properties": { "id": "way/1090820451", "name": "Kathmandu Ringroad", "name_en": null, "name_ne": "काठमाडाैँ चक्रपथ", "highway": "trunk", "surface": "paved", "smoothness": null, "width": "7", "lanes": "2", "oneway": "yes", "bridge": null, "layer": "-1", "source": null, "adm0_pcode": "NPL", "adm0_name": "Nepal", "adm1_pcode": "NP03", "adm1_name": "Bagmati", "adm2_pcode": "NP0327", "adm2_name": "Kathmandu", "adm3_pcode": "NP0327101", "adm3_name": "Kathmandu", "adm4_pcode": null, "adm4_name": null, "name_latin": "Kathmandu Ringroad" }, "geometry": { "type": "MultiLineString", "coordinates": [ [ [ 85.2816468, 27.69424 ], [ 85.2816844, 27.6938121 ], [ 85.2817201, 27.6934211 ], [ 85.281743, 27.6931586 ], [ 85.2817623, 27.6930414 ], [ 85.2818039, 27.6928906 ], [ 85.2818571, 27.6927586 ], [ 85.2818889, 27.6926826 ] ] ] } },
{ "type": "Feature", "properties": { "id": "way/1090820447", "name": "Kathmandu Ringroad", "name_en": null, "name_ne": "काठमाडाैँ चक्रपथ", "highway": "trunk", "surface": "paved", "smoothness": null, "width": "7", "lanes": "2", "oneway": "yes", "bridge": null, "layer": "-1", "source": null, "adm0_pcode": "NPL", "adm0_name": "Nepal", "adm1_pcode": "NP03", "adm1_name": "Bagmati", "adm2_pcode": "NP0327", "adm2_name": "Kathmandu", "adm3_pcode": "NP0327101", "adm3_name": "Kathmandu", "adm4_pcode": null, "adm4_name": null, "name_latin": "Kathmandu Ringroad" }, "geometry": { "type": "MultiLineString", "coordinates": [ [ [ 85.2816704, 27.6931475 ], [ 85.2816289, 27.6933589 ], [ 85.2816121, 27.6936328 ], [ 85.2815906, 27.6938632 ] ] ] } },
{ "type": "Feature", "properties": { "id": "way/225456437", "name": "Kathmandu Ringroad", "name_en": null, "name_ne": "काठमाडाैँ चक्रपथ", "highway": "trunk", "surface": "paved", "smoothness": null, "width": "6", "lanes": "2", "oneway": "yes", "bridge": null, "layer": null, "source": null, "adm0_pcode": "NPL", "adm0_name": "Nepal", "adm1_pcode": "NP03", "adm1_name": "Bagmati", "adm2_pcode": "NP0325", "adm2_name": "Lalitpur", "adm3_pcode": "NP0325101", "adm3_name": "Lalitpur", "adm4_pcode": null, "adm4_name": null, "name_latin": "Kathmandu Ringroad" }, "geometry": { "type": "MultiLineString", "coordinates": [ [ [ 85.3182187, 27.6613437 ], [ 85.3181949, 27.6613613 ], [ 85.3178513, 27.6616154 ], [ 85.317577, 27.6618463 ], [ 85.3174434, 27.6619556 ], [ 85.3170112, 27.6623093 ], [ 85.3156739, 27.6633717 ], [ 85.3149906, 27.6639223 ], [ 85.3140995, 27.6646526 ], [ 85.3139737, 27.6647537 ], [ 85.3137603, 27.6648897 ], [ 85.3136497, 27.6649588 ], [ 85.3135497, 27.6650155 ], [ 85.3134372, 27.6650696 ], [ 85.3132998, 27.6651376 ], [ 85.3130874, 27.6652238 ], [ 85.3130076, 27.6652469 ], [ 85.3124256, 27.6654143 ], [ 85.3113512, 27.6657151 ], [ 85.3101702, 27.6660663 ], [ 85.3092615, 27.6663288 ], [ 85.3089371, 27.6664211 ], [ 85.3087796, 27.6664659 ], [ 85.3083787, 27.6665931 ], [ 85.3082712, 27.6666338 ], [ 85.3082083, 27.6666576 ] ] ] } },
{ "type": "Feature", "properties": { "id": "way/416294069", "name": "Kathmandu Ringroad", "name_en": null, "name_ne": "काठमाडाैँ चक्रपथ", "highway": "trunk", "surface": "paved", "smoothness": null, "width": "7", "lanes": "2", "oneway": "yes", "bridge": null, "layer": null, "source": null, "adm0_pcode": "NPL", "adm0_name": "Nepal", "adm1_pcode": "NP03", "adm1_name": "Bagmati", "adm2_pcode": "NP0326", "adm2_name": "Bhaktapur", "adm3_pcode": "NP0326301", "adm3_name": "Madhyapur Thimi", "adm4_pcode": null, "adm4_name": null, "name_latin": "Kathmandu Ringroad" }, "geometry": { "type": "MultiLineString", "coordinates": [ [ [ 85.3488421, 27.6783339 ], [ 85.3479743, 27.6777836 ], [ 85.3475803, 27.6775403 ], [ 85.3469765, 27.6771376 ], [ 85.3464541, 27.6768023 ], [ 85.3458279, 27.6763889 ] ] ] } },
{ "type": "Feature", "properties": { "id": "way/777629770", "name": "Kathmandu Ringroad", "name_en": null, "name_ne": "काठमाडाैँ चक्रपथ", "highway": "trunk", "surface": null, "smoothness": null, "width": "7", "lanes": "2", "oneway": "yes", "bridge": null, "layer": null, "source": null, "adm0_pcode": "NPL", "adm0_name": "Nepal", "adm1_pcode": "NP03", "adm1_name": "Bagmati", "adm2_pcode": "NP0327", "adm2_name": "Kathmandu", "adm3_pcode": "NP0327101", "adm3_name": "Kathmandu", "adm4_pcode": null, "adm4_name": null, "name_latin": "Kathmandu Ringroad" }, "geometry": { "type": "MultiLineString", "coordinates": [ [ [ 85.2840793, 27.6894041 ], [ 85.2841048, 27.6893671 ], [ 85.2841986, 27.6892434 ], [ 85.2843009, 27.6891392 ], [ 85.2844279, 27.6890225 ], [ 85.284583, 27.6888994 ], [ 85.2847135, 27.688816 ], [ 85.284846, 27.6887417 ], [ 85.2849696, 27.6886798 ], [ 85.2850895, 27.6886298 ], [ 85.2852535, 27.6885798 ], [ 85.2853797, 27.6885535 ], [ 85.2856627, 27.6885089 ], [ 85.2857924, 27.6884907 ], [ 85.2861997, 27.6884334 ], [ 85.2868897, 27.6883363 ], [ 85.2877727, 27.6882057 ], [ 85.2887266, 27.6880635 ], [ 85.2892565, 27.6879821 ], [ 85.2897003, 27.6878936 ], [ 85.2898746, 27.6878401 ], [ 85.2900584, 27.6877854 ], [ 85.2902314, 27.6877231 ], [ 85.2904098, 27.6876412 ], [ 85.2905733, 27.6875581 ], [ 85.290788, 27.6874316 ], [ 85.2910575, 27.6872464 ], [ 85.2918839, 27.6865935 ], [ 85.2928966, 27.6858309 ], [ 85.2931578, 27.6856563 ], [ 85.2932395, 27.6856151 ], [ 85.2934447, 27.6855113 ], [ 85.2937933, 27.6853772 ], [ 85.2941059, 27.6853017 ], [ 85.2945223, 27.6852517 ], [ 85.2956401, 27.6851171 ], [ 85.2971692, 27.6849309 ], [ 85.2973064, 27.684917 ], [ 85.2975015, 27.6849071 ], [ 85.2975131, 27.6849067 ] ] ] } },
{ "type": "Feature", "properties": { "id": "way/1301405072", "name": null, "name_en": null, "name_ne": null, "highway": "trunk_link", "surface": null, "smoothness": null, "width": null, "lanes": null, "oneway": null, "bridge": null, "layer": null, "source": null, "adm0_pcode": "NPL", "adm0_name": "Nepal", "adm1_pcode": "NP03", "adm1_name": "Bagmati", "adm2_pcode": "NP0327", "adm2_name": "Kathmandu", "adm3_pcode": "NP0327308", "adm3_name": "Chandragiri", "adm4_pcode": null, "adm4_name": null, "name_latin": null }, "geometry": { "type": "MultiLineString", "coordinates": [ [ [ 85.2216412, 27.6905228 ], [ 85.221565, 27.6904673 ] ] ] } },
{ "type": "Feature", "properties": { "id": "way/171599261", "name": "Kathmandu Ringroad", "name_en": null, "name_ne": "काठमाडाैँ चक्रपथ", "highway": "trunk", "surface": "paved", "smoothness": null, "width": "7", "lanes": "2", "oneway": "yes", "bridge": null, "layer": null, "source": null, "adm0_pcode": "NPL", "adm0_name": "Nepal", "adm1_pcode": "NP03", "adm1_name": "Bagmati", "adm2_pcode": "NP0327", "adm2_name": "Kathmandu", "adm3_pcode": "NP0327101", "adm3_name": "Kathmandu", "adm4_pcode": null, "adm4_name": null, "name_latin": "Kathmandu Ringroad" }, "geometry": { "type": "MultiLineString", "coordinates": [ [ [ 85.2972927, 27.6848568 ], [ 85.2971612, 27.6848722 ], [ 85.2956052, 27.6850541 ], [ 85.2945173, 27.6851845 ], [ 85.2941234, 27.6852335 ], [ 85.2938211, 27.6852999 ], [ 85.2935413, 27.685402 ], [ 85.2932703, 27.685533 ], [ 85.2932065, 27.6855676 ], [ 85.293033, 27.6856615 ], [ 85.292803, 27.6858103 ], [ 85.2925549, 27.6860062 ], [ 85.2918633, 27.6865368 ], [ 85.2908959, 27.6872657 ], [ 85.2906695, 27.6874197 ], [ 85.2904378, 27.6875487 ], [ 85.2902303, 27.687648 ], [ 85.2900939, 27.6876978 ], [ 85.2899761, 27.6877387 ], [ 85.2898323, 27.6877878 ], [ 85.2896982, 27.6878264 ], [ 85.2895399, 27.6878635 ], [ 85.2893414, 27.6879009 ], [ 85.2889662, 27.687964 ], [ 85.2882532, 27.6880611 ], [ 85.2872528, 27.6882102 ], [ 85.2868889, 27.6882688 ], [ 85.2861933, 27.6883656 ], [ 85.285779, 27.6884248 ], [ 85.2856279, 27.6884464 ], [ 85.2853508, 27.6884967 ], [ 85.2851143, 27.6885549 ], [ 85.2849689, 27.6886013 ], [ 85.2848314, 27.688669 ], [ 85.2846513, 27.6887652 ], [ 85.28451, 27.6888674 ], [ 85.2843466, 27.6890109 ], [ 85.2842006, 27.6891406 ], [ 85.2841203, 27.689237 ] ] ] } },
{ "type": "Feature", "properties": { "id": "way/670112952", "name": "Kathmandu Ringroad", "name_en": null, "name_ne": "काठमाडाैँ चक्रपथ", "highway": "trunk", "surface": null, "smoothness": null, "width": "7", "lanes": "2", "oneway": "yes", "bridge": "yes", "layer": "1", "source": null, "adm0_pcode": "NPL", "adm0_name": "Nepal", "adm1_pcode": "NP03", "adm1_name": "Bagmati", "adm2_pcode": "NP0327", "adm2_name": "Kathmandu", "adm3_pcode": "NP0327101", "adm3_name": "Kathmandu", "adm4_pcode": null, "adm4_name": null, "name_latin": "Kathmandu Ringroad" }, "geometry": { "type": "MultiLineString", "coordinates": [ [ [ 85.2988544, 27.6847458 ], [ 85.3001447, 27.6845933 ] ] ] } },
{ "type": "Feature", "properties": { "id": "way/225457469", "name": "Kathmandu Ringroad", "name_en": null, "name_ne": "काठमाडाैँ चक्रपथ", "highway": "trunk", "surface": "paved", "smoothness": null, "width": "7", "lanes": "2", "oneway": "yes", "bridge": null, "layer": "-1", "source": null, "adm0_pcode": "NPL", "adm0_name": "Nepal", "adm1_pcode": "NP03", "adm1_name": "Bagmati", "adm2_pcode": "NP0327", "adm2_name": "Kathmandu", "adm3_pcode": "NP0327101", "adm3_name": "Kathmandu", "adm4_pcode": null, "adm4_name": null, "name_latin": "Kathmandu Ringroad" }, "geometry": { "type": "MultiLineString", "coordinates": [ [ [ 85.2818125, 27.6926629 ], [ 85.2818005, 27.6926881 ], [ 85.2817799, 27.6927431 ], [ 85.2817363, 27.6928635 ], [ 85.2817022, 27.6929666 ], [ 85.2816704, 27.6931475 ] ] ] } },
{ "type": "Feature", "properties": { "id": "way/752113741", "name": "Kathmandu Ringroad", "name_en": null, "name_ne": "काठमाडाैँ चक्रपथ", "highway": "trunk", "surface": "paved", "smoothness": null, "width": "14", "lanes": "4", "oneway": "no", "bridge": null, "layer": null, "source": null, "adm0_pcode": "NPL", "adm0_name": "Nepal", "adm1_pcode": "NP03", "adm1_name": "Bagmati", "adm2_pcode": "NP0327", "adm2_name": "Kathmandu", "adm3_pcode": "NP0327101", "adm3_name": "Kathmandu", "adm4_pcode": null, "adm4_name": null, "name_latin": "Kathmandu Ringroad" }, "geometry": { "type": "MultiLineString", "coordinates": [ [ [ 85.3033367, 27.7262633 ], [ 85.3035463, 27.7263784 ], [ 85.3039037, 27.7266015 ], [ 85.3041394, 27.7267518 ] ] ] } },
{ "type": "Feature", "properties": { "id": "way/215507255", "name": "Kathmandu Ringroad", "name_en": null, "name_ne": "काठमाडाैँ चक्रपथ", "highway": "trunk", "surface": "paved", "smoothness": null, "width": "14", "lanes": "4", "oneway": "yes", "bridge": null, "layer": null, "source": null, "adm0_pcode": "NPL", "adm0_name": "Nepal", "adm1_pcode": "NP03", "adm1_name": "Bagmati", "adm2_pcode": "NP0326", "adm2_name": "Bhaktapur", "adm3_pcode": "NP0326301", "adm3_name": "Madhyapur Thimi", "adm4_pcode": null, "adm4_name": null, "name_latin": "Kathmandu Ringroad" }, "geometry": { "type": "MultiLineString", "coordinates": [ [ [ 85.3495325, 27.6787883 ], [ 85.3492714, 27.6786113 ], [ 85.3488421, 27.6783339 ] ] ] } },
{ "type": "Feature", "properties": { "id": "way/232095618", "name": "Kathmandu Ringroad", "name_en": null, "name_ne": "काठमाडाैँ चक्रपथ", "highway": "trunk", "surface": "asphalt", "smoothness": null, "width": "14", "lanes": "4", "oneway": null, "bridge": null, "layer": null, "source": null, "adm0_pcode": "NPL", "adm0_name": "Nepal", "adm1_pcode": "NP03", "adm1_name": "Bagmati", "adm2_pcode": "NP0327", "adm2_name": "Kathmandu", "adm3_pcode": "NP0327303", "adm3_name": "Budhanilkhantha", "adm4_pcode": null, "adm4_name": null, "name_latin": "Kathmandu Ringroad" }, "geometry": { "type": "MultiLineString", "coordinates": [ [ [ 85.345599, 27.7274069 ], [ 85.3456129, 27.7274584 ], [ 85.3456399, 27.7275587 ], [ 85.3457103, 27.7278019 ], [ 85.3458323, 27.7281887 ], [ 85.3458649, 27.7283161 ], [ 85.3458809, 27.7284179 ], [ 85.345897, 27.7285435 ], [ 85.3459051, 27.7286757 ], [ 85.3459113, 27.7287965 ], [ 85.3459078, 27.7289073 ], [ 85.3459003, 27.7290186 ], [ 85.3458758, 27.7291192 ], [ 85.3458603, 27.7291798 ], [ 85.345831, 27.7292705 ], [ 85.3458001, 27.7293594 ], [ 85.345764, 27.7294462 ], [ 85.3457283, 27.7295157 ], [ 85.3456388, 27.7296804 ], [ 85.3455133, 27.7298854 ], [ 85.3454727, 27.7299535 ], [ 85.3454088, 27.7300574 ], [ 85.345289, 27.7302561 ], [ 85.3450031, 27.730717 ], [ 85.3448049, 27.731036 ], [ 85.3446318, 27.731303 ], [ 85.3443282, 27.731706 ] ] ] } },
{ "type": "Feature", "properties": { "id": "way/232096884", "name": "Araniko Highway", "name_en": null, "name_ne": null, "highway": "trunk", "surface": "asphalt", "smoothness": null, "width": "10", "lanes": "4", "oneway": "yes", "bridge": null, "layer": null, "source": null, "adm0_pcode": "NPL", "adm0_name": "Nepal", "adm1_pcode": "NP03", "adm1_name": "Bagmati", "adm2_pcode": "NP0326", "adm2_name": "Bhaktapur", "adm3_pcode": "NP0326304", "adm3_name": "Suryabinayak", "adm4_pcode": null, "adm4_name": null, "name_latin": "Araniko Highway" }, "geometry": { "type": "MultiLineString", "coordinates": [ [ [ 85.3974825, 27.6745415 ], [ 85.397175, 27.6745569 ], [ 85.3965432, 27.6745624 ], [ 85.3960491, 27.674545 ], [ 85.3941361, 27.6743227 ], [ 85.3921942, 27.6740668 ], [ 85.3907337, 27.6738879 ], [ 85.39001, 27.6738008 ], [ 85.3898107, 27.6737697 ], [ 85.3895787, 27.6737434 ], [ 85.3876709, 27.6735036 ], [ 85.3862949, 27.673338 ] ] ] } },
{ "type": "Feature", "properties": { "id": "way/224823944", "name": "Araniko Highway", "name_en": null, "name_ne": null, "highway": "trunk", "surface": "asphalt", "smoothness": null, "width": "10", "lanes": "2", "oneway": "yes", "bridge": null, "layer": null, "source": null, "adm0_pcode": "NPL", "adm0_name": "Nepal", "adm1_pcode": "NP03", "adm1_name": "Bagmati", "adm2_pcode": "NP0326", "adm2_name": "Bhaktapur", "adm3_pcode": "NP0326304", "adm3_name": "Suryabinayak", "adm4_pcode": null, "adm4_name": null, "name_latin": "Araniko Highway" }, "geometry": { "type": "MultiLineString", "coordinates": [ [ [ 85.3854042, 27.6733529 ], [ 85.3858976, 27.6734015 ], [ 85.3876479, 27.6736146 ], [ 85.3888991, 27.6737681 ], [ 85.3893484, 27.6738227 ], [ 85.3895602, 27.6738514 ], [ 85.3897915, 27.6738828 ], [ 85.3899881, 27.6739078 ], [ 85.3921875, 27.6741873 ], [ 85.3930566, 27.6742978 ], [ 85.3940825, 27.6744201 ], [ 85.3949247, 27.6745223 ], [ 85.395833, 27.6746393 ], [ 85.3960432, 27.6746624 ], [ 85.3962577, 27.6746711 ], [ 85.3964402, 27.6746838 ], [ 85.3966096, 27.6746835 ], [ 85.3975999, 27.6746406 ], [ 85.3976867, 27.6746345 ], [ 85.3982748, 27.6745674 ], [ 85.398535, 27.6745175 ], [ 85.3988247, 27.6744629 ], [ 85.3990495, 27.67441 ], [ 85.3996489, 27.6742616 ] ] ] } },
{ "type": "Feature", "properties": { "id": "way/216297391", "name": "Kathmandu Ringroad", "name_en": null, "name_ne": "काठमाडाैँ चक्रपथ", "highway": "trunk", "surface": "paved", "smoothness": null, "width": "6", "lanes": "2", "oneway": "yes", "bridge": null, "layer": null, "source": null, "adm0_pcode": "NPL", "adm0_name": "Nepal", "adm1_pcode": "NP03", "adm1_name": "Bagmati", "adm2_pcode": "NP0325", "adm2_name": "Lalitpur", "adm3_pcode": "NP0325101", "adm3_name": "Lalitpur", "adm4_pcode": null, "adm4_name": null, "name_latin": "Kathmandu Ringroad" }, "geometry": { "type": "MultiLineString", "coordinates": [ [ [ 85.32474, 27.6587024 ], [ 85.3246361, 27.6586416 ], [ 85.3242421, 27.6584126 ], [ 85.3237328, 27.6581118 ], [ 85.3235758, 27.6580249 ], [ 85.323498, 27.6579848 ], [ 85.3233488, 27.6579158 ], [ 85.3232793, 27.6578889 ], [ 85.3232145, 27.6578685 ], [ 85.3231521, 27.6578534 ], [ 85.3230889, 27.6578419 ], [ 85.3230254, 27.6578339 ], [ 85.3229619, 27.6578292 ], [ 85.3228987, 27.6578278 ], [ 85.3228361, 27.6578294 ], [ 85.3227745, 27.6578341 ], [ 85.3227142, 27.6578416 ], [ 85.3226555, 27.6578519 ], [ 85.3225988, 27.6578648 ], [ 85.3225443, 27.6578802 ], [ 85.3224925, 27.657898 ] ] ] } },
{ "type": "Feature", "properties": { "id": "way/338943704", "name": "Lampati", "name_en": null, "name_ne": null, "highway": "trunk", "surface": "paved", "smoothness": null, "width": "12", "lanes": "4", "oneway": null, "bridge": null, "layer": null, "source": null, "adm0_pcode": "NPL", "adm0_name": "Nepal", "adm1_pcode": "NP03", "adm1_name": "Bagmati", "adm2_pcode": "NP0327", "adm2_name": "Kathmandu", "adm3_pcode": "NP0327101", "adm3_name": "Kathmandu", "adm4_pcode": null, "adm4_name": null, "name_latin": "Lampati" }, "geometry": { "type": "MultiLineString", "coordinates": [ [ [ 85.2890414, 27.6953406 ], [ 85.2888833, 27.6952942 ], [ 85.2883751, 27.6951366 ], [ 85.2881125, 27.695066 ], [ 85.2877435, 27.694961 ], [ 85.2873599, 27.6948543 ], [ 85.2871849, 27.6948064 ], [ 85.2868943, 27.6947251 ], [ 85.2865809, 27.694649 ], [ 85.2856062, 27.6943531 ] ] ] } },
{ "type": "Feature", "properties": { "id": "way/171203193", "name": "Araniko Highway", "name_en": null, "name_ne": null, "highway": "trunk", "surface": "asphalt", "smoothness": null, "width": "10", "lanes": "4", "oneway": "yes", "bridge": null, "layer": null, "source": null, "adm0_pcode": "NPL", "adm0_name": "Nepal", "adm1_pcode": "NP03", "adm1_name": "Bagmati", "adm2_pcode": "NP0326", "adm2_name": "Bhaktapur", "adm3_pcode": "NP0326301", "adm3_name": "Madhyapur Thimi", "adm4_pcode": null, "adm4_name": null, "name_latin": "Araniko Highway" }, "geometry": { "type": "MultiLineString", "coordinates": [ [ [ 85.3854255, 27.6732317 ], [ 85.3853348, 27.6732197 ], [ 85.38472, 27.673211 ], [ 85.3841261, 27.6732227 ], [ 85.3820407, 27.6733427 ], [ 85.3810458, 27.6733893 ], [ 85.3797859, 27.6734603 ] ] ] } },
{ "type": "Feature", "properties": { "id": "way/1118309782", "name": "Araniko Highway", "name_en": null, "name_ne": "अरनिको राजमार्ग", "highway": "trunk", "surface": "paved", "smoothness": null, "width": "7", "lanes": "2", "oneway": "yes", "bridge": null, "layer": null, "source": null, "adm0_pcode": "NPL", "adm0_name": "Nepal", "adm1_pcode": "NP03", "adm1_name": "Bagmati", "adm2_pcode": "NP0326", "adm2_name": "Bhaktapur", "adm3_pcode": "NP0326301", "adm3_name": "Madhyapur Thimi", "adm4_pcode": null, "adm4_name": null, "name_latin": "Araniko Highway" }, "geometry": { "type": "MultiLineString", "coordinates": [ [ [ 85.3495325, 27.6787883 ], [ 85.349528, 27.6789384 ] ] ] } },
{ "type": "Feature", "properties": { "id": "way/1132401297", "name": "Kathmandu Ringroad", "name_en": null, "name_ne": "काठमाडाैँ चक्रपथ", "highway": "trunk", "surface": null, "smoothness": null, "width": "3.5", "lanes": null, "oneway": "yes", "bridge": null, "layer": null, "source": null, "adm0_pcode": "NPL", "adm0_name": "Nepal", "adm1_pcode": "NP03", "adm1_name": "Bagmati", "adm2_pcode": "NP0326", "adm2_name": "Bhaktapur", "adm3_pcode": "NP0326301", "adm3_name": "Madhyapur Thimi", "adm4_pcode": null, "adm4_name": null, "name_latin": "Kathmandu Ringroad" }, "geometry": { "type": "MultiLineString", "coordinates": [ [ [ 85.349252, 27.6787672 ], [ 85.3494144, 27.6788348 ], [ 85.3494809, 27.6788892 ], [ 85.349528, 27.6789384 ] ] ] } },
{ "type": "Feature", "properties": { "id": "way/670112953", "name": "Kathmandu Ringroad", "name_en": null, "name_ne": "काठमाडाैँ चक्रपथ", "highway": "trunk", "surface": null, "smoothness": null, "width": "7", "lanes": "2", "oneway": "yes", "bridge": null, "layer": null, "source": null, "adm0_pcode": "NPL", "adm0_name": "Nepal", "adm1_pcode": "NP03", "adm1_name": "Bagmati", "adm2_pcode": "NP0327", "adm2_name": "Kathmandu", "adm3_pcode": "NP0327101", "adm3_name": "Kathmandu", "adm4_pcode": null, "adm4_name": null, "name_latin": "Kathmandu Ringroad" }, "geometry": { "type": "MultiLineString", "coordinates": [ [ [ 85.2980455, 27.6848387 ], [ 85.2980772, 27.6848346 ], [ 85.2982255, 27.6848156 ], [ 85.2983495, 27.6848018 ], [ 85.2988544, 27.6847458 ] ] ] } },
{ "type": "Feature", "properties": { "id": "way/343515304", "name": "Tribhuvan Rajpath", "name_en": null, "name_ne": null, "highway": "trunk", "surface": "paved", "smoothness": null, "width": null, "lanes": "2", "oneway": null, "bridge": null, "layer": null, "source": null, "adm0_pcode": "NPL", "adm0_name": "Nepal", "adm1_pcode": "NP03", "adm1_name": "Bagmati", "adm2_pcode": "NP0330", "adm2_name": "Dhading", "adm3_pcode": "NP0330302", "adm3_name": "Dhunibenshi", "adm4_pcode": null, "adm4_name": null, "name_latin": "Tribhuvan Rajpath" }, "geometry": { "type": "MultiLineString", "coordinates": [ [ [ 85.1974384, 27.7163715 ], [ 85.1975112, 27.7164552 ], [ 85.1975722, 27.7165013 ], [ 85.1976336, 27.7165257 ], [ 85.1977114, 27.716538 ], [ 85.1977737, 27.716537 ], [ 85.1978538, 27.7165208 ], [ 85.197917, 27.7164956 ], [ 85.1979797, 27.716453 ], [ 85.198023, 27.7163908 ], [ 85.1980699, 27.7162751 ], [ 85.1980792, 27.7161328 ], [ 85.1980654, 27.7158397 ], [ 85.1980089, 27.7156335 ], [ 85.1980368, 27.7155432 ], [ 85.1981233, 27.7154254 ], [ 85.1983187, 27.7152841 ], [ 85.1983999, 27.7152129 ], [ 85.1985271, 27.7150288 ], [ 85.1986012, 27.7149714 ], [ 85.198696, 27.7149237 ], [ 85.1988526, 27.7148594 ], [ 85.1989584, 27.7148053 ], [ 85.1990885, 27.7146837 ], [ 85.1991951, 27.7145236 ], [ 85.199354, 27.7143732 ], [ 85.1996059, 27.714012 ], [ 85.1996771, 27.7139682 ], [ 85.1997612, 27.7139428 ], [ 85.1998418, 27.7139298 ], [ 85.1999504, 27.7139345 ], [ 85.2000318, 27.7139706 ], [ 85.2001038, 27.7140388 ], [ 85.2002327, 27.7142636 ], [ 85.2002999, 27.7142976 ], [ 85.2003886, 27.7143084 ], [ 85.2004843, 27.7143067 ], [ 85.200688, 27.7142463 ], [ 85.2008271, 27.7142212 ], [ 85.200984, 27.7142205 ], [ 85.2010909, 27.7142115 ], [ 85.2011604, 27.714187 ], [ 85.2012175, 27.7141528 ], [ 85.201321, 27.7140165 ], [ 85.2016361, 27.713631 ], [ 85.2017628, 27.7134569 ], [ 85.2018771, 27.713324 ], [ 85.2019208, 27.7132786 ], [ 85.2019961, 27.7132407 ], [ 85.2023356, 27.7131604 ], [ 85.2025065, 27.7131352 ], [ 85.2026094, 27.7131534 ], [ 85.2026758, 27.7131908 ], [ 85.2031935, 27.7135576 ], [ 85.2033297, 27.7136216 ], [ 85.2034282, 27.7136323 ], [ 85.2034984, 27.713623 ], [ 85.2035728, 27.7135797 ], [ 85.2038058, 27.7133398 ], [ 85.2038584, 27.7132417 ], [ 85.2038738, 27.7131519 ], [ 85.2038615, 27.7128276 ], [ 85.203902, 27.7127444 ], [ 85.2039476, 27.7126722 ], [ 85.2041035, 27.7125689 ], [ 85.204272, 27.7124422 ], [ 85.204429, 27.7121656 ], [ 85.2044639, 27.7120491 ], [ 85.2044659, 27.7119583 ], [ 85.2044384, 27.7117961 ], [ 85.2042908, 27.7114766 ], [ 85.2042438, 27.7112973 ], [ 85.2042035, 27.7111133 ], [ 85.2041727, 27.7109352 ], [ 85.2041408, 27.7107741 ], [ 85.2041515, 27.7106921 ], [ 85.2042122, 27.7106275 ], [ 85.20439, 27.7105312 ], [ 85.2045198, 27.7104431 ], [ 85.204571, 27.710378 ], [ 85.204605, 27.7103015 ], [ 85.2046001, 27.7102351 ], [ 85.2045612, 27.7101226 ], [ 85.2043341, 27.7098291 ], [ 85.2042111, 27.7097003 ], [ 85.2041561, 27.7096163 ], [ 85.2041137, 27.7095336 ], [ 85.2040859, 27.7094118 ], [ 85.2039996, 27.7090787 ], [ 85.2039706, 27.7089534 ], [ 85.2039779, 27.708814 ], [ 85.2040135, 27.7087074 ], [ 85.2040876, 27.7085736 ], [ 85.2041316, 27.7085128 ], [ 85.2043782, 27.7083168 ], [ 85.2044731, 27.7082308 ], [ 85.2045245, 27.7081342 ], [ 85.2045446, 27.7080557 ], [ 85.2045395, 27.7078298 ], [ 85.2045557, 27.7077209 ], [ 85.2046001, 27.7076467 ], [ 85.2046802, 27.7075925 ], [ 85.2047995, 27.7075509 ], [ 85.2049602, 27.707507 ], [ 85.2050987, 27.7074272 ], [ 85.2052901, 27.7072927 ] ] ] } },
{ "type": "Feature", "properties": { "id": "way/591355896", "name": "Kathmandu Ringroad", "name_en": null, "name_ne": "काठमाडाैँ चक्रपथ", "highway": "trunk", "surface": "paved", "smoothness": null, "width": null, "lanes": "4", "oneway": "yes", "bridge": null, "layer": null, "source": null, "adm0_pcode": "NPL", "adm0_name": "Nepal", "adm1_pcode": "NP03", "adm1_name": "Bagmati", "adm2_pcode": "NP0326", "adm2_name": "Bhaktapur", "adm3_pcode": "NP0326301", "adm3_name": "Madhyapur Thimi", "adm4_pcode": null, "adm4_name": null, "name_latin": "Kathmandu Ringroad" }, "geometry": { "type": "MultiLineString", "coordinates": [ [ [ 85.3496796, 27.6789466 ], [ 85.3495325, 27.6787883 ] ] ] } },
{ "type": "Feature", "properties": { "id": "way/1196456662", "name": "Kathmandu Ringroad", "name_en": null, "name_ne": "काठमाडाैँ चक्रपथ", "highway": "trunk", "surface": "asphalt", "smoothness": null, "width": "16", "lanes": "4", "oneway": null, "bridge": null, "layer": null, "source": null, "adm0_pcode": "NPL", "adm0_name": "Nepal", "adm1_pcode": "NP03", "adm1_name": "Bagmati", "adm2_pcode": "NP0327", "adm2_name": "Kathmandu", "adm3_pcode": "NP0327101", "adm3_name": "Kathmandu", "adm4_pcode": null, "adm4_name": null, "name_latin": "Kathmandu Ringroad" }, "geometry": { "type": "MultiLineString", "coordinates": [ [ [ 85.3384205, 27.7393409 ], [ 85.3374051, 27.7398525 ], [ 85.3371159, 27.7399982 ] ] ] } },
{ "type": "Feature", "properties": { "id": "way/180152353", "name": "Kathmandu Ringroad", "name_en": null, "name_ne": "काठमाडाैँ चक्रपथ", "highway": "trunk", "surface": "paved", "smoothness": null, "width": "7", "lanes": "2", "oneway": "yes", "bridge": null, "layer": null, "source": null, "adm0_pcode": "NPL", "adm0_name": "Nepal", "adm1_pcode": "NP03", "adm1_name": "Bagmati", "adm2_pcode": "NP0327", "adm2_name": "Kathmandu", "adm3_pcode": "NP0327101", "adm3_name": "Kathmandu", "adm4_pcode": null, "adm4_name": null, "name_latin": "Kathmandu Ringroad" }, "geometry": { "type": "MultiLineString", "coordinates": [ [ [ 85.2988406, 27.6846827 ], [ 85.2983445, 27.6847363 ], [ 85.2982213, 27.6847496 ], [ 85.2980693, 27.6847686 ], [ 85.2980356, 27.6847728 ] ] ] } },
{ "type": "Feature", "properties": { "id": "way/1132407060", "name": null, "name_en": null, "name_ne": null, "highway": "trunk", "surface": null, "smoothness": null, "width": null, "lanes": null, "oneway": "yes", "bridge": null, "layer": null, "source": null, "adm0_pcode": "NPL", "adm0_name": "Nepal", "adm1_pcode": "NP03", "adm1_name": "Bagmati", "adm2_pcode": "NP0326", "adm2_name": "Bhaktapur", "adm3_pcode": "NP0326301", "adm3_name": "Madhyapur Thimi", "adm4_pcode": null, "adm4_name": null, "name_latin": null }, "geometry": { "type": "MultiLineString", "coordinates": [ [ [ 85.349528, 27.6789384 ], [ 85.3496796, 27.6789466 ] ] ] } },
{ "type": "Feature", "properties": { "id": "way/1290289974", "name": "Tribhuvan Rajpath", "name_en": null, "name_ne": null, "highway": "trunk", "surface": "paved", "smoothness": null, "width": null, "lanes": "2", "oneway": "yes", "bridge": null, "layer": null, "source": null, "adm0_pcode": "NPL", "adm0_name": "Nepal", "adm1_pcode": "NP03", "adm1_name": "Bagmati", "adm2_pcode": "NP0327", "adm2_name": "Kathmandu", "adm3_pcode": "NP0327308", "adm3_name": "Chandragiri", "adm4_pcode": null, "adm4_name": null, "name_latin": "Tribhuvan Rajpath" }, "geometry": { "type": "MultiLineString", "coordinates": [ [ [ 85.2263882, 27.6893382 ], [ 85.2262942, 27.6893361 ], [ 85.2262312, 27.6893566 ], [ 85.2261772, 27.6893798 ], [ 85.2259131, 27.6895139 ], [ 85.2257509, 27.6896089 ], [ 85.2255556, 27.6897136 ], [ 85.2252314, 27.6899091 ], [ 85.2250945, 27.6899841 ], [ 85.224979, 27.6900264 ], [ 85.2248614, 27.690054 ], [ 85.2247451, 27.6900731 ], [ 85.224655, 27.6900779 ], [ 85.2245605, 27.69007 ], [ 85.224414, 27.6900527 ], [ 85.2240353, 27.6899884 ], [ 85.2233626, 27.6898639 ], [ 85.2229128, 27.68978 ], [ 85.2227933, 27.6897437 ], [ 85.2226086, 27.6897465 ], [ 85.2224941, 27.6897884 ], [ 85.2223786, 27.6898382 ], [ 85.2222889, 27.6899134 ], [ 85.2220858, 27.6900578 ], [ 85.2218376, 27.6902402 ], [ 85.2216637, 27.6903775 ], [ 85.221565, 27.6904673 ], [ 85.2214592, 27.6905661 ], [ 85.2213519, 27.6906923 ], [ 85.2212436, 27.6908576 ], [ 85.2211786, 27.6909977 ], [ 85.2210589, 27.6912765 ], [ 85.2210529, 27.6913053 ], [ 85.2210502, 27.6913374 ], [ 85.2210515, 27.6914191 ] ] ] } },
{ "type": "Feature", "properties": { "id": "way/231882046", "name": "Araniko Highway", "name_en": null, "name_ne": null, "highway": "trunk", "surface": "asphalt", "smoothness": null, "width": "10", "lanes": "2", "oneway": "yes", "bridge": null, "layer": null, "source": null, "adm0_pcode": "NPL", "adm0_name": "Nepal", "adm1_pcode": "NP03", "adm1_name": "Bagmati", "adm2_pcode": "NP0326", "adm2_name": "Bhaktapur", "adm3_pcode": "NP0326301", "adm3_name": "Madhyapur Thimi", "adm4_pcode": null, "adm4_name": null, "name_latin": "Araniko Highway" }, "geometry": { "type": "MultiLineString", "coordinates": [ [ [ 85.3729302, 27.6740401 ], [ 85.3732923, 27.6740186 ], [ 85.3740179, 27.673976 ], [ 85.374085, 27.6739713 ], [ 85.3778819, 27.6737102 ], [ 85.3795725, 27.6736037 ], [ 85.3798829, 27.6735842 ], [ 85.381712, 27.6734737 ], [ 85.3832531, 27.6733788 ] ] ] } },
{ "type": "Feature", "properties": { "id": "way/1132407061", "name": null, "name_en": null, "name_ne": null, "highway": "trunk", "surface": null, "smoothness": null, "width": "3.5", "lanes": null, "oneway": "yes", "bridge": null, "layer": null, "source": null, "adm0_pcode": "NPL", "adm0_name": "Nepal", "adm1_pcode": "NP03", "adm1_name": "Bagmati", "adm2_pcode": "NP0326", "adm2_name": "Bhaktapur", "adm3_pcode": "NP0326301", "adm3_name": "Madhyapur Thimi", "adm4_pcode": null, "adm4_name": null, "name_latin": null }, "geometry": { "type": "MultiLineString", "coordinates": [ [ [ 85.349252, 27.6787672 ], [ 85.3495325, 27.6787883 ] ] ] } },
{ "type": "Feature", "properties": { "id": "way/1290289975", "name": "Tribhuvan Rajpath", "name_en": null, "name_ne": null, "highway": "trunk", "surface": "paved", "smoothness": null, "width": null, "lanes": "2", "oneway": "yes", "bridge": null, "layer": null, "source": null, "adm0_pcode": "NPL", "adm0_name": "Nepal", "adm1_pcode": "NP03", "adm1_name": "Bagmati", "adm2_pcode": "NP0327", "adm2_name": "Kathmandu", "adm3_pcode": "NP0327308", "adm3_name": "Chandragiri", "adm4_pcode": null, "adm4_name": null, "name_latin": "Tribhuvan Rajpath" }, "geometry": { "type": "MultiLineString", "coordinates": [ [ [ 85.2210515, 27.6914191 ], [ 85.2211166, 27.6913632 ], [ 85.2211454, 27.6913213 ], [ 85.2211763, 27.6912747 ], [ 85.2212892, 27.6910096 ], [ 85.2214109, 27.6907889 ], [ 85.221485, 27.6906925 ], [ 85.2216412, 27.6905228 ], [ 85.2218793, 27.6903125 ], [ 85.2220558, 27.6901891 ], [ 85.222221, 27.6900677 ], [ 85.2224089, 27.6899318 ], [ 85.2224856, 27.6898834 ], [ 85.2225516, 27.6898589 ], [ 85.2226183, 27.6898458 ], [ 85.2227247, 27.6898503 ], [ 85.2229771, 27.6898905 ], [ 85.2233577, 27.6899492 ], [ 85.2238317, 27.6900286 ], [ 85.2242125, 27.6900943 ], [ 85.2244783, 27.6901403 ], [ 85.2245914, 27.6901503 ], [ 85.2247181, 27.6901526 ], [ 85.2248725, 27.6901363 ], [ 85.2249563, 27.6901187 ], [ 85.2250807, 27.6900793 ], [ 85.2252019, 27.6900245 ], [ 85.2256022, 27.6897912 ], [ 85.2258208, 27.6896689 ], [ 85.2259737, 27.6895858 ], [ 85.2262386, 27.6894635 ], [ 85.2262879, 27.6894368 ], [ 85.2263459, 27.6893993 ], [ 85.2263882, 27.6893382 ] ] ] } },
{ "type": "Feature", "properties": { "id": "way/194607856", "name": "Araniko Highway", "name_en": null, "name_ne": "अरनिको राजमार्ग", "highway": "trunk", "surface": "asphalt", "smoothness": null, "width": "9", "lanes": "2", "oneway": "yes", "bridge": null, "layer": null, "source": null, "adm0_pcode": "NPL", "adm0_name": "Nepal", "adm1_pcode": "NP03", "adm1_name": "Bagmati", "adm2_pcode": "NP0326", "adm2_name": "Bhaktapur", "adm3_pcode": "NP0326301", "adm3_name": "Madhyapur Thimi", "adm4_pcode": null, "adm4_name": null, "name_latin": "Araniko Highway" }, "geometry": { "type": "MultiLineString", "coordinates": [ [ [ 85.3496796, 27.6789466 ], [ 85.3496972, 27.67861 ], [ 85.3496994, 27.6784728 ] ] ] } },
{ "type": "Feature", "properties": { "id": "way/1132401300", "name": "Kathmandu Ringroad", "name_en": null, "name_ne": "काठमाडौं चक्रपथ", "highway": "trunk", "surface": "paved", "smoothness": null, "width": null, "lanes": null, "oneway": "yes", "bridge": null, "layer": null, "source": null, "adm0_pcode": "NPL", "adm0_name": "Nepal", "adm1_pcode": "NP03", "adm1_name": "Bagmati", "adm2_pcode": "NP0326", "adm2_name": "Bhaktapur", "adm3_pcode": "NP0326301", "adm3_name": "Madhyapur Thimi", "adm4_pcode": null, "adm4_name": null, "name_latin": "Kathmandu Ringroad" }, "geometry": { "type": "MultiLineString", "coordinates": [ [ [ 85.3495325, 27.6787883 ], [ 85.3496375, 27.6786343 ], [ 85.3496484, 27.6786081 ], [ 85.3496994, 27.6784728 ] ] ] } },
{ "type": "Feature", "properties": { "id": "way/232096887", "name": "Araniko Highway", "name_en": null, "name_ne": null, "highway": "trunk", "surface": "asphalt", "smoothness": null, "width": "10", "lanes": "4", "oneway": "yes", "bridge": null, "layer": null, "source": null, "adm0_pcode": "NPL", "adm0_name": "Nepal", "adm1_pcode": "NP03", "adm1_name": "Bagmati", "adm2_pcode": "NP0326", "adm2_name": "Bhaktapur", "adm3_pcode": "NP0326301", "adm3_name": "Madhyapur Thimi", "adm4_pcode": null, "adm4_name": null, "name_latin": "Araniko Highway" }, "geometry": { "type": "MultiLineString", "coordinates": [ [ [ 85.3797859, 27.6734603 ], [ 85.3795675, 27.6734764 ], [ 85.3773042, 27.6736423 ], [ 85.3756732, 27.6737538 ], [ 85.3740755, 27.6738768 ], [ 85.3740122, 27.6738817 ] ] ] } },
{ "type": "Feature", "properties": { "id": "way/111846942", "name": "बिजुलीबाजार पुल", "name_en": "Bijulibazar Bridge", "name_ne": "बिजुलिबजार पुल", "highway": "trunk", "surface": "asphalt", "smoothness": null, "width": "6", "lanes": "2", "oneway": "yes", "bridge": "yes", "layer": "2", "source": null, "adm0_pcode": "NPL", "adm0_name": "Nepal", "adm1_pcode": "NP03", "adm1_name": "Bagmati", "adm2_pcode": "NP0327", "adm2_name": "Kathmandu", "adm3_pcode": "NP0327101", "adm3_name": "Kathmandu", "adm4_pcode": null, "adm4_name": null, "name_latin": "Bijulibazar Bridge" }, "geometry": { "type": "MultiLineString", "coordinates": [ [ [ 85.328572, 27.6902202 ], [ 85.3280696, 27.6904626 ] ] ] } },
{ "type": "Feature", "properties": { "id": "way/185470054", "name": "Kathmandu Ringroad", "name_en": null, "name_ne": "काठमाडाैँ चक्रपथ", "highway": "trunk", "surface": "paved", "smoothness": null, "width": "7", "lanes": "2", "oneway": "yes", "bridge": "yes", "layer": "1", "source": null, "adm0_pcode": "NPL", "adm0_name": "Nepal", "adm1_pcode": "NP03", "adm1_name": "Bagmati", "adm2_pcode": "NP0327", "adm2_name": "Kathmandu", "adm3_pcode": "NP0327101", "adm3_name": "Kathmandu", "adm4_pcode": null, "adm4_name": null, "name_latin": "Kathmandu Ringroad" }, "geometry": { "type": "MultiLineString", "coordinates": [ [ [ 85.3001345, 27.684527 ], [ 85.2988406, 27.6846827 ] ] ] } },
{ "type": "Feature", "properties": { "id": "way/938739040", "name": null, "name_en": null, "name_ne": null, "highway": "trunk", "surface": "asphalt", "smoothness": null, "width": "6", "lanes": null, "oneway": "yes", "bridge": null, "layer": null, "source": null, "adm0_pcode": "NPL", "adm0_name": "Nepal", "adm1_pcode": "NP03", "adm1_name": "Bagmati", "adm2_pcode": "NP0327", "adm2_name": "Kathmandu", "adm3_pcode": "NP0327101", "adm3_name": "Kathmandu", "adm4_pcode": null, "adm4_name": null, "name_latin": null }, "geometry": { "type": "MultiLineString", "coordinates": [ [ [ 85.3280696, 27.6904626 ], [ 85.3279291, 27.6905324 ] ] ] } },
{ "type": "Feature", "properties": { "id": "way/670112946", "name": "Kathmandu Ringroad", "name_en": null, "name_ne": "काठमाडाैँ चक्रपथ", "highway": "trunk", "surface": null, "smoothness": null, "width": "7", "lanes": "2", "oneway": "yes", "bridge": null, "layer": null, "source": null, "adm0_pcode": "NPL", "adm0_name": "Nepal", "adm1_pcode": "NP03", "adm1_name": "Bagmati", "adm2_pcode": "NP0326", "adm2_name": "Bhaktapur", "adm3_pcode": "NP0326301", "adm3_name": "Madhyapur Thimi", "adm4_pcode": null, "adm4_name": null, "name_latin": "Kathmandu Ringroad" }, "geometry": { "type": "MultiLineString", "coordinates": [ [ [ 85.3422351, 27.6735158 ], [ 85.3425293, 27.6738259 ] ] ] } },
{ "type": "Feature", "properties": { "id": "way/193085043", "name": "Kathmandu Ringroad", "name_en": null, "name_ne": "काठमाडाैँ चक्रपथ", "highway": "trunk", "surface": "asphalt", "smoothness": null, "width": "6", "lanes": "2", "oneway": "yes", "bridge": null, "layer": null, "source": null, "adm0_pcode": "NPL", "adm0_name": "Nepal", "adm1_pcode": "NP03", "adm1_name": "Bagmati", "adm2_pcode": "NP0325", "adm2_name": "Lalitpur", "adm3_pcode": "NP0325101", "adm3_name": "Lalitpur", "adm4_pcode": null, "adm4_name": null, "name_latin": "Kathmandu Ringroad" }, "geometry": { "type": "MultiLineString", "coordinates": [ [ [ 85.3022009, 27.6786174 ], [ 85.3021878, 27.6783521 ], [ 85.3021685, 27.6779813 ], [ 85.3021411, 27.6774016 ], [ 85.3021239, 27.6768222 ], [ 85.302098, 27.6762973 ], [ 85.3020733, 27.6756818 ], [ 85.3020748, 27.6754405 ], [ 85.3020832, 27.6751211 ], [ 85.3021026, 27.6749541 ], [ 85.3021366, 27.6747678 ], [ 85.3021604, 27.6746572 ], [ 85.3022062, 27.674488 ], [ 85.3022678, 27.6743242 ], [ 85.3023421, 27.6741363 ], [ 85.3024634, 27.6738968 ], [ 85.3025656, 27.6737314 ], [ 85.3026755, 27.6735642 ], [ 85.3028705, 27.673301 ], [ 85.3031087, 27.6729833 ], [ 85.303524, 27.6724527 ], [ 85.3040723, 27.6717405 ], [ 85.3049503, 27.6706402 ], [ 85.3054624, 27.669986 ], [ 85.3055911, 27.6698133 ], [ 85.3060113, 27.6692818 ], [ 85.3063021, 27.6689158 ], [ 85.3068599, 27.6682048 ], [ 85.3073012, 27.6676302 ], [ 85.3076466, 27.6671923 ], [ 85.3077516, 27.6670851 ], [ 85.3078648, 27.6669831 ], [ 85.3080111, 27.6668763 ], [ 85.3081822, 27.6667696 ], [ 85.3082681, 27.6667267 ], [ 85.3083425, 27.6666927 ], [ 85.3083475, 27.6666904 ], [ 85.3085244, 27.6666211 ], [ 85.3087656, 27.6665449 ], [ 85.3093111, 27.6663866 ], [ 85.3098437, 27.6662341 ], [ 85.3102358, 27.6661227 ], [ 85.3106025, 27.6660036 ], [ 85.3113581, 27.6657805 ], [ 85.3129733, 27.6653245 ], [ 85.3131849, 27.6652574 ], [ 85.3133828, 27.6651729 ], [ 85.3135459, 27.6650964 ], [ 85.3136914, 27.6650143 ], [ 85.3138161, 27.6649372 ], [ 85.3139716, 27.6648251 ], [ 85.3141321, 27.6647025 ], [ 85.3145713, 27.6643411 ], [ 85.3153681, 27.6637234 ], [ 85.3157566, 27.6633922 ], [ 85.3167531, 27.6626079 ], [ 85.3176565, 27.6618769 ], [ 85.3182422, 27.661408 ], [ 85.3182661, 27.6613889 ], [ 85.3186814, 27.6610728 ], [ 85.3205055, 27.659579 ], [ 85.3209314, 27.6592389 ], [ 85.321006, 27.6591793 ], [ 85.3221577, 27.6582047 ], [ 85.3222039, 27.6581685 ], [ 85.3222564, 27.6581301 ], [ 85.3223147, 27.6580909 ], [ 85.3223785, 27.6580523 ], [ 85.3224475, 27.6580156 ], [ 85.3225279, 27.6579791 ], [ 85.3225741, 27.6579629 ], [ 85.3225996, 27.6579535 ], [ 85.322682, 27.6579308 ], [ 85.3227682, 27.6579155 ], [ 85.3228578, 27.6579089 ], [ 85.322946, 27.6579099 ], [ 85.3230284, 27.6579161 ], [ 85.3231049, 27.6579267 ], [ 85.3231756, 27.6579407 ], [ 85.3232405, 27.6579575 ], [ 85.3232997, 27.6579763 ], [ 85.3233532, 27.6579962 ], [ 85.323401, 27.6580164 ], [ 85.3234432, 27.6580362 ], [ 85.3235786, 27.6581079 ], [ 85.3240159, 27.658357 ], [ 85.3245958, 27.65869 ], [ 85.3247008, 27.6587503 ], [ 85.3247934, 27.6588045 ], [ 85.3254558, 27.6591925 ], [ 85.325827, 27.6594127 ], [ 85.3258732, 27.6594416 ], [ 85.3259691, 27.659505 ], [ 85.3260701, 27.6595761 ], [ 85.3261768, 27.6596551 ], [ 85.3262894, 27.6597421 ], [ 85.3264707, 27.6598878 ], [ 85.3265349, 27.659943 ], [ 85.3266009, 27.660004 ], [ 85.3266675, 27.6600694 ], [ 85.3267339, 27.6601376 ], [ 85.326862, 27.6602763 ], [ 85.3269775, 27.660408 ], [ 85.3271097, 27.6605654 ], [ 85.3280241, 27.6616701 ], [ 85.3287667, 27.6625723 ], [ 85.329575, 27.6635576 ] ] ] } },
{ "type": "Feature", "properties": { "id": "way/231786210", "name": "Kathmandu Ringroad", "name_en": null, "name_ne": "काठमाडाैँ चक्रपथ", "highway": "trunk", "surface": "paved", "smoothness": null, "width": "7", "lanes": "2", "oneway": "yes", "bridge": null, "layer": null, "source": null, "adm0_pcode": "NPL", "adm0_name": "Nepal", "adm1_pcode": "NP03", "adm1_name": "Bagmati", "adm2_pcode": "NP0326", "adm2_name": "Bhaktapur", "adm3_pcode": "NP0326301", "adm3_name": "Madhyapur Thimi", "adm4_pcode": null, "adm4_name": null, "name_latin": "Kathmandu Ringroad" }, "geometry": { "type": "MultiLineString", "coordinates": [ [ [ 85.3425924, 27.6737776 ], [ 85.3424478, 27.6736317 ] ] ] } },
{ "type": "Feature", "properties": { "id": "way/216297386", "name": "Kathmandu Ringroad", "name_en": null, "name_ne": "काठमाडाैँ चक्रपथ", "highway": "trunk", "surface": "asphalt", "smoothness": null, "width": "6", "lanes": "2", "oneway": "yes", "bridge": null, "layer": null, "source": null, "adm0_pcode": "NPL", "adm0_name": "Nepal", "adm1_pcode": "NP03", "adm1_name": "Bagmati", "adm2_pcode": "NP0325", "adm2_name": "Lalitpur", "adm3_pcode": "NP0325101", "adm3_name": "Lalitpur", "adm4_pcode": null, "adm4_name": null, "name_latin": "Kathmandu Ringroad" }, "geometry": { "type": "MultiLineString", "coordinates": [ [ [ 85.3224925, 27.657898 ], [ 85.3223896, 27.6579503 ], [ 85.3222618, 27.6580262 ], [ 85.3221314, 27.6581281 ], [ 85.3209881, 27.6590959 ] ] ] } },
{ "type": "Feature", "properties": { "id": "way/777629766", "name": "Kathmandu Ringroad", "name_en": null, "name_ne": "काठमाडाैँ चक्रपथ", "highway": "trunk", "surface": null, "smoothness": null, "width": "7", "lanes": "2", "oneway": "yes", "bridge": "yes", "layer": "1", "source": null, "adm0_pcode": "NPL", "adm0_name": "Nepal", "adm1_pcode": "NP03", "adm1_name": "Bagmati", "adm2_pcode": "NP0327", "adm2_name": "Kathmandu", "adm3_pcode": "NP0327101", "adm3_name": "Kathmandu", "adm4_pcode": null, "adm4_name": null, "name_latin": "Kathmandu Ringroad" }, "geometry": { "type": "MultiLineString", "coordinates": [ [ [ 85.2975131, 27.6849067 ], [ 85.2980455, 27.6848387 ] ] ] } },
{ "type": "Feature", "properties": { "id": "way/195858822", "name": "Kathmandu Ringroad", "name_en": null, "name_ne": "काठमाडाैँ चक्रपथ", "highway": "trunk", "surface": "paved", "smoothness": null, "width": "7", "lanes": "2", "oneway": "yes", "bridge": "yes", "layer": "1", "source": null, "adm0_pcode": "NPL", "adm0_name": "Nepal", "adm1_pcode": "NP03", "adm1_name": "Bagmati", "adm2_pcode": "NP0327", "adm2_name": "Kathmandu", "adm3_pcode": "NP0327101", "adm3_name": "Kathmandu", "adm4_pcode": null, "adm4_name": null, "name_latin": "Kathmandu Ringroad" }, "geometry": { "type": "MultiLineString", "coordinates": [ [ [ 85.2980356, 27.6847728 ], [ 85.2975033, 27.6848377 ] ] ] } },
{ "type": "Feature", "properties": { "id": "way/231414551", "name": "Kathmandu Ringroad", "name_en": null, "name_ne": "काठमाडाैँ चक्रपथ", "highway": "trunk", "surface": "paved", "smoothness": null, "width": "14", "lanes": "4", "oneway": "no", "bridge": null, "layer": null, "source": null, "adm0_pcode": "NPL", "adm0_name": "Nepal", "adm1_pcode": "NP03", "adm1_name": "Bagmati", "adm2_pcode": "NP0327", "adm2_name": "Kathmandu", "adm3_pcode": "NP0327303", "adm3_name": "Budhanilkhantha", "adm4_pcode": null, "adm4_name": null, "name_latin": "Kathmandu Ringroad" }, "geometry": { "type": "MultiLineString", "coordinates": [ [ [ 85.3460736, 27.7206229 ], [ 85.3459236, 27.7210319 ] ] ] } },
{ "type": "Feature", "properties": { "id": "way/231194710", "name": "Kathmandu Ringroad", "name_en": null, "name_ne": "काठमाडाैँ चक्रपथ", "highway": "trunk", "surface": "asphalt", "smoothness": null, "width": "14", "lanes": "4", "oneway": null, "bridge": null, "layer": null, "source": null, "adm0_pcode": "NPL", "adm0_name": "Nepal", "adm1_pcode": "NP03", "adm1_name": "Bagmati", "adm2_pcode": "NP0327", "adm2_name": "Kathmandu", "adm3_pcode": "NP0327101", "adm3_name": "Kathmandu", "adm4_pcode": null, "adm4_name": null, "name_latin": "Kathmandu Ringroad" }, "geometry": { "type": "MultiLineString", "coordinates": [ [ [ 85.3423145, 27.7349381 ], [ 85.342239, 27.7350644 ], [ 85.3418001, 27.7357372 ], [ 85.3415569, 27.7361223 ], [ 85.3413313, 27.7364713 ], [ 85.3411639, 27.7367344 ], [ 85.340789, 27.7373205 ], [ 85.3406266, 27.7375624 ], [ 85.3404714, 27.7377758 ], [ 85.3403882, 27.7378773 ], [ 85.3403526, 27.737919 ], [ 85.3402336, 27.7380579 ], [ 85.3400901, 27.7382047 ], [ 85.3398037, 27.7384744 ], [ 85.3396209, 27.7386236 ], [ 85.3394394, 27.7387536 ], [ 85.3392313, 27.7388918 ], [ 85.3390313, 27.7389949 ], [ 85.3385596, 27.7392616 ], [ 85.3384205, 27.7393409 ] ] ] } },
{ "type": "Feature", "properties": { "id": "way/27033733", "name": "Araniko Highway", "name_en": null, "name_ne": null, "highway": "trunk", "surface": "asphalt", "smoothness": null, "width": "10", "lanes": "2", "oneway": "yes", "bridge": null, "layer": null, "source": null, "adm0_pcode": "NPL", "adm0_name": "Nepal", "adm1_pcode": "NP03", "adm1_name": "Bagmati", "adm2_pcode": "NP0326", "adm2_name": "Bhaktapur", "adm3_pcode": "NP0326304", "adm3_name": "Suryabinayak", "adm4_pcode": null, "adm4_name": null, "name_latin": "Araniko Highway" }, "geometry": { "type": "MultiLineString", "coordinates": [ [ [ 85.3996111, 27.6741675 ], [ 85.3989915, 27.6743193 ], [ 85.3985192, 27.6744126 ], [ 85.3980185, 27.6744913 ], [ 85.3976761, 27.6745238 ], [ 85.3975961, 27.6745311 ], [ 85.3974825, 27.6745415 ] ] ] } },
{ "type": "Feature", "properties": { "id": "way/195858821", "name": "Kathmandu Ringroad", "name_en": null, "name_ne": "काठमाडाैँ चक्रपथ", "highway": "trunk", "surface": "paved", "smoothness": null, "width": null, "lanes": "2", "oneway": "yes", "bridge": null, "layer": null, "source": null, "adm0_pcode": "NPL", "adm0_name": "Nepal", "adm1_pcode": "NP03", "adm1_name": "Bagmati", "adm2_pcode": "NP0327", "adm2_name": "Kathmandu", "adm3_pcode": "NP0327101", "adm3_name": "Kathmandu", "adm4_pcode": null, "adm4_name": null, "name_latin": "Kathmandu Ringroad" }, "geometry": { "type": "MultiLineString", "coordinates": [ [ [ 85.2975033, 27.6848377 ], [ 85.2974932, 27.6848386 ], [ 85.2972927, 27.6848568 ] ] ] } },
{ "type": "Feature", "properties": { "id": "way/1080550749", "name": "Kathmandu Ringroad", "name_en": null, "name_ne": "काठमाडाैँ चक्रपथ", "highway": "trunk", "surface": "paved", "smoothness": null, "width": "14", "lanes": "4", "oneway": "no", "bridge": null, "layer": null, "source": null, "adm0_pcode": "NPL", "adm0_name": "Nepal", "adm1_pcode": "NP03", "adm1_name": "Bagmati", "adm2_pcode": "NP0327", "adm2_name": "Kathmandu", "adm3_pcode": "NP0327303", "adm3_name": "Budhanilkhantha", "adm4_pcode": null, "adm4_name": null, "name_latin": "Kathmandu Ringroad" }, "geometry": { "type": "MultiLineString", "coordinates": [ [ [ 85.3468696, 27.7185132 ], [ 85.34679, 27.7187998 ], [ 85.3465198, 27.7194544 ], [ 85.3463496, 27.7198934 ], [ 85.3462686, 27.7200875 ], [ 85.3460906, 27.7205794 ], [ 85.3460736, 27.7206229 ] ] ] } },
{ "type": "Feature", "properties": { "id": "way/572288875", "name": "Tribhuvan Rajpath", "name_en": null, "name_ne": null, "highway": "trunk", "surface": "asphalt", "smoothness": null, "width": null, "lanes": "2", "oneway": null, "bridge": null, "layer": null, "source": null, "adm0_pcode": "NPL", "adm0_name": "Nepal", "adm1_pcode": "NP03", "adm1_name": "Bagmati", "adm2_pcode": "NP0327", "adm2_name": "Kathmandu", "adm3_pcode": "NP0327308", "adm3_name": "Chandragiri", "adm4_pcode": null, "adm4_name": null, "name_latin": "Tribhuvan Rajpath" }, "geometry": null },
{ "type": "Feature", "properties": { "id": "way/1469438871", "name": "थापाथली रोड", "name_en": "Thapathali Road", "name_ne": "थापाथली रोड", "highway": "trunk", "surface": null, "smoothness": null, "width": null, "lanes": "2", "oneway": "yes", "bridge": null, "layer": null, "source": null, "adm0_pcode": "NPL", "adm0_name": "Nepal", "adm1_pcode": "NP03", "adm1_name": "Bagmati", "adm2_pcode": "NP0327", "adm2_name": "Kathmandu", "adm3_pcode": "NP0327101", "adm3_name": "Kathmandu", "adm4_pcode": null, "adm4_name": null, "name_latin": "Thapathali Road" }, "geometry": { "type": "MultiLineString", "coordinates": [ [ [ 85.3177217, 27.6910201 ], [ 85.3176852, 27.690813 ], [ 85.3176821, 27.6907832 ] ] ] } },
{ "type": "Feature", "properties": { "id": "way/1467515171", "name": "थापाथली रोड", "name_en": "Thapathali Road", "name_ne": "थापाथली रोड", "highway": "trunk", "surface": null, "smoothness": null, "width": null, "lanes": "2", "oneway": "yes", "bridge": null, "layer": null, "source": null, "adm0_pcode": "NPL", "adm0_name": "Nepal", "adm1_pcode": "NP03", "adm1_name": "Bagmati", "adm2_pcode": "NP0327", "adm2_name": "Kathmandu", "adm3_pcode": "NP0327101", "adm3_name": "Kathmandu", "adm4_pcode": null, "adm4_name": null, "name_latin": "Thapathali Road" }, "geometry": { "type": "MultiLineString", "coordinates": [ [ [ 85.3176821, 27.6907832 ], [ 85.3176696, 27.6907043 ], [ 85.3176625, 27.6906393 ] ] ] } },
{ "type": "Feature", "properties": { "id": "way/257752686", "name": "Kathmandu Ringroad", "name_en": null, "name_ne": "काठमाडाैँ चक्रपथ", "highway": "trunk", "surface": "paved", "smoothness": null, "width": "14", "lanes": "4", "oneway": "no", "bridge": null, "layer": null, "source": null, "adm0_pcode": "NPL", "adm0_name": "Nepal", "adm1_pcode": "NP03", "adm1_name": "Bagmati", "adm2_pcode": "NP0327", "adm2_name": "Kathmandu", "adm3_pcode": "NP0327101", "adm3_name": "Kathmandu", "adm4_pcode": null, "adm4_name": null, "name_latin": "Kathmandu Ringroad" }, "geometry": { "type": "MultiLineString", "coordinates": [ [ [ 85.3525008, 27.6906714 ], [ 85.3521872, 27.6901621 ], [ 85.3517832, 27.6894725 ], [ 85.3513712, 27.6887334 ] ] ] } },
{ "type": "Feature", "properties": { "id": "way/1499708786", "name": null, "name_en": null, "name_ne": null, "highway": "trunk", "surface": null, "smoothness": null, "width": null, "lanes": null, "oneway": null, "bridge": "yes", "layer": "1", "source": null, "adm0_pcode": "NPL", "adm0_name": "Nepal", "adm1_pcode": "NP03", "adm1_name": "Bagmati", "adm2_pcode": "NP0327", "adm2_name": "Kathmandu", "adm3_pcode": "NP0327308", "adm3_name": "Chandragiri", "adm4_pcode": null, "adm4_name": null, "name_latin": null }, "geometry": { "type": "MultiLineString", "coordinates": [ [ [ 85.2373162, 27.6911712 ], [ 85.2372116, 27.691023 ] ] ] } },
{ "type": "Feature", "properties": { "id": "way/1467515170", "name": "थापाथली रोड", "name_en": "Thapathali Road", "name_ne": "थापाथली रोड", "highway": "trunk", "surface": null, "smoothness": null, "width": null, "lanes": "2", "oneway": "yes", "bridge": null, "layer": null, "source": null, "adm0_pcode": "NPL", "adm0_name": "Nepal", "adm1_pcode": "NP03", "adm1_name": "Bagmati", "adm2_pcode": "NP0327", "adm2_name": "Kathmandu", "adm3_pcode": "NP0327101", "adm3_name": "Kathmandu", "adm4_pcode": null, "adm4_name": null, "name_latin": "Thapathali Road" }, "geometry": { "type": "MultiLineString", "coordinates": [ [ [ 85.3175833, 27.6906458 ], [ 85.3175884, 27.6907033 ], [ 85.3175941, 27.6907823 ], [ 85.3175997, 27.6908274 ] ] ] } },
{ "type": "Feature", "properties": { "id": "way/183827055", "name": "Kathmandu Ringroad", "name_en": null, "name_ne": "काठमाडाैँ चक्रपथ", "highway": "trunk", "surface": "paved", "smoothness": null, "width": "7", "lanes": "2", "oneway": "yes", "bridge": "yes", "layer": "1", "source": null, "adm0_pcode": "NPL", "adm0_name": "Nepal", "adm1_pcode": "NP03", "adm1_name": "Bagmati", "adm2_pcode": "NP0325", "adm2_name": "Lalitpur", "adm3_pcode": "NP0325101", "adm3_name": "Lalitpur", "adm4_pcode": null, "adm4_name": null, "name_latin": "Kathmandu Ringroad" }, "geometry": { "type": "MultiLineString", "coordinates": [ [ [ 85.337687, 27.669951 ], [ 85.3351797, 27.6686124 ], [ 85.3344757, 27.6682368 ], [ 85.333935, 27.6679502 ], [ 85.3333557, 27.6676298 ], [ 85.3330681, 27.6674519 ], [ 85.3328607, 27.6673012 ], [ 85.3326798, 27.6671487 ], [ 85.3325101, 27.6669757 ], [ 85.3323597, 27.6668242 ], [ 85.3322536, 27.6666918 ], [ 85.3322078, 27.6666348 ] ] ] } },
{ "type": "Feature", "properties": { "id": "way/1467515168", "name": "त्रिपुरेश्वर मार्ग", "name_en": "Tripureshwar Marg", "name_ne": "त्रिपुरेश्वर मार्ग", "highway": "trunk", "surface": null, "smoothness": null, "width": null, "lanes": null, "oneway": "yes", "bridge": null, "layer": null, "source": null, "adm0_pcode": "NPL", "adm0_name": "Nepal", "adm1_pcode": "NP03", "adm1_name": "Bagmati", "adm2_pcode": "NP0327", "adm2_name": "Kathmandu", "adm3_pcode": "NP0327101", "adm3_name": "Kathmandu", "adm4_pcode": null, "adm4_name": null, "name_latin": "Tripureshwar Marg" }, "geometry": { "type": "MultiLineString", "coordinates": [ [ [ 85.317389, 27.6907228 ], [ 85.317505, 27.6907087 ], [ 85.3175369, 27.6907055 ], [ 85.3175884, 27.6907033 ], [ 85.3176696, 27.6907043 ] ] ] } },
{ "type": "Feature", "properties": { "id": "way/1074705227", "name": "त्रिपुरेश्वर मार्ग", "name_en": "Tripureshwar Marg", "name_ne": "त्रिपुरेश्वर मार्ग", "highway": "trunk", "surface": "asphalt", "smoothness": null, "width": "6", "lanes": null, "oneway": "yes", "bridge": null, "layer": null, "source": null, "adm0_pcode": "NPL", "adm0_name": "Nepal", "adm1_pcode": "NP03", "adm1_name": "Bagmati", "adm2_pcode": "NP0327", "adm2_name": "Kathmandu", "adm3_pcode": "NP0327101", "adm3_name": "Kathmandu", "adm4_pcode": null, "adm4_name": null, "name_latin": "Tripureshwar Marg" }, "geometry": { "type": "MultiLineString", "coordinates": [ [ [ 85.3176625, 27.6906393 ], [ 85.3175833, 27.6906458 ], [ 85.3174959, 27.6906573 ], [ 85.3172625, 27.6906878 ], [ 85.3171194, 27.6907315 ] ] ] } },
{ "type": "Feature", "properties": { "id": "way/345052247", "name": "Kathmandu Ringroad", "name_en": null, "name_ne": "काठमाडाैँ चक्रपथ", "highway": "trunk", "surface": "paved", "smoothness": null, "width": "7", "lanes": "2", "oneway": "yes", "bridge": "yes", "layer": "1", "source": null, "adm0_pcode": "NPL", "adm0_name": "Nepal", "adm1_pcode": "NP03", "adm1_name": "Bagmati", "adm2_pcode": "NP0326", "adm2_name": "Bhaktapur", "adm3_pcode": "NP0326301", "adm3_name": "Madhyapur Thimi", "adm4_pcode": null, "adm4_name": null, "name_latin": "Kathmandu Ringroad" }, "geometry": { "type": "MultiLineString", "coordinates": [ [ [ 85.3422921, 27.6734799 ], [ 85.3414907, 27.6726465 ] ] ] } },
{ "type": "Feature", "properties": { "id": "way/1196383633", "name": "Kathmandu Ringroad", "name_en": null, "name_ne": "काठमाडाैँ चक्रपथ", "highway": "trunk", "surface": "paved", "smoothness": null, "width": "4", "lanes": "2", "oneway": "yes", "bridge": null, "layer": null, "source": null, "adm0_pcode": "NPL", "adm0_name": "Nepal", "adm1_pcode": "NP03", "adm1_name": "Bagmati", "adm2_pcode": "NP0327", "adm2_name": "Kathmandu", "adm3_pcode": "NP0327305", "adm3_name": "Nagarjun", "adm4_pcode": null, "adm4_name": null, "name_latin": "Kathmandu Ringroad" }, "geometry": { "type": "MultiLineString", "coordinates": [ [ [ 85.2815134, 27.6989596 ], [ 85.2815276, 27.6987239 ], [ 85.2815055, 27.6984627 ], [ 85.2814759, 27.6980213 ] ] ] } },
{ "type": "Feature", "properties": { "id": "way/229195913", "name": "Kathmandu Ringroad", "name_en": null, "name_ne": "काठमाडाैँ चक्रपथ", "highway": "trunk", "surface": "paved", "smoothness": null, "width": "14", "lanes": "4", "oneway": "no", "bridge": null, "layer": null, "source": null, "adm0_pcode": "NPL", "adm0_name": "Nepal", "adm1_pcode": "NP03", "adm1_name": "Bagmati", "adm2_pcode": "NP0327", "adm2_name": "Kathmandu", "adm3_pcode": "NP0327303", "adm3_name": "Budhanilkhantha", "adm4_pcode": null, "adm4_name": null, "name_latin": "Kathmandu Ringroad" }, "geometry": { "type": "MultiLineString", "coordinates": [ [ [ 85.3459236, 27.7210319 ], [ 85.3456208, 27.721818 ] ] ] } },
{ "type": "Feature", "properties": { "id": "way/173044649", "name": null, "name_en": null, "name_ne": null, "highway": "trunk_link", "surface": "asphalt", "smoothness": null, "width": "4", "lanes": null, "oneway": "yes", "bridge": null, "layer": null, "source": null, "adm0_pcode": "NPL", "adm0_name": "Nepal", "adm1_pcode": "NP03", "adm1_name": "Bagmati", "adm2_pcode": "NP0327", "adm2_name": "Kathmandu", "adm3_pcode": "NP0327101", "adm3_name": "Kathmandu", "adm4_pcode": null, "adm4_name": null, "name_latin": null }, "geometry": { "type": "MultiLineString", "coordinates": [ [ [ 85.3171418, 27.6907836 ], [ 85.3172106, 27.690771 ], [ 85.3172536, 27.6907688 ], [ 85.3173007, 27.6907688 ], [ 85.3173693, 27.6907765 ], [ 85.3174482, 27.6908074 ], [ 85.3174806, 27.6908325 ], [ 85.3175324, 27.6908726 ] ] ] } },
{ "type": "Feature", "properties": { "id": "way/1074705226", "name": "त्रिपुरेश्वर मार्ग", "name_en": "Tripureshwar Marg", "name_ne": "त्रिपुरेश्वर मार्ग", "highway": "trunk", "surface": "asphalt", "smoothness": null, "width": "6", "lanes": null, "oneway": "yes", "bridge": null, "layer": null, "source": null, "adm0_pcode": "NPL", "adm0_name": "Nepal", "adm1_pcode": "NP03", "adm1_name": "Bagmati", "adm2_pcode": "NP0327", "adm2_name": "Kathmandu", "adm3_pcode": "NP0327101", "adm3_name": "Kathmandu", "adm4_pcode": null, "adm4_name": null, "name_latin": "Tripureshwar Marg" }, "geometry": { "type": "MultiLineString", "coordinates": [ [ [ 85.3171418, 27.6907836 ], [ 85.3172109, 27.6907531 ], [ 85.3172431, 27.6907431 ], [ 85.3172892, 27.690732 ], [ 85.317389, 27.6907228 ] ] ] } },
{ "type": "Feature", "properties": { "id": "way/670112945", "name": "Kathmandu Ringroad", "name_en": null, "name_ne": "काठमाडाैँ चक्रपथ", "highway": "trunk", "surface": "asphalt", "smoothness": null, "width": "7", "lanes": "2", "oneway": "yes", "bridge": "yes", "layer": "1", "source": null, "adm0_pcode": "NPL", "adm0_name": "Nepal", "adm1_pcode": "NP03", "adm1_name": "Bagmati", "adm2_pcode": "NP0326", "adm2_name": "Bhaktapur", "adm3_pcode": "NP0326301", "adm3_name": "Madhyapur Thimi", "adm4_pcode": null, "adm4_name": null, "name_latin": "Kathmandu Ringroad" }, "geometry": { "type": "MultiLineString", "coordinates": [ [ [ 85.3414335, 27.6726959 ], [ 85.3422351, 27.6735158 ] ] ] } },
{ "type": "Feature", "properties": { "id": "way/118505084", "name": null, "name_en": null, "name_ne": null, "highway": "trunk_link", "surface": "asphalt", "smoothness": null, "width": "6", "lanes": null, "oneway": "yes", "bridge": null, "layer": null, "source": null, "adm0_pcode": "NPL", "adm0_name": "Nepal", "adm1_pcode": "NP03", "adm1_name": "Bagmati", "adm2_pcode": "NP0327", "adm2_name": "Kathmandu", "adm3_pcode": "NP0327101", "adm3_name": "Kathmandu", "adm4_pcode": null, "adm4_name": null, "name_latin": null }, "geometry": { "type": "MultiLineString", "coordinates": [ [ [ 85.3173596, 27.690153 ], [ 85.317371, 27.6901682 ], [ 85.3174003, 27.6902178 ], [ 85.3174159, 27.6902501 ], [ 85.3174326, 27.6902859 ], [ 85.3174502, 27.690323 ], [ 85.3174634, 27.6903572 ], [ 85.3174781, 27.6903978 ], [ 85.3174773, 27.6904423 ], [ 85.3174673, 27.6904778 ], [ 85.3174505, 27.6905158 ], [ 85.3174242, 27.6905574 ], [ 85.3173989, 27.6905873 ], [ 85.3173763, 27.6906023 ], [ 85.3173484, 27.6906197 ], [ 85.3172916, 27.6906477 ], [ 85.3171889, 27.6906906 ], [ 85.3171194, 27.6907315 ] ] ] } },
{ "type": "Feature", "properties": { "id": "way/183827054", "name": "Kathmandu Ringroad", "name_en": null, "name_ne": "काठमाडाैँ चक्रपथ", "highway": "trunk", "surface": "paved", "smoothness": null, "width": "7", "lanes": "2", "oneway": "yes", "bridge": null, "layer": null, "source": null, "adm0_pcode": "NPL", "adm0_name": "Nepal", "adm1_pcode": "NP03", "adm1_name": "Bagmati", "adm2_pcode": "NP0326", "adm2_name": "Bhaktapur", "adm3_pcode": "NP0326301", "adm3_name": "Madhyapur Thimi", "adm4_pcode": null, "adm4_name": null, "name_latin": "Kathmandu Ringroad" }, "geometry": { "type": "MultiLineString", "coordinates": [ [ [ 85.3424478, 27.6736317 ], [ 85.3422921, 27.6734799 ] ] ] } },
{ "type": "Feature", "properties": { "id": "way/257756417", "name": "Kathmandu Ringroad", "name_en": null, "name_ne": "काठमाडाैँ चक्रपथ", "highway": "trunk", "surface": "paved", "smoothness": null, "width": null, "lanes": "4", "oneway": "no", "bridge": null, "layer": null, "source": null, "adm0_pcode": "NPL", "adm0_name": "Nepal", "adm1_pcode": "NP03", "adm1_name": "Bagmati", "adm2_pcode": "NP0327", "adm2_name": "Kathmandu", "adm3_pcode": "NP0327101", "adm3_name": "Kathmandu", "adm4_pcode": null, "adm4_name": null, "name_latin": "Kathmandu Ringroad" }, "geometry": { "type": "MultiLineString", "coordinates": [ [ [ 85.3508461, 27.6878188 ], [ 85.3507234, 27.6876231 ], [ 85.3505954, 27.6874192 ], [ 85.3505222, 27.6873064 ] ] ] } },
{ "type": "Feature", "properties": { "id": "way/257752685", "name": "Kathmandu Ringroad", "name_en": null, "name_ne": "काठमाडाैँ चक्रपथ", "highway": "trunk", "surface": "paved", "smoothness": null, "width": "14", "lanes": "4", "oneway": "no", "bridge": null, "layer": null, "source": null, "adm0_pcode": "NPL", "adm0_name": "Nepal", "adm1_pcode": "NP03", "adm1_name": "Bagmati", "adm2_pcode": "NP0327", "adm2_name": "Kathmandu", "adm3_pcode": "NP0327101", "adm3_name": "Kathmandu", "adm4_pcode": null, "adm4_name": null, "name_latin": "Kathmandu Ringroad" }, "geometry": { "type": "MultiLineString", "coordinates": [ [ [ 85.3513712, 27.6887334 ], [ 85.3508461, 27.6878188 ] ] ] } },
{ "type": "Feature", "properties": { "id": "way/1290289976", "name": "Tribhuvan Rajpath", "name_en": null, "name_ne": null, "highway": "trunk", "surface": "paved", "smoothness": null, "width": null, "lanes": "2", "oneway": "no", "bridge": null, "layer": null, "source": null, "adm0_pcode": "NPL", "adm0_name": "Nepal", "adm1_pcode": "NP03", "adm1_name": "Bagmati", "adm2_pcode": "NP0327", "adm2_name": "Kathmandu", "adm3_pcode": "NP0327308", "adm3_name": "Chandragiri", "adm4_pcode": null, "adm4_name": null, "name_latin": "Tribhuvan Rajpath" }, "geometry": { "type": "MultiLineString", "coordinates": [ [ [ 85.2263882, 27.6893382 ], [ 85.2270359, 27.689036 ], [ 85.2271833, 27.6889931 ] ] ] } },
{ "type": "Feature", "properties": { "id": "way/1330813756", "name": "Tribhuvan Rajpath", "name_en": null, "name_ne": null, "highway": "trunk", "surface": "paved", "smoothness": null, "width": null, "lanes": "2", "oneway": "no", "bridge": null, "layer": null, "source": null, "adm0_pcode": "NPL", "adm0_name": "Nepal", "adm1_pcode": "NP03", "adm1_name": "Bagmati", "adm2_pcode": "NP0327", "adm2_name": "Kathmandu", "adm3_pcode": "NP0327308", "adm3_name": "Chandragiri", "adm4_pcode": null, "adm4_name": null, "name_latin": "Tribhuvan Rajpath" }, "geometry": { "type": "MultiLineString", "coordinates": [ [ [ 85.2271833, 27.6889931 ], [ 85.2276415, 27.6890395 ], [ 85.2277306, 27.6890443 ], [ 85.2279143, 27.6890541 ], [ 85.2283633, 27.6890358 ], [ 85.2286619, 27.6890079 ], [ 85.228795, 27.6889942 ], [ 85.2289335, 27.6889807 ], [ 85.2289896, 27.6889742 ], [ 85.2299342, 27.6888679 ], [ 85.2301083, 27.6888566 ] ] ] } },
{ "type": "Feature", "properties": { "id": "way/185939504", "name": "त्रिपुरेश्वर मार्ग", "name_en": "Tripureshwar Marg", "name_ne": "त्रिपुरेश्वर मार्ग", "highway": "trunk", "surface": "asphalt", "smoothness": "good", "width": "16", "lanes": "4", "oneway": "no", "bridge": null, "layer": null, "source": null, "adm0_pcode": "NPL", "adm0_name": "Nepal", "adm1_pcode": "NP03", "adm1_name": "Bagmati", "adm2_pcode": "NP0327", "adm2_name": "Kathmandu", "adm3_pcode": "NP0327101", "adm3_name": "Kathmandu", "adm4_pcode": null, "adm4_name": null, "name_latin": "Tripureshwar Marg" }, "geometry": { "type": "MultiLineString", "coordinates": [ [ [ 85.3082264, 27.6958229 ], [ 85.3090125, 27.695478 ], [ 85.3095447, 27.6952501 ], [ 85.3099937, 27.6950366 ], [ 85.3107545, 27.6947685 ], [ 85.3109393, 27.6946716 ], [ 85.3114084, 27.6945039 ], [ 85.3118356, 27.6943596 ], [ 85.3118744, 27.6943465 ], [ 85.3122365, 27.6942045 ] ] ] } },
{ "type": "Feature", "properties": { "id": "way/172485293", "name": "Kathmandu Ringroad", "name_en": null, "name_ne": "काठमाडाैँ चक्रपथ", "highway": "trunk", "surface": "paved", "smoothness": null, "width": "12", "lanes": "2", "oneway": "yes", "bridge": null, "layer": null, "source": null, "adm0_pcode": "NPL", "adm0_name": "Nepal", "adm1_pcode": "NP03", "adm1_name": "Bagmati", "adm2_pcode": "NP0327", "adm2_name": "Kathmandu", "adm3_pcode": "NP0327305", "adm3_name": "Nagarjun", "adm4_pcode": null, "adm4_name": null, "name_latin": "Kathmandu Ringroad" }, "geometry": { "type": "MultiLineString", "coordinates": [ [ [ 85.2814201, 27.6969243 ], [ 85.2814029, 27.6971916 ], [ 85.2813895, 27.6976285 ], [ 85.2813922, 27.6980133 ], [ 85.2813963, 27.69846 ], [ 85.281421, 27.6987234 ], [ 85.2815134, 27.6989596 ] ] ] } },
{ "type": "Feature", "properties": { "id": "way/24691223", "name": "गणेशमान सिंह पथ", "name_en": "Ganeshman Singh Path", "name_ne": "गणेशमान सिंह पथ", "highway": "trunk", "surface": "paved", "smoothness": null, "width": "9", "lanes": "4", "oneway": "no", "bridge": "yes", "layer": "1", "source": null, "adm0_pcode": "NPL", "adm0_name": "Nepal", "adm1_pcode": "NP03", "adm1_name": "Bagmati", "adm2_pcode": "NP0327", "adm2_name": "Kathmandu", "adm3_pcode": "NP0327101", "adm3_name": "Kathmandu", "adm4_pcode": null, "adm4_name": null, "name_latin": "Ganeshman Singh Path" }, "geometry": { "type": "MultiLineString", "coordinates": [ [ [ 85.3018395, 27.6981815 ], [ 85.3025518, 27.6980192 ] ] ] } },
{ "type": "Feature", "properties": { "id": "way/1091877770", "name": "Kathmandu Ringroad", "name_en": null, "name_ne": "काठमाडाैँ चक्रपथ", "highway": "trunk", "surface": "paved", "smoothness": null, "width": "16", "lanes": "4", "oneway": null, "bridge": null, "layer": null, "source": null, "adm0_pcode": "NPL", "adm0_name": "Nepal", "adm1_pcode": "NP03", "adm1_name": "Bagmati", "adm2_pcode": "NP0327", "adm2_name": "Kathmandu", "adm3_pcode": "NP0327305", "adm3_name": "Nagarjun", "adm4_pcode": null, "adm4_name": null, "name_latin": "Kathmandu Ringroad" }, "geometry": { "type": "MultiLineString", "coordinates": [ [ [ 85.2815134, 27.6989596 ], [ 85.2815591, 27.6992547 ], [ 85.2815792, 27.6994157 ] ] ] } },
{ "type": "Feature", "properties": { "id": "way/194607852", "name": "Araniko Highway", "name_en": null, "name_ne": null, "highway": "trunk", "surface": "asphalt", "smoothness": null, "width": "10", "lanes": "2", "oneway": "yes", "bridge": null, "layer": null, "source": null, "adm0_pcode": "NPL", "adm0_name": "Nepal", "adm1_pcode": "NP03", "adm1_name": "Bagmati", "adm2_pcode": "NP0326", "adm2_name": "Bhaktapur", "adm3_pcode": "NP0326301", "adm3_name": "Madhyapur Thimi", "adm4_pcode": null, "adm4_name": null, "name_latin": "Araniko Highway" }, "geometry": { "type": "MultiLineString", "coordinates": [ [ [ 85.3740122, 27.6738817 ], [ 85.3736596, 27.6739053 ], [ 85.373323, 27.6739258 ], [ 85.372916, 27.6739505 ] ] ] } },
{ "type": "Feature", "properties": { "id": "way/170533892", "name": "Kathmandu Ringroad", "name_en": null, "name_ne": "काठमाडाैँ चक्रपथ", "highway": "trunk", "surface": "paved", "smoothness": null, "width": "14", "lanes": "4", "oneway": "no", "bridge": null, "layer": null, "source": null, "adm0_pcode": "NPL", "adm0_name": "Nepal", "adm1_pcode": "NP03", "adm1_name": "Bagmati", "adm2_pcode": "NP0327", "adm2_name": "Kathmandu", "adm3_pcode": "NP0327101", "adm3_name": "Kathmandu", "adm4_pcode": null, "adm4_name": null, "name_latin": "Kathmandu Ringroad" }, "geometry": { "type": "MultiLineString", "coordinates": [ [ [ 85.3432989, 27.7077664 ], [ 85.3435495, 27.7076918 ], [ 85.3436049, 27.7076719 ], [ 85.3437482, 27.7076096 ] ] ] } },
{ "type": "Feature", "properties": { "id": "way/231194711", "name": "Kathmandu Ringroad", "name_en": null, "name_ne": "काठमाडाैँ चक्रपथ", "highway": "trunk", "surface": "asphalt", "smoothness": null, "width": "14", "lanes": "4", "oneway": null, "bridge": null, "layer": null, "source": null, "adm0_pcode": "NPL", "adm0_name": "Nepal", "adm1_pcode": "NP03", "adm1_name": "Bagmati", "adm2_pcode": "NP0327", "adm2_name": "Kathmandu", "adm3_pcode": "NP0327303", "adm3_name": "Budhanilkhantha", "adm4_pcode": null, "adm4_name": null, "name_latin": "Kathmandu Ringroad" }, "geometry": { "type": "MultiLineString", "coordinates": [ [ [ 85.3443282, 27.731706 ], [ 85.3440945, 27.7320867 ], [ 85.3440394, 27.7321764 ], [ 85.3437985, 27.7325983 ], [ 85.3436976, 27.7327629 ], [ 85.3434463, 27.7331479 ], [ 85.3431512, 27.7336088 ], [ 85.342969, 27.7338934 ], [ 85.3428238, 27.7341337 ], [ 85.3426607, 27.7343956 ], [ 85.342603, 27.734485 ], [ 85.3424264, 27.7347609 ], [ 85.3423145, 27.7349381 ] ] ] } },
{ "type": "Feature", "properties": { "id": "way/24691222", "name": "गणेशमान सिंह पथ", "name_en": "Ganeshman Singh Path", "name_ne": "गणेशमान सिंह पथ", "highway": "trunk", "surface": "asphalt", "smoothness": null, "width": "16", "lanes": "4", "oneway": "no", "bridge": null, "layer": null, "source": null, "adm0_pcode": "NPL", "adm0_name": "Nepal", "adm1_pcode": "NP03", "adm1_name": "Bagmati", "adm2_pcode": "NP0327", "adm2_name": "Kathmandu", "adm3_pcode": "NP0327101", "adm3_name": "Kathmandu", "adm4_pcode": null, "adm4_name": null, "name_latin": "Ganeshman Singh Path" }, "geometry": { "type": "MultiLineString", "coordinates": [ [ [ 85.3025518, 27.6980192 ], [ 85.3028393, 27.6979488 ], [ 85.3029742, 27.6979087 ], [ 85.3034197, 27.6977747 ], [ 85.3035868, 27.6977011 ], [ 85.3038033, 27.6975966 ], [ 85.3043325, 27.6973247 ], [ 85.3045321, 27.6972183 ], [ 85.3047167, 27.6971168 ], [ 85.3048382, 27.6970518 ], [ 85.3051041, 27.6969051 ], [ 85.3054776, 27.6966921 ], [ 85.3056506, 27.69662 ] ] ] } },
{ "type": "Feature", "properties": { "id": "way/1467515164", "name": "थापाथली सडक", "name_en": "Thapathali Road", "name_ne": "थापाथली सडक", "highway": "trunk", "surface": null, "smoothness": null, "width": null, "lanes": "2", "oneway": "yes", "bridge": null, "layer": null, "source": null, "adm0_pcode": "NPL", "adm0_name": "Nepal", "adm1_pcode": "NP03", "adm1_name": "Bagmati", "adm2_pcode": "NP0327", "adm2_name": "Kathmandu", "adm3_pcode": "NP0327101", "adm3_name": "Kathmandu", "adm4_pcode": null, "adm4_name": null, "name_latin": "Thapathali Road" }, "geometry": { "type": "MultiLineString", "coordinates": [ [ [ 85.3193303, 27.6940212 ], [ 85.3191727, 27.6938061 ], [ 85.3191466, 27.6937668 ], [ 85.3188351, 27.6932974 ], [ 85.3187318, 27.6931417 ], [ 85.3186631, 27.6930114 ], [ 85.318413, 27.6924988 ], [ 85.3183971, 27.6924662 ], [ 85.3182469, 27.6921371 ], [ 85.3181164, 27.6918512 ], [ 85.3181034, 27.6918228 ], [ 85.3180124, 27.6916244 ], [ 85.3179663, 27.6915293 ], [ 85.31787, 27.6913305 ], [ 85.3177598, 27.6911336 ], [ 85.3177217, 27.6910201 ] ] ] } },
{ "type": "Feature", "properties": { "id": "way/184872593", "name": "Kathmandu Ringroad", "name_en": null, "name_ne": "काठमाडाैँ चक्रपथ", "highway": "trunk", "surface": "paved", "smoothness": null, "width": "14", "lanes": "4", "oneway": "no", "bridge": "yes", "layer": "1", "source": null, "adm0_pcode": "NPL", "adm0_name": "Nepal", "adm1_pcode": "NP03", "adm1_name": "Bagmati", "adm2_pcode": "NP0327", "adm2_name": "Kathmandu", "adm3_pcode": "NP0327305", "adm3_name": "Nagarjun", "adm4_pcode": null, "adm4_name": null, "name_latin": "Kathmandu Ringroad" }, "geometry": { "type": "MultiLineString", "coordinates": [ [ [ 85.2815792, 27.6994157 ], [ 85.2816026, 27.6996358 ], [ 85.2816047, 27.6996695 ] ] ] } },
{ "type": "Feature", "properties": { "id": "way/231414550", "name": "Kathmandu Ringroad", "name_en": null, "name_ne": "काठमाडाैँ चक्रपथ", "highway": "trunk", "surface": "paved", "smoothness": null, "width": "14", "lanes": "4", "oneway": "no", "bridge": null, "layer": null, "source": null, "adm0_pcode": "NPL", "adm0_name": "Nepal", "adm1_pcode": "NP03", "adm1_name": "Bagmati", "adm2_pcode": "NP0327", "adm2_name": "Kathmandu", "adm3_pcode": "NP0327101", "adm3_name": "Kathmandu", "adm4_pcode": null, "adm4_name": null, "name_latin": "Kathmandu Ringroad" }, "geometry": { "type": "MultiLineString", "coordinates": [ [ [ 85.3441101, 27.7101193 ], [ 85.3440737, 27.7099004 ], [ 85.3440077, 27.709623 ], [ 85.3439639, 27.7094195 ], [ 85.3439018, 27.7091376 ], [ 85.3438505, 27.7089976 ], [ 85.3436763, 27.7086167 ], [ 85.3434595, 27.7080967 ], [ 85.343436, 27.7080382 ], [ 85.3433993, 27.7079563 ], [ 85.3432989, 27.7077664 ] ] ] } },
{ "type": "Feature", "properties": { "id": "way/351018906", "name": "थापाथली सडक", "name_en": "Thapathali Road", "name_ne": "थापाथली सडक", "highway": "trunk", "surface": "asphalt", "smoothness": null, "width": "14", "lanes": "2", "oneway": "yes", "bridge": null, "layer": null, "source": null, "adm0_pcode": "NPL", "adm0_name": "Nepal", "adm1_pcode": "NP03", "adm1_name": "Bagmati", "adm2_pcode": "NP0327", "adm2_name": "Kathmandu", "adm3_pcode": "NP0327101", "adm3_name": "Kathmandu", "adm4_pcode": null, "adm4_name": null, "name_latin": "Thapathali Road" }, "geometry": { "type": "MultiLineString", "coordinates": [ [ [ 85.3176484, 27.6910367 ], [ 85.3178273, 27.6914303 ], [ 85.3178917, 27.6915538 ], [ 85.3180335, 27.6918451 ], [ 85.3181794, 27.6921446 ], [ 85.3183477, 27.6925014 ], [ 85.3183584, 27.6925234 ], [ 85.3184024, 27.6926184 ], [ 85.3184764, 27.6927742 ], [ 85.318573, 27.6929678 ], [ 85.3186652, 27.6931394 ], [ 85.3187997, 27.6933712 ], [ 85.3193533, 27.694148 ] ] ] } },
{ "type": "Feature", "properties": { "id": "way/1198639191", "name": "त्रिपुरेश्वर मार्ग", "name_en": "Tripureshwar Marg", "name_ne": "त्रिपुरेश्वर मार्ग", "highway": "trunk", "surface": "asphalt", "smoothness": null, "width": "16", "lanes": "4", "oneway": null, "bridge": null, "layer": null, "source": null, "adm0_pcode": "NPL", "adm0_name": "Nepal", "adm1_pcode": "NP03", "adm1_name": "Bagmati", "adm2_pcode": "NP0327", "adm2_name": "Kathmandu", "adm3_pcode": "NP0327101", "adm3_name": "Kathmandu", "adm4_pcode": null, "adm4_name": null, "name_latin": "Tripureshwar Marg" }, "geometry": { "type": "MultiLineString", "coordinates": [ [ [ 85.3127044, 27.6940575 ], [ 85.3129801, 27.6939804 ], [ 85.3133513, 27.693897 ], [ 85.3137197, 27.6938461 ] ] ] } },
{ "type": "Feature", "properties": { "id": "way/231202418", "name": "Kathmandu Ringroad", "name_en": null, "name_ne": "काठमाडाैँ चक्रपथ", "highway": "trunk", "surface": "paved", "smoothness": null, "width": "14", "lanes": "4", "oneway": "no", "bridge": null, "layer": null, "source": null, "adm0_pcode": "NPL", "adm0_name": "Nepal", "adm1_pcode": "NP03", "adm1_name": "Bagmati", "adm2_pcode": "NP0327", "adm2_name": "Kathmandu", "adm3_pcode": "NP0327305", "adm3_name": "Nagarjun", "adm4_pcode": null, "adm4_name": null, "name_latin": "Kathmandu Ringroad" }, "geometry": { "type": "MultiLineString", "coordinates": [ [ [ 85.2828367, 27.710127 ], [ 85.2828901, 27.7105261 ], [ 85.2828965, 27.7105692 ], [ 85.2829329, 27.7110072 ], [ 85.2830391, 27.7120517 ], [ 85.2831086, 27.7125505 ], [ 85.2831735, 27.713033 ], [ 85.2832261, 27.713482 ], [ 85.2832975, 27.7140443 ], [ 85.2833847, 27.7146851 ], [ 85.2834369, 27.7152126 ], [ 85.283506, 27.7157416 ], [ 85.2835417, 27.716017 ] ] ] } },
{ "type": "Feature", "properties": { "id": "way/672176869", "name": "Tripureshwar Marg", "name_en": null, "name_ne": "त्रिपुरेश्वर मार्ग", "highway": "trunk", "surface": "asphalt", "smoothness": null, "width": "7", "lanes": "2", "oneway": "yes", "bridge": null, "layer": null, "source": null, "adm0_pcode": "NPL", "adm0_name": "Nepal", "adm1_pcode": "NP03", "adm1_name": "Bagmati", "adm2_pcode": "NP0327", "adm2_name": "Kathmandu", "adm3_pcode": "NP0327101", "adm3_name": "Kathmandu", "adm4_pcode": null, "adm4_name": null, "name_latin": "Tripureshwar Marg" }, "geometry": { "type": "MultiLineString", "coordinates": [ [ [ 85.3139739, 27.6937165 ], [ 85.3139168, 27.6937588 ], [ 85.3138452, 27.6937928 ], [ 85.3137197, 27.6938461 ] ] ] } },
{ "type": "Feature", "properties": { "id": "way/231103975", "name": "Kathmandu Ringroad", "name_en": null, "name_ne": "काठमाडाैँ चक्रपथ", "highway": "trunk", "surface": "paved", "smoothness": null, "width": "14", "lanes": "4", "oneway": "no", "bridge": null, "layer": null, "source": null, "adm0_pcode": "NPL", "adm0_name": "Nepal", "adm1_pcode": "NP03", "adm1_name": "Bagmati", "adm2_pcode": "NP0327", "adm2_name": "Kathmandu", "adm3_pcode": "NP0327101", "adm3_name": "Kathmandu", "adm4_pcode": null, "adm4_name": null, "name_latin": "Kathmandu Ringroad" }, "geometry": { "type": "MultiLineString", "coordinates": [ [ [ 85.3544753, 27.699655 ], [ 85.3545943, 27.6995007 ], [ 85.3547493, 27.6992928 ], [ 85.3548501, 27.6991167 ], [ 85.3549188, 27.698987 ], [ 85.3550274, 27.6987338 ], [ 85.3550978, 27.6985349 ], [ 85.355164, 27.6983249 ], [ 85.3551851, 27.6982262 ], [ 85.3552252, 27.6980489 ], [ 85.3552436, 27.6978449 ], [ 85.3552459, 27.697748 ], [ 85.3552486, 27.6976364 ], [ 85.355231, 27.6973366 ], [ 85.3551636, 27.6968036 ], [ 85.3551231, 27.6963827 ], [ 85.3551073, 27.6962746 ], [ 85.3550507, 27.6957383 ], [ 85.355045, 27.695623 ], [ 85.355046, 27.6954887 ] ] ] } },
{ "type": "Feature", "properties": { "id": "way/196277319", "name": "Kathmandu Ringroad", "name_en": null, "name_ne": "काठमाडाैँ चक्रपथ", "highway": "trunk", "surface": "paved", "smoothness": null, "width": "7", "lanes": "2", "oneway": "yes", "bridge": null, "layer": null, "source": null, "adm0_pcode": "NPL", "adm0_name": "Nepal", "adm1_pcode": "NP03", "adm1_name": "Bagmati", "adm2_pcode": "NP0326", "adm2_name": "Bhaktapur", "adm3_pcode": "NP0326301", "adm3_name": "Madhyapur Thimi", "adm4_pcode": null, "adm4_name": null, "name_latin": "Kathmandu Ringroad" }, "geometry": { "type": "MultiLineString", "coordinates": [ [ [ 85.3458279, 27.6763889 ], [ 85.3449806, 27.6758348 ], [ 85.3446061, 27.6755847 ], [ 85.3443584, 27.6754129 ], [ 85.3441777, 27.6752838 ], [ 85.3440013, 27.6751464 ], [ 85.3437807, 27.6749556 ], [ 85.3435727, 27.6747743 ], [ 85.3434054, 27.6746152 ], [ 85.3431943, 27.6744051 ], [ 85.34297, 27.6741677 ], [ 85.342677, 27.6738601 ], [ 85.3425924, 27.6737776 ] ] ] } },
{ "type": "Feature", "properties": { "id": "way/1485288252", "name": null, "name_en": null, "name_ne": null, "highway": "trunk_link", "surface": null, "smoothness": null, "width": null, "lanes": null, "oneway": null, "bridge": null, "layer": null, "source": null, "adm0_pcode": "NPL", "adm0_name": "Nepal", "adm1_pcode": "NP03", "adm1_name": "Bagmati", "adm2_pcode": "NP0327", "adm2_name": "Kathmandu", "adm3_pcode": "NP0327308", "adm3_name": "Chandragiri", "adm4_pcode": null, "adm4_name": null, "name_latin": null }, "geometry": { "type": "MultiLineString", "coordinates": [ [ [ 85.206425, 27.7045119 ], [ 85.206426, 27.7044182 ] ] ] } },
{ "type": "Feature", "properties": { "id": "way/257752687", "name": "Kathmandu Ringroad", "name_en": null, "name_ne": "काठमाडाैँ चक्रपथ", "highway": "trunk", "surface": "paved", "smoothness": null, "width": "14", "lanes": "4", "oneway": "no", "bridge": null, "layer": null, "source": null, "adm0_pcode": "NPL", "adm0_name": "Nepal", "adm1_pcode": "NP03", "adm1_name": "Bagmati", "adm2_pcode": "NP0327", "adm2_name": "Kathmandu", "adm3_pcode": "NP0327101", "adm3_name": "Kathmandu", "adm4_pcode": null, "adm4_name": null, "name_latin": "Kathmandu Ringroad" }, "geometry": { "type": "MultiLineString", "coordinates": [ [ [ 85.3534939, 27.692438 ], [ 85.3528405, 27.6912796 ], [ 85.3527794, 27.691169 ], [ 85.3525008, 27.6906714 ] ] ] } },
{ "type": "Feature", "properties": { "id": "way/670112949", "name": null, "name_en": null, "name_ne": null, "highway": "trunk_link", "surface": null, "smoothness": null, "width": null, "lanes": null, "oneway": "yes", "bridge": null, "layer": null, "source": null, "adm0_pcode": "NPL", "adm0_name": "Nepal", "adm1_pcode": "NP03", "adm1_name": "Bagmati", "adm2_pcode": "NP0325", "adm2_name": "Lalitpur", "adm3_pcode": "NP0325101", "adm3_name": "Lalitpur", "adm4_pcode": null, "adm4_name": null, "name_latin": null }, "geometry": { "type": "MultiLineString", "coordinates": [ [ [ 85.3068949, 27.668032 ], [ 85.3067165, 27.6681293 ] ] ] } },
{ "type": "Feature", "properties": { "id": "way/1198638170", "name": "त्रिपुरेश्वर मार्ग", "name_en": "Tripureshwar Marg", "name_ne": "त्रिपुरेश्वर मार्ग", "highway": "trunk", "surface": "asphalt", "smoothness": null, "width": "16", "lanes": "4", "oneway": "no", "bridge": null, "layer": null, "source": null, "adm0_pcode": "NPL", "adm0_name": "Nepal", "adm1_pcode": "NP03", "adm1_name": "Bagmati", "adm2_pcode": "NP0327", "adm2_name": "Kathmandu", "adm3_pcode": "NP0327101", "adm3_name": "Kathmandu", "adm4_pcode": null, "adm4_name": null, "name_latin": "Tripureshwar Marg" }, "geometry": { "type": "MultiLineString", "coordinates": [ [ [ 85.3122365, 27.6942045 ], [ 85.3124141, 27.6941384 ], [ 85.3127044, 27.6940575 ] ] ] } },
{ "type": "Feature", "properties": { "id": "way/231786215", "name": "Kathmandu Ringroad", "name_en": null, "name_ne": "काठमाडाैँ चक्रपथ", "highway": "trunk", "surface": "paved", "smoothness": null, "width": "14", "lanes": "4", "oneway": "no", "bridge": null, "layer": null, "source": null, "adm0_pcode": "NPL", "adm0_name": "Nepal", "adm1_pcode": "NP03", "adm1_name": "Bagmati", "adm2_pcode": "NP0327", "adm2_name": "Kathmandu", "adm3_pcode": "NP0327101", "adm3_name": "Kathmandu", "adm4_pcode": null, "adm4_name": null, "name_latin": "Kathmandu Ringroad" }, "geometry": { "type": "MultiLineString", "coordinates": [ [ [ 85.3144905, 27.7349302 ], [ 85.3146154, 27.7349404 ], [ 85.3150951, 27.7349605 ], [ 85.3156625, 27.7349987 ], [ 85.3161333, 27.7350199 ], [ 85.3164801, 27.735036 ], [ 85.3168094, 27.7350553 ], [ 85.3172916, 27.7350636 ], [ 85.3175087, 27.7350687 ], [ 85.3176995, 27.7350732 ], [ 85.3180817, 27.73509 ], [ 85.3184796, 27.7351293 ], [ 85.3186812, 27.7351443 ], [ 85.3188678, 27.7351598 ], [ 85.3189729, 27.7351683 ], [ 85.3192267, 27.7352031 ], [ 85.3193972, 27.7352208 ], [ 85.3196772, 27.7352662 ], [ 85.3199602, 27.7353245 ], [ 85.3201271, 27.7353679 ], [ 85.3203386, 27.7354248 ], [ 85.3206228, 27.7355116 ], [ 85.3208687, 27.7356015 ] ] ] } },
{ "type": "Feature", "properties": { "id": "way/231885715", "name": "त्रिपुरेश्वर मार्ग", "name_en": "Tripureshwar Marg", "name_ne": "त्रिपुरेश्वर मार्ग", "highway": "trunk", "surface": "asphalt", "smoothness": null, "width": "8", "lanes": "2", "oneway": "yes", "bridge": null, "layer": null, "source": null, "adm0_pcode": "NPL", "adm0_name": "Nepal", "adm1_pcode": "NP03", "adm1_name": "Bagmati", "adm2_pcode": "NP0327", "adm2_name": "Kathmandu", "adm3_pcode": "NP0327101", "adm3_name": "Kathmandu", "adm4_pcode": null, "adm4_name": null, "name_latin": "Tripureshwar Marg" }, "geometry": { "type": "MultiLineString", "coordinates": [ [ [ 85.3145329, 27.6933612 ], [ 85.3149493, 27.6929513 ], [ 85.3151795, 27.692717 ], [ 85.31538, 27.6925019 ], [ 85.3156444, 27.6922293 ], [ 85.3159115, 27.6919626 ], [ 85.3165916, 27.691306 ], [ 85.3167166, 27.6911681 ], [ 85.3168672, 27.6910123 ], [ 85.3169353, 27.6909395 ], [ 85.316965, 27.6909048 ], [ 85.3169898, 27.6908805 ], [ 85.3170266, 27.6908492 ], [ 85.3170605, 27.6908243 ], [ 85.3171022, 27.690802 ], [ 85.3171418, 27.6907836 ] ] ] } },
{ "type": "Feature", "properties": { "id": "way/188865973", "name": "त्रिभुवन राजपथ", "name_en": "Tribhuvan Rajpath", "name_ne": "त्रिभुवन राजपथ", "highway": "trunk", "surface": "paved", "smoothness": null, "width": null, "lanes": "2", "oneway": "yes", "bridge": null, "layer": null, "source": null, "adm0_pcode": "NPL", "adm0_name": "Nepal", "adm1_pcode": "NP03", "adm1_name": "Bagmati", "adm2_pcode": "NP0327", "adm2_name": "Kathmandu", "adm3_pcode": "NP0327308", "adm3_name": "Chandragiri", "adm4_pcode": null, "adm4_name": null, "name_latin": "Tribhuvan Rajpath" }, "geometry": { "type": "MultiLineString", "coordinates": [ [ [ 85.2155799, 27.6962378 ], [ 85.2155145, 27.696252 ], [ 85.2154581, 27.6962642 ], [ 85.2153508, 27.6963022 ], [ 85.2152234, 27.6963663 ], [ 85.2147455, 27.6966125 ], [ 85.2146311, 27.6966747 ], [ 85.2139494, 27.6970396 ], [ 85.2136396, 27.6971904 ], [ 85.2135538, 27.6972272 ], [ 85.2132989, 27.6973329 ], [ 85.2130616, 27.6974314 ], [ 85.2127545, 27.6975442 ], [ 85.2121054, 27.6977772 ], [ 85.2115936, 27.6979381 ], [ 85.2114496, 27.6979834 ], [ 85.2112357, 27.6980644 ], [ 85.2111062, 27.6981344 ], [ 85.2109869, 27.698246 ], [ 85.2108887, 27.6983598 ], [ 85.2107052, 27.6986367 ], [ 85.210602, 27.6987851 ], [ 85.2104719, 27.698905 ], [ 85.2103217, 27.6990297 ], [ 85.2100602, 27.6991485 ], [ 85.2099609, 27.6991888 ], [ 85.2098081, 27.6992328 ], [ 85.2095841, 27.6992767 ], [ 85.2094124, 27.6992921 ], [ 85.209159, 27.6993254 ], [ 85.2088799, 27.699371 ], [ 85.2087526, 27.6993919 ], [ 85.2080324, 27.6994976 ], [ 85.2077119, 27.6995356 ], [ 85.2075872, 27.6995629 ], [ 85.2074879, 27.6995926 ], [ 85.207382, 27.6996424 ], [ 85.2071996, 27.6997826 ], [ 85.2071761, 27.6998023 ], [ 85.206792, 27.7000986 ], [ 85.2066654, 27.7001867 ], [ 85.2065679, 27.7002325 ], [ 85.2064158, 27.700291 ], [ 85.2062823, 27.7003308 ], [ 85.2061821, 27.7003664 ], [ 85.2060999, 27.7004038 ], [ 85.2059327, 27.7004936 ], [ 85.2058515, 27.7005524 ], [ 85.2057426, 27.7006496 ], [ 85.2055809, 27.7008359 ], [ 85.2054975, 27.7009396 ], [ 85.2054476, 27.7010185 ], [ 85.2054049, 27.7011484 ], [ 85.2053985, 27.7012323 ], [ 85.2053898, 27.701357 ], [ 85.2054173, 27.7015138 ], [ 85.205487, 27.701826 ], [ 85.2055125, 27.7019745 ], [ 85.2055098, 27.7020754 ], [ 85.2055018, 27.7022024 ], [ 85.2054629, 27.7023639 ], [ 85.2054041, 27.7025944 ], [ 85.2053805, 27.7027392 ], [ 85.2053643, 27.702905 ], [ 85.2053762, 27.7031179 ], [ 85.2054103, 27.7033212 ], [ 85.2054511, 27.7035355 ], [ 85.2054627, 27.7037091 ], [ 85.2054588, 27.7038125 ], [ 85.205428, 27.704102 ], [ 85.2054333, 27.704201 ], [ 85.2054505, 27.7042766 ], [ 85.2054818, 27.7043258 ], [ 85.2055272, 27.7043714 ], [ 85.2055809, 27.7044054 ], [ 85.2056393, 27.704436 ], [ 85.2057501, 27.7044646 ], [ 85.2059399, 27.7044982 ], [ 85.2061241, 27.7045138 ], [ 85.2063334, 27.7045138 ], [ 85.206425, 27.7045119 ], [ 85.206482, 27.7045108 ], [ 85.2065636, 27.704518 ], [ 85.2066383, 27.7045386 ], [ 85.2067132, 27.7045932 ], [ 85.2067873, 27.7046903 ], [ 85.2068179, 27.7047591 ], [ 85.2068288, 27.7048241 ], [ 85.2068388, 27.7049043 ], [ 85.2068422, 27.7049648 ], [ 85.2068442, 27.7050361 ], [ 85.2067737, 27.7052587 ] ] ] } },
{ "type": "Feature", "properties": { "id": "way/1292071067", "name": "त्रिभुवन राजपथ", "name_en": "Tribhuvan Rajpath", "name_ne": "त्रिभुवन राजपथ", "highway": "trunk", "surface": "paved", "smoothness": null, "width": null, "lanes": "2", "oneway": "yes", "bridge": null, "layer": null, "source": null, "adm0_pcode": "NPL", "adm0_name": "Nepal", "adm1_pcode": "NP03", "adm1_name": "Bagmati", "adm2_pcode": "NP0327", "adm2_name": "Kathmandu", "adm3_pcode": "NP0327308", "adm3_name": "Chandragiri", "adm4_pcode": null, "adm4_name": null, "name_latin": "Tribhuvan Rajpath" }, "geometry": { "type": "MultiLineString", "coordinates": [ [ [ 85.2067737, 27.7052587 ], [ 85.2068865, 27.705115 ], [ 85.2069374, 27.7049969 ], [ 85.2069427, 27.7049067 ], [ 85.2069431, 27.7048297 ], [ 85.2069352, 27.7047338 ], [ 85.2069057, 27.704657 ], [ 85.2068573, 27.7045821 ], [ 85.2067938, 27.7045165 ], [ 85.2067334, 27.7044692 ], [ 85.2066424, 27.704434 ], [ 85.2065453, 27.7044159 ], [ 85.206426, 27.7044182 ], [ 85.2062303, 27.7044219 ], [ 85.2059939, 27.7044011 ], [ 85.2057388, 27.7043535 ], [ 85.2056063, 27.7043016 ], [ 85.2055591, 27.7042405 ], [ 85.2055335, 27.7041858 ], [ 85.2055259, 27.704119 ], [ 85.2055541, 27.7039704 ], [ 85.2055727, 27.7038389 ], [ 85.2055733, 27.7036967 ], [ 85.2055632, 27.7035694 ], [ 85.2055426, 27.7034292 ], [ 85.2054974, 27.7032134 ], [ 85.2054743, 27.7030634 ], [ 85.2054736, 27.7028792 ], [ 85.2055044, 27.7026715 ], [ 85.2055635, 27.7024352 ], [ 85.2056238, 27.7022108 ], [ 85.2056386, 27.7021233 ], [ 85.2056437, 27.7019943 ], [ 85.2056139, 27.7018328 ], [ 85.2055155, 27.7014974 ], [ 85.2054898, 27.7013581 ], [ 85.2054851, 27.7012432 ], [ 85.2054899, 27.701174 ], [ 85.2055124, 27.7011078 ], [ 85.2055484, 27.7010209 ], [ 85.2056398, 27.7009015 ], [ 85.2058122, 27.7006998 ], [ 85.2059208, 27.7006025 ], [ 85.2059888, 27.7005551 ], [ 85.2060152, 27.7005367 ], [ 85.2061056, 27.700485 ], [ 85.2062891, 27.7004146 ], [ 85.2064897, 27.7003554 ], [ 85.2066484, 27.7002867 ], [ 85.2067566, 27.7002237 ], [ 85.2068508, 27.7001639 ], [ 85.2072435, 27.6998573 ], [ 85.2072874, 27.6998196 ], [ 85.207375, 27.6997474 ], [ 85.2074901, 27.6996843 ], [ 85.2075955, 27.6996408 ], [ 85.207737, 27.6996098 ], [ 85.2080541, 27.699571 ], [ 85.2088097, 27.6994777 ], [ 85.2092638, 27.6994126 ], [ 85.209639, 27.6993687 ], [ 85.2098089, 27.6993391 ], [ 85.2099844, 27.6992958 ], [ 85.2101439, 27.6992489 ], [ 85.2103949, 27.6991228 ], [ 85.2105438, 27.6990292 ], [ 85.2106717, 27.6989086 ], [ 85.2107985, 27.6987642 ], [ 85.2109772, 27.6984642 ], [ 85.2110774, 27.6983271 ], [ 85.2111672, 27.6982229 ], [ 85.2112972, 27.6981427 ], [ 85.2114764, 27.6980737 ], [ 85.2116375, 27.6980207 ], [ 85.211783, 27.6979728 ], [ 85.2125331, 27.69772 ], [ 85.2127996, 27.6976318 ], [ 85.2130743, 27.6975401 ], [ 85.2133238, 27.6974444 ], [ 85.2136143, 27.6973149 ], [ 85.213703, 27.6972733 ], [ 85.2140017, 27.6971168 ], [ 85.2146952, 27.6967427 ], [ 85.2148017, 27.6966861 ], [ 85.2151349, 27.6965088 ], [ 85.2154098, 27.6963651 ], [ 85.2154689, 27.6963259 ], [ 85.2155799, 27.6962378 ] ] ] } },
{ "type": "Feature", "properties": { "id": "way/351018899", "name": "थापाथली रोड", "name_en": "Thapathali Road", "name_ne": "थापाथली रोड", "highway": "trunk", "surface": "asphalt", "smoothness": null, "width": "9", "lanes": "2", "oneway": "yes", "bridge": null, "layer": null, "source": null, "adm0_pcode": "NPL", "adm0_name": "Nepal", "adm1_pcode": "NP03", "adm1_name": "Bagmati", "adm2_pcode": "NP0327", "adm2_name": "Kathmandu", "adm3_pcode": "NP0327101", "adm3_name": "Kathmandu", "adm4_pcode": null, "adm4_name": null, "name_latin": "Thapathali Road" }, "geometry": { "type": "MultiLineString", "coordinates": [ [ [ 85.3175997, 27.6908274 ], [ 85.3176201, 27.6909544 ], [ 85.3176484, 27.6910367 ] ] ] } },
{ "type": "Feature", "properties": { "id": "way/136619565", "name": "गणेशमान सिंह पथ", "name_en": "Ganeshman Singh Path", "name_ne": "गणेशमान सिंह पथ", "highway": "trunk", "surface": null, "smoothness": null, "width": "12", "lanes": null, "oneway": null, "bridge": null, "layer": null, "source": null, "adm0_pcode": "NPL", "adm0_name": "Nepal", "adm1_pcode": "NP03", "adm1_name": "Bagmati", "adm2_pcode": "NP0327", "adm2_name": "Kathmandu", "adm3_pcode": "NP0327101", "adm3_name": "Kathmandu", "adm4_pcode": null, "adm4_name": null, "name_latin": "Ganeshman Singh Path" }, "geometry": { "type": "MultiLineString", "coordinates": [ [ [ 85.2996154, 27.6984868 ], [ 85.2997046, 27.6985061 ], [ 85.299897, 27.6985347 ], [ 85.3000192, 27.6985576 ], [ 85.3000778, 27.6985689 ], [ 85.3002139, 27.6985405 ], [ 85.3003152, 27.6985165 ], [ 85.3004881, 27.6984797 ], [ 85.3005407, 27.6984702 ], [ 85.3016628, 27.6982223 ], [ 85.3018395, 27.6981815 ] ] ] } },
{ "type": "Feature", "properties": { "id": "way/351018897", "name": null, "name_en": null, "name_ne": null, "highway": "trunk_link", "surface": "asphalt", "smoothness": null, "width": "4", "lanes": null, "oneway": "yes", "bridge": null, "layer": null, "source": null, "adm0_pcode": "NPL", "adm0_name": "Nepal", "adm1_pcode": "NP03", "adm1_name": "Bagmati", "adm2_pcode": "NP0327", "adm2_name": "Kathmandu", "adm3_pcode": "NP0327101", "adm3_name": "Kathmandu", "adm4_pcode": null, "adm4_name": null, "name_latin": null }, "geometry": { "type": "MultiLineString", "coordinates": [ [ [ 85.3175324, 27.6908726 ], [ 85.3175924, 27.6909535 ], [ 85.3176484, 27.6910367 ] ] ] } },
{ "type": "Feature", "properties": { "id": "way/1426160996", "name": "Kathmandu Ringroad", "name_en": null, "name_ne": "काठमाडाैँ चक्रपथ", "highway": "trunk", "surface": "asphalt", "smoothness": null, "width": "6", "lanes": "2", "oneway": "yes", "bridge": null, "layer": null, "source": null, "adm0_pcode": "NPL", "adm0_name": "Nepal", "adm1_pcode": "NP03", "adm1_name": "Bagmati", "adm2_pcode": "NP0325", "adm2_name": "Lalitpur", "adm3_pcode": "NP0325101", "adm3_name": "Lalitpur", "adm4_pcode": null, "adm4_name": null, "name_latin": "Kathmandu Ringroad" }, "geometry": { "type": "MultiLineString", "coordinates": [ [ [ 85.3376493, 27.6700032 ], [ 85.3382993, 27.6703499 ], [ 85.3389832, 27.6707109 ], [ 85.3392836, 27.6708808 ], [ 85.3396136, 27.6710708 ], [ 85.3398938, 27.6712585 ], [ 85.3401138, 27.6714259 ], [ 85.340268, 27.6715483 ], [ 85.3404759, 27.6717288 ], [ 85.3406516, 27.6718951 ], [ 85.3408366, 27.6720804 ], [ 85.3414335, 27.6726959 ] ] ] } },
{ "type": "Feature", "properties": { "id": "way/1469161151", "name": null, "name_en": null, "name_ne": null, "highway": "trunk", "surface": "paved", "smoothness": null, "width": "6", "lanes": "1", "oneway": "yes", "bridge": null, "layer": null, "source": null, "adm0_pcode": "NPL", "adm0_name": "Nepal", "adm1_pcode": "NP03", "adm1_name": "Bagmati", "adm2_pcode": "NP0327", "adm2_name": "Kathmandu", "adm3_pcode": "NP0327101", "adm3_name": "Kathmandu", "adm4_pcode": null, "adm4_name": null, "name_latin": null }, "geometry": { "type": "MultiLineString", "coordinates": [ [ [ 85.3202281, 27.6947244 ], [ 85.320271, 27.6947479 ], [ 85.320454, 27.694848 ] ] ] } },
{ "type": "Feature", "properties": { "id": "way/1485288250", "name": null, "name_en": null, "name_ne": null, "highway": "trunk_link", "surface": null, "smoothness": null, "width": null, "lanes": null, "oneway": null, "bridge": null, "layer": null, "source": null, "adm0_pcode": "NPL", "adm0_name": "Nepal", "adm1_pcode": "NP03", "adm1_name": "Bagmati", "adm2_pcode": "NP0327", "adm2_name": "Kathmandu", "adm3_pcode": "NP0327308", "adm3_name": "Chandragiri", "adm4_pcode": null, "adm4_name": null, "name_latin": null }, "geometry": { "type": "MultiLineString", "coordinates": [ [ [ 85.2059888, 27.7005551 ], [ 85.2059327, 27.7004936 ] ] ] } },
{ "type": "Feature", "properties": { "id": "way/172008702", "name": null, "name_en": null, "name_ne": null, "highway": "trunk", "surface": "asphalt", "smoothness": null, "width": "7", "lanes": null, "oneway": "yes", "bridge": null, "layer": null, "source": null, "adm0_pcode": "NPL", "adm0_name": "Nepal", "adm1_pcode": "NP03", "adm1_name": "Bagmati", "adm2_pcode": "NP0327", "adm2_name": "Kathmandu", "adm3_pcode": "NP0327101", "adm3_name": "Kathmandu", "adm4_pcode": null, "adm4_name": null, "name_latin": null }, "geometry": { "type": "MultiLineString", "coordinates": [ [ [ 85.3202127, 27.6942558 ], [ 85.3201722, 27.6942974 ], [ 85.3201486, 27.6943383 ], [ 85.3201396, 27.6943649 ], [ 85.3201194, 27.6943958 ], [ 85.3201034, 27.6944331 ], [ 85.3201014, 27.6944713 ], [ 85.3201032, 27.6945021 ], [ 85.3201127, 27.6945347 ], [ 85.3201303, 27.6945712 ], [ 85.3201631, 27.6946113 ], [ 85.3201985, 27.6946481 ], [ 85.3202281, 27.6947244 ] ] ] } },
{ "type": "Feature", "properties": { "id": "way/169191889", "name": "त्रिपुरेश्वर मार्ग", "name_en": "Tripureshwar Marg", "name_ne": "त्रिपुरेश्वर मार्ग", "highway": "trunk", "surface": "asphalt", "smoothness": "good", "width": "9", "lanes": "2", "oneway": "yes", "bridge": null, "layer": null, "source": null, "adm0_pcode": "NPL", "adm0_name": "Nepal", "adm1_pcode": "NP03", "adm1_name": "Bagmati", "adm2_pcode": "NP0327", "adm2_name": "Kathmandu", "adm3_pcode": "NP0327101", "adm3_name": "Kathmandu", "adm4_pcode": null, "adm4_name": null, "name_latin": "Tripureshwar Marg" }, "geometry": { "type": "MultiLineString", "coordinates": [ [ [ 85.3142776, 27.6938157 ], [ 85.3143056, 27.6936957 ], [ 85.3143254, 27.6936471 ], [ 85.3143752, 27.6935504 ], [ 85.3145329, 27.6933612 ] ] ] } },
{ "type": "Feature", "properties": { "id": "way/1426160995", "name": "Kathmandu Ringroad", "name_en": null, "name_ne": "काठमाडाैँ चक्रपथ", "highway": "trunk", "surface": "paved", "smoothness": null, "width": "7", "lanes": "2", "oneway": "yes", "bridge": null, "layer": null, "source": null, "adm0_pcode": "NPL", "adm0_name": "Nepal", "adm1_pcode": "NP03", "adm1_name": "Bagmati", "adm2_pcode": "NP0325", "adm2_name": "Lalitpur", "adm3_pcode": "NP0325101", "adm3_name": "Lalitpur", "adm4_pcode": null, "adm4_name": null, "name_latin": "Kathmandu Ringroad" }, "geometry": { "type": "MultiLineString", "coordinates": [ [ [ 85.3414907, 27.6726465 ], [ 85.3411704, 27.6723191 ], [ 85.3407781, 27.6719162 ], [ 85.3405732, 27.6717123 ], [ 85.3403481, 27.6715176 ], [ 85.3401084, 27.6713238 ], [ 85.3398467, 27.6711356 ], [ 85.3395896, 27.6709683 ], [ 85.3393362, 27.6708263 ], [ 85.3378246, 27.6700244 ], [ 85.337687, 27.669951 ] ] ] } },
{ "type": "Feature", "properties": { "id": "way/172126340", "name": "मदन भण्डारी पथ", "name_en": "Madan Bhandari Path", "name_ne": "मदन भण्डारी पथ", "highway": "trunk", "surface": "asphalt", "smoothness": null, "width": "8", "lanes": null, "oneway": "yes", "bridge": null, "layer": null, "source": null, "adm0_pcode": "NPL", "adm0_name": "Nepal", "adm1_pcode": "NP03", "adm1_name": "Bagmati", "adm2_pcode": "NP0327", "adm2_name": "Kathmandu", "adm3_pcode": "NP0327101", "adm3_name": "Kathmandu", "adm4_pcode": null, "adm4_name": null, "name_latin": "Madan Bhandari Path" }, "geometry": { "type": "MultiLineString", "coordinates": [ [ [ 85.3207225, 27.6945001 ], [ 85.3207097, 27.6943814 ], [ 85.3207102, 27.6943375 ], [ 85.3207185, 27.694282 ] ] ] } },
{ "type": "Feature", "properties": { "id": "way/111845384", "name": null, "name_en": null, "name_ne": null, "highway": "trunk", "surface": "asphalt", "smoothness": null, "width": "6", "lanes": null, "oneway": "yes", "bridge": null, "layer": null, "source": null, "adm0_pcode": "NPL", "adm0_name": "Nepal", "adm1_pcode": "NP03", "adm1_name": "Bagmati", "adm2_pcode": "NP0327", "adm2_name": "Kathmandu", "adm3_pcode": "NP0327101", "adm3_name": "Kathmandu", "adm4_pcode": null, "adm4_name": null, "name_latin": null }, "geometry": { "type": "MultiLineString", "coordinates": [ [ [ 85.320454, 27.694848 ], [ 85.3205282, 27.6948543 ], [ 85.3205553, 27.6948665 ], [ 85.3205877, 27.6948713 ], [ 85.3206447, 27.6948676 ], [ 85.3206651, 27.6948633 ], [ 85.3206866, 27.6948525 ], [ 85.3207072, 27.6948318 ], [ 85.3207192, 27.6948164 ], [ 85.3207289, 27.694794 ], [ 85.3207357, 27.6947665 ], [ 85.320744, 27.6947208 ], [ 85.320747, 27.6946376 ], [ 85.3207372, 27.6945461 ] ] ] } },
{ "type": "Feature", "properties": { "id": "way/257416645", "name": "मदन भण्डारी पथ", "name_en": "Madan Bhandari Path", "name_ne": "मदन भण्डारी पथ", "highway": "trunk", "surface": "asphalt", "smoothness": null, "width": "6", "lanes": null, "oneway": "yes", "bridge": null, "layer": null, "source": null, "adm0_pcode": "NPL", "adm0_name": "Nepal", "adm1_pcode": "NP03", "adm1_name": "Bagmati", "adm2_pcode": "NP0327", "adm2_name": "Kathmandu", "adm3_pcode": "NP0327101", "adm3_name": "Kathmandu", "adm4_pcode": null, "adm4_name": null, "name_latin": "Madan Bhandari Path" }, "geometry": { "type": "MultiLineString", "coordinates": [ [ [ 85.3207185, 27.694282 ], [ 85.3207293, 27.6942291 ], [ 85.3207366, 27.6941929 ], [ 85.3207663, 27.6941357 ], [ 85.3207932, 27.6940703 ] ] ] } },
{ "type": "Feature", "properties": { "id": "way/170533894", "name": null, "name_en": null, "name_ne": null, "highway": "trunk", "surface": "asphalt", "smoothness": null, "width": null, "lanes": null, "oneway": "yes", "bridge": null, "layer": null, "source": null, "adm0_pcode": "NPL", "adm0_name": "Nepal", "adm1_pcode": "NP03", "adm1_name": "Bagmati", "adm2_pcode": "NP0327", "adm2_name": "Kathmandu", "adm3_pcode": "NP0327101", "adm3_name": "Kathmandu", "adm4_pcode": null, "adm4_name": null, "name_latin": null }, "geometry": { "type": "MultiLineString", "coordinates": [ [ [ 85.3207372, 27.6945461 ], [ 85.3207225, 27.6945001 ] ] ] } },
{ "type": "Feature", "properties": { "id": "way/232095615", "name": "मदन भण्डारी पथ", "name_en": "Madan Bhandari Path", "name_ne": "मदन भण्डारी पथ", "highway": "trunk", "surface": "asphalt", "smoothness": null, "width": "6", "lanes": null, "oneway": "yes", "bridge": null, "layer": null, "source": null, "adm0_pcode": "NPL", "adm0_name": "Nepal", "adm1_pcode": "NP03", "adm1_name": "Bagmati", "adm2_pcode": "NP0327", "adm2_name": "Kathmandu", "adm3_pcode": "NP0327101", "adm3_name": "Kathmandu", "adm4_pcode": null, "adm4_name": null, "name_latin": "Madan Bhandari Path" }, "geometry": { "type": "MultiLineString", "coordinates": [ [ [ 85.3209015, 27.6938746 ], [ 85.3208184, 27.6939125 ], [ 85.3204063, 27.6941279 ], [ 85.3202127, 27.6942558 ] ] ] } },
{ "type": "Feature", "properties": { "id": "way/111845390", "name": "माइतिघर सडक", "name_en": "Maitighar", "name_ne": "माइतिघर सडक", "highway": "trunk", "surface": "asphalt", "smoothness": null, "width": "8", "lanes": null, "oneway": "yes", "bridge": null, "layer": null, "source": null, "adm0_pcode": "NPL", "adm0_name": "Nepal", "adm1_pcode": "NP03", "adm1_name": "Bagmati", "adm2_pcode": "NP0327", "adm2_name": "Kathmandu", "adm3_pcode": "NP0327101", "adm3_name": "Kathmandu", "adm4_pcode": null, "adm4_name": null, "name_latin": "Maitighar" }, "geometry": { "type": "MultiLineString", "coordinates": [ [ [ 85.3207225, 27.6945001 ], [ 85.3206873, 27.6944177 ], [ 85.3206447, 27.694353 ], [ 85.3205966, 27.694304 ], [ 85.3205447, 27.694269 ], [ 85.3204909, 27.6942458 ], [ 85.320437, 27.6942327 ], [ 85.3203848, 27.6942276 ], [ 85.3203361, 27.6942286 ], [ 85.3202927, 27.6942339 ], [ 85.3202565, 27.6942415 ], [ 85.3202292, 27.6942494 ], [ 85.3202127, 27.6942558 ] ] ] } },
{ "type": "Feature", "properties": { "id": "way/1467515176", "name": "थापाथली सडक", "name_en": "Thapathali Road", "name_ne": "थापाथली सडक", "highway": "trunk", "surface": "asphalt", "smoothness": null, "width": "9", "lanes": null, "oneway": "yes", "bridge": null, "layer": null, "source": null, "adm0_pcode": "NPL", "adm0_name": "Nepal", "adm1_pcode": "NP03", "adm1_name": "Bagmati", "adm2_pcode": "NP0327", "adm2_name": "Kathmandu", "adm3_pcode": "NP0327101", "adm3_name": "Kathmandu", "adm4_pcode": null, "adm4_name": null, "name_latin": "Thapathali Road" }, "geometry": { "type": "MultiLineString", "coordinates": [ [ [ 85.3193952, 27.694101 ], [ 85.319362, 27.6940607 ], [ 85.3193303, 27.6940212 ] ] ] } },
{ "type": "Feature", "properties": { "id": "way/351018908", "name": "त्रिपुरेश्वर मार्ग", "name_en": "Tripureshwar Marg", "name_ne": "त्रिपुरेश्वर मार्ग", "highway": "trunk", "surface": "asphalt", "smoothness": "good", "width": "4", "lanes": "2", "oneway": "yes", "bridge": null, "layer": null, "source": null, "adm0_pcode": "NPL", "adm0_name": "Nepal", "adm1_pcode": "NP03", "adm1_name": "Bagmati", "adm2_pcode": "NP0327", "adm2_name": "Kathmandu", "adm3_pcode": "NP0327101", "adm3_name": "Kathmandu", "adm4_pcode": null, "adm4_name": null, "name_latin": "Tripureshwar Marg" }, "geometry": { "type": "MultiLineString", "coordinates": [ [ [ 85.3171194, 27.6907315 ], [ 85.3170864, 27.6907434 ], [ 85.3170588, 27.6907571 ], [ 85.3170291, 27.6907721 ], [ 85.3169954, 27.6907993 ], [ 85.3169605, 27.6908316 ], [ 85.3168423, 27.6909481 ], [ 85.3167509, 27.6910403 ], [ 85.3165196, 27.6912869 ], [ 85.3159937, 27.6918054 ], [ 85.3154282, 27.692397 ], [ 85.3149992, 27.6928341 ], [ 85.3149085, 27.692919 ], [ 85.3142811, 27.6935171 ], [ 85.3141699, 27.6935994 ], [ 85.3140839, 27.6936498 ] ] ] } },
{ "type": "Feature", "properties": { "id": "way/172008695", "name": "थापाथली सडक", "name_en": "Thapathali Road", "name_ne": "थापाथली सडक", "highway": "trunk", "surface": "asphalt", "smoothness": null, "width": "9", "lanes": "2", "oneway": "yes", "bridge": null, "layer": null, "source": null, "adm0_pcode": "NPL", "adm0_name": "Nepal", "adm1_pcode": "NP03", "adm1_name": "Bagmati", "adm2_pcode": "NP0327", "adm2_name": "Kathmandu", "adm3_pcode": "NP0327101", "adm3_name": "Kathmandu", "adm4_pcode": null, "adm4_name": null, "name_latin": "Thapathali Road" }, "geometry": { "type": "MultiLineString", "coordinates": [ [ [ 85.3201722, 27.6942974 ], [ 85.3199798, 27.6943616 ], [ 85.3199604, 27.6943699 ], [ 85.3199476, 27.6943749 ], [ 85.3199353, 27.6943794 ], [ 85.3199168, 27.6943855 ], [ 85.3198924, 27.6943918 ], [ 85.3198628, 27.694397 ], [ 85.3198282, 27.6943998 ], [ 85.3197996, 27.6943927 ], [ 85.3197662, 27.6943801 ], [ 85.3197035, 27.694338 ], [ 85.3196582, 27.6943159 ], [ 85.3195872, 27.6942713 ], [ 85.3195065, 27.6941972 ], [ 85.3193952, 27.694101 ] ] ] } },
{ "type": "Feature", "properties": { "id": "way/1178260839", "name": "Kathmandu Ringroad", "name_en": null, "name_ne": "काठमाडाैँ चक्रपथ", "highway": "trunk", "surface": "paved", "smoothness": null, "width": "16", "lanes": "4", "oneway": "no", "bridge": null, "layer": null, "source": null, "adm0_pcode": "NPL", "adm0_name": "Nepal", "adm1_pcode": "NP03", "adm1_name": "Bagmati", "adm2_pcode": "NP0327", "adm2_name": "Kathmandu", "adm3_pcode": "NP0327101", "adm3_name": "Kathmandu", "adm4_pcode": null, "adm4_name": null, "name_latin": "Kathmandu Ringroad" }, "geometry": { "type": "MultiLineString", "coordinates": [ [ [ 85.3053747, 27.7321299 ], [ 85.3053814, 27.7326649 ], [ 85.3053916, 27.7332326 ], [ 85.3054297, 27.7343631 ], [ 85.3054439, 27.7344831 ], [ 85.3054581, 27.7345933 ], [ 85.3054756, 27.7346893 ], [ 85.3054964, 27.7347667 ], [ 85.3055294, 27.7348292 ], [ 85.3055723, 27.7349016 ], [ 85.3056264, 27.7349851 ], [ 85.3056554, 27.7350298 ], [ 85.3056997, 27.7350939 ], [ 85.3057413, 27.7351414 ], [ 85.3057775, 27.7351782 ], [ 85.3058325, 27.7352245 ], [ 85.3058928, 27.7352708 ] ] ] } },
{ "type": "Feature", "properties": { "id": "way/190889376", "name": "Kathmandu Ringroad", "name_en": null, "name_ne": "काठमाडाैँ चक्रपथ", "highway": "trunk", "surface": "paved", "smoothness": null, "width": "14", "lanes": "4", "oneway": "no", "bridge": null, "layer": null, "source": null, "adm0_pcode": "NPL", "adm0_name": "Nepal", "adm1_pcode": "NP03", "adm1_name": "Bagmati", "adm2_pcode": "NP0327", "adm2_name": "Kathmandu", "adm3_pcode": "NP0327303", "adm3_name": "Budhanilkhantha", "adm4_pcode": null, "adm4_name": null, "name_latin": "Kathmandu Ringroad" }, "geometry": { "type": "MultiLineString", "coordinates": [ [ [ 85.3454401, 27.7222872 ], [ 85.3453463, 27.7225242 ], [ 85.3453113, 27.7226282 ], [ 85.3453056, 27.7226537 ] ] ] } },
{ "type": "Feature", "properties": { "id": "way/231880678", "name": "मदन भण्डारी पथ", "name_en": "Madan Bhandari Path", "name_ne": "मदन भण्डारी पथ", "highway": "trunk", "surface": "asphalt", "smoothness": null, "width": "6", "lanes": "2", "oneway": "yes", "bridge": null, "layer": null, "source": null, "adm0_pcode": "NPL", "adm0_name": "Nepal", "adm1_pcode": "NP03", "adm1_name": "Bagmati", "adm2_pcode": "NP0327", "adm2_name": "Kathmandu", "adm3_pcode": "NP0327101", "adm3_name": "Kathmandu", "adm4_pcode": null, "adm4_name": null, "name_latin": "Madan Bhandari Path" }, "geometry": { "type": "MultiLineString", "coordinates": [ [ [ 85.3207932, 27.6940703 ], [ 85.3208764, 27.693979 ], [ 85.3209169, 27.6939486 ], [ 85.3209897, 27.6939049 ], [ 85.3219325, 27.6934344 ], [ 85.3227462, 27.6930425 ], [ 85.3237362, 27.6925962 ], [ 85.3238932, 27.692519 ] ] ] } },
{ "type": "Feature", "properties": { "id": "way/1467515177", "name": null, "name_en": null, "name_ne": null, "highway": "trunk_link", "surface": null, "smoothness": null, "width": null, "lanes": null, "oneway": "yes", "bridge": null, "layer": null, "source": null, "adm0_pcode": "NPL", "adm0_name": "Nepal", "adm1_pcode": "NP03", "adm1_name": "Bagmati", "adm2_pcode": "NP0327", "adm2_name": "Kathmandu", "adm3_pcode": "NP0327101", "adm3_name": "Kathmandu", "adm4_pcode": null, "adm4_name": null, "name_latin": null }, "geometry": { "type": "MultiLineString", "coordinates": [ [ [ 85.3201194, 27.6943958 ], [ 85.3200423, 27.6944082 ], [ 85.3199838, 27.6944427 ], [ 85.3199342, 27.6944708 ], [ 85.3198878, 27.694483 ], [ 85.319791, 27.6944854 ] ] ] } },
{ "type": "Feature", "properties": { "id": "way/344320085", "name": "थापाथली सडक", "name_en": "Thapathali Road", "name_ne": "थापाथली सडक", "highway": "trunk", "surface": "paved", "smoothness": null, "width": "6", "lanes": "1", "oneway": "yes", "bridge": null, "layer": null, "source": null, "adm0_pcode": "NPL", "adm0_name": "Nepal", "adm1_pcode": "NP03", "adm1_name": "Bagmati", "adm2_pcode": "NP0327", "adm2_name": "Kathmandu", "adm3_pcode": "NP0327101", "adm3_name": "Kathmandu", "adm4_pcode": null, "adm4_name": null, "name_latin": "Thapathali Road" }, "geometry": { "type": "MultiLineString", "coordinates": [ [ [ 85.3193533, 27.694148 ], [ 85.319455, 27.6942514 ], [ 85.319791, 27.6944854 ], [ 85.3202281, 27.6947244 ] ] ] } },
{ "type": "Feature", "properties": { "id": "way/216281900", "name": "Tribhuvan Rajpath", "name_en": null, "name_ne": null, "highway": "trunk", "surface": "paved", "smoothness": null, "width": null, "lanes": "2", "oneway": "no", "bridge": null, "layer": null, "source": null, "adm0_pcode": "NPL", "adm0_name": "Nepal", "adm1_pcode": "NP03", "adm1_name": "Bagmati", "adm2_pcode": "NP0327", "adm2_name": "Kathmandu", "adm3_pcode": "NP0327308", "adm3_name": "Chandragiri", "adm4_pcode": null, "adm4_name": null, "name_latin": "Tribhuvan Rajpath" }, "geometry": { "type": "MultiLineString", "coordinates": [ [ [ 85.2184015, 27.6937992 ], [ 85.2185425, 27.6937669 ], [ 85.2188862, 27.6937007 ], [ 85.2192097, 27.6936131 ], [ 85.2193284, 27.6935691 ], [ 85.2194298, 27.6935243 ], [ 85.2195295, 27.6934452 ], [ 85.21961, 27.6933717 ], [ 85.2196733, 27.6933018 ], [ 85.219725, 27.6932349 ], [ 85.2197784, 27.6931657 ], [ 85.2198627, 27.6930188 ], [ 85.2200284, 27.6927384 ], [ 85.2200799, 27.6926642 ], [ 85.2201707, 27.6925822 ], [ 85.2203139, 27.6924736 ], [ 85.2203755, 27.6924235 ], [ 85.2205706, 27.6922575 ], [ 85.2206524, 27.6921804 ], [ 85.220724, 27.6920943 ], [ 85.2207844, 27.6920008 ], [ 85.2208471, 27.6918832 ], [ 85.2209922, 27.6915549 ], [ 85.2210316, 27.6914657 ], [ 85.2210515, 27.6914191 ] ] ] } },
{ "type": "Feature", "properties": { "id": "way/1284332018", "name": "Tribhuvan Rajpath", "name_en": null, "name_ne": null, "highway": "trunk", "surface": "paved", "smoothness": null, "width": "22", "lanes": "2", "oneway": "no", "bridge": null, "layer": null, "source": null, "adm0_pcode": "NPL", "adm0_name": "Nepal", "adm1_pcode": "NP03", "adm1_name": "Bagmati", "adm2_pcode": "NP0327", "adm2_name": "Kathmandu", "adm3_pcode": "NP0327308", "adm3_name": "Chandragiri", "adm4_pcode": null, "adm4_name": null, "name_latin": "Tribhuvan Rajpath" }, "geometry": { "type": "MultiLineString", "coordinates": [ [ [ 85.2743322, 27.6906799 ], [ 85.2747591, 27.6908441 ], [ 85.275065, 27.6909802 ], [ 85.2751952, 27.6910522 ], [ 85.2755926, 27.6913148 ], [ 85.2760358, 27.6916254 ], [ 85.276259, 27.6917749 ], [ 85.2764228, 27.691876 ], [ 85.2765755, 27.6919527 ], [ 85.276709, 27.6920038 ], [ 85.2768487, 27.6920422 ], [ 85.2770214, 27.6920783 ], [ 85.2772659, 27.692109 ], [ 85.2776256, 27.6921391 ], [ 85.2777959, 27.6921537 ] ] ] } },
{ "type": "Feature", "properties": { "id": "way/180216483", "name": "Kathmandu Ringroad", "name_en": null, "name_ne": "काठमाडाैँ चक्रपथ", "highway": "trunk", "surface": "paved", "smoothness": null, "width": "14", "lanes": "2", "oneway": "yes", "bridge": null, "layer": null, "source": null, "adm0_pcode": "NPL", "adm0_name": "Nepal", "adm1_pcode": "NP03", "adm1_name": "Bagmati", "adm2_pcode": "NP0327", "adm2_name": "Kathmandu", "adm3_pcode": "NP0327303", "adm3_name": "Budhanilkhantha", "adm4_pcode": null, "adm4_name": null, "name_latin": "Kathmandu Ringroad" }, "geometry": { "type": "MultiLineString", "coordinates": [ [ [ 85.3468696, 27.7185132 ], [ 85.3469214, 27.7183136 ], [ 85.3469319, 27.7182057 ], [ 85.3469224, 27.7180865 ], [ 85.3468549, 27.7178731 ], [ 85.3467212, 27.7175281 ], [ 85.3467182, 27.7175145 ] ] ] } },
{ "type": "Feature", "properties": { "id": "way/303949324", "name": null, "name_en": null, "name_ne": null, "highway": "trunk_link", "surface": null, "smoothness": null, "width": null, "lanes": null, "oneway": "yes", "bridge": null, "layer": null, "source": null, "adm0_pcode": "NPL", "adm0_name": "Nepal", "adm1_pcode": "NP03", "adm1_name": "Bagmati", "adm2_pcode": "NP0327", "adm2_name": "Kathmandu", "adm3_pcode": "NP0327303", "adm3_name": "Budhanilkhantha", "adm4_pcode": null, "adm4_name": null, "name_latin": null }, "geometry": { "type": "MultiLineString", "coordinates": [ [ [ 85.3468696, 27.7185132 ], [ 85.3469444, 27.7184007 ], [ 85.3470008, 27.7182624 ], [ 85.3470144, 27.7181086 ], [ 85.34699, 27.7179785 ], [ 85.346937, 27.7178341 ], [ 85.346871, 27.7177292 ], [ 85.3467712, 27.717576 ], [ 85.3467182, 27.7175145 ] ] ] } },
{ "type": "Feature", "properties": { "id": "way/199430779", "name": "Tribhuvan Rajpath", "name_en": "Tribhuvan Rajpath", "name_ne": null, "highway": "trunk", "surface": "paved", "smoothness": null, "width": null, "lanes": "2", "oneway": "no", "bridge": "yes", "layer": "1", "source": null, "adm0_pcode": "NPL", "adm0_name": "Nepal", "adm1_pcode": "NP03", "adm1_name": "Bagmati", "adm2_pcode": "NP0327", "adm2_name": "Kathmandu", "adm3_pcode": "NP0327308", "adm3_name": "Chandragiri", "adm4_pcode": null, "adm4_name": null, "name_latin": "Tribhuvan Rajpath" }, "geometry": { "type": "MultiLineString", "coordinates": [ [ [ 85.2598706, 27.6862092 ], [ 85.2602539, 27.686192 ] ] ] } },
{ "type": "Feature", "properties": { "id": "way/199430781", "name": "Tribhuvan Rajpath", "name_en": "Tribhuvan Rajpath", "name_ne": null, "highway": "trunk", "surface": "paved", "smoothness": null, "width": null, "lanes": "2", "oneway": "no", "bridge": null, "layer": null, "source": null, "adm0_pcode": "NPL", "adm0_name": "Nepal", "adm1_pcode": "NP03", "adm1_name": "Bagmati", "adm2_pcode": "NP0327", "adm2_name": "Kathmandu", "adm3_pcode": "NP0327308", "adm3_name": "Chandragiri", "adm4_pcode": null, "adm4_name": null, "name_latin": "Tribhuvan Rajpath" }, "geometry": { "type": "MultiLineString", "coordinates": [ [ [ 85.2602539, 27.686192 ], [ 85.2605397, 27.6861762 ], [ 85.2609461, 27.6861537 ], [ 85.2617194, 27.6861114 ], [ 85.2619433, 27.6860921 ], [ 85.2621211, 27.6860887 ], [ 85.2622779, 27.6860997 ], [ 85.2624191, 27.6861279 ] ] ] } },
{ "type": "Feature", "properties": { "id": "way/1330813763", "name": "Tribhuvan Rajpath", "name_en": null, "name_ne": null, "highway": "trunk", "surface": "paved", "smoothness": null, "width": null, "lanes": "2", "oneway": "no", "bridge": null, "layer": null, "source": null, "adm0_pcode": "NPL", "adm0_name": "Nepal", "adm1_pcode": "NP03", "adm1_name": "Bagmati", "adm2_pcode": "NP0327", "adm2_name": "Kathmandu", "adm3_pcode": "NP0327308", "adm3_name": "Chandragiri", "adm4_pcode": null, "adm4_name": null, "name_latin": "Tribhuvan Rajpath" }, "geometry": { "type": "MultiLineString", "coordinates": [ [ [ 85.2593954, 27.6862227 ], [ 85.2598706, 27.6862092 ] ] ] } },
{ "type": "Feature", "properties": { "id": "way/1071913171", "name": "Kathmandu Ringroad", "name_en": null, "name_ne": "काठमाडाैँ चक्रपथ", "highway": "trunk", "surface": null, "smoothness": null, "width": "14", "lanes": "2", "oneway": "yes", "bridge": null, "layer": null, "source": null, "adm0_pcode": "NPL", "adm0_name": "Nepal", "adm1_pcode": "NP03", "adm1_name": "Bagmati", "adm2_pcode": "NP0327", "adm2_name": "Kathmandu", "adm3_pcode": "NP0327303", "adm3_name": "Budhanilkhantha", "adm4_pcode": null, "adm4_name": null, "name_latin": "Kathmandu Ringroad" }, "geometry": { "type": "MultiLineString", "coordinates": [ [ [ 85.3465615, 27.7172298 ], [ 85.3466242, 27.7174792 ], [ 85.3466383, 27.7175304 ], [ 85.3467324, 27.7177799 ], [ 85.3468053, 27.7179852 ], [ 85.3468432, 27.7181376 ], [ 85.3468596, 27.7183121 ], [ 85.3468696, 27.7185132 ] ] ] } },
{ "type": "Feature", "properties": { "id": "way/1091877769", "name": null, "name_en": null, "name_ne": null, "highway": "trunk_link", "surface": null, "smoothness": null, "width": null, "lanes": null, "oneway": "no", "bridge": null, "layer": null, "source": null, "adm0_pcode": "NPL", "adm0_name": "Nepal", "adm1_pcode": "NP03", "adm1_name": "Bagmati", "adm2_pcode": "NP0327", "adm2_name": "Kathmandu", "adm3_pcode": "NP0327101", "adm3_name": "Kathmandu", "adm4_pcode": null, "adm4_name": null, "name_latin": null }, "geometry": { "type": "MultiLineString", "coordinates": [ [ [ 85.2945359, 27.6853588 ], [ 85.2945223, 27.6852517 ], [ 85.2945173, 27.6851845 ] ] ] } },
{ "type": "Feature", "properties": { "id": "way/24667319", "name": "रबिभवन सडक", "name_en": "Rabhibhawan", "name_ne": "रबिभवन सडक", "highway": "trunk", "surface": "paved", "smoothness": null, "width": "12", "lanes": "4", "oneway": null, "bridge": null, "layer": null, "source": null, "adm0_pcode": "NPL", "adm0_name": "Nepal", "adm1_pcode": "NP03", "adm1_name": "Bagmati", "adm2_pcode": "NP0327", "adm2_name": "Kathmandu", "adm3_pcode": "NP0327101", "adm3_name": "Kathmandu", "adm4_pcode": null, "adm4_name": null, "name_latin": "Rabhibhawan" }, "geometry": { "type": "MultiLineString", "coordinates": [ [ [ 85.2909759, 27.6956105 ], [ 85.2908733, 27.6956154 ], [ 85.2907893, 27.6956147 ], [ 85.2906988, 27.6956057 ], [ 85.2906029, 27.6955933 ], [ 85.2902506, 27.6954962 ], [ 85.2901035, 27.6954316 ], [ 85.2899719, 27.695393 ], [ 85.289817, 27.6953748 ], [ 85.2893684, 27.6953552 ], [ 85.289145, 27.6953501 ], [ 85.2890414, 27.6953406 ] ] ] } },
{ "type": "Feature", "properties": { "id": "way/1071913167", "name": "Ring Road", "name_en": null, "name_ne": null, "highway": "trunk", "surface": null, "smoothness": null, "width": "14", "lanes": null, "oneway": "yes", "bridge": null, "layer": null, "source": null, "adm0_pcode": "NPL", "adm0_name": "Nepal", "adm1_pcode": "NP03", "adm1_name": "Bagmati", "adm2_pcode": "NP0327", "adm2_name": "Kathmandu", "adm3_pcode": "NP0327303", "adm3_name": "Budhanilkhantha", "adm4_pcode": null, "adm4_name": null, "name_latin": "Ring Road" }, "geometry": { "type": "MultiLineString", "coordinates": [ [ [ 85.3467182, 27.7175145 ], [ 85.3467128, 27.7174662 ], [ 85.3467027, 27.7173766 ] ] ] } },
{ "type": "Feature", "properties": { "id": "way/180373624", "name": "Kathmandu Ringroad", "name_en": null, "name_ne": "काठमाडाैँ चक्रपथ", "highway": "trunk", "surface": "paved", "smoothness": null, "width": "14", "lanes": "4", "oneway": "no", "bridge": "yes", "layer": "2", "source": null, "adm0_pcode": "NPL", "adm0_name": "Nepal", "adm1_pcode": "NP03", "adm1_name": "Bagmati", "adm2_pcode": "NP0327", "adm2_name": "Kathmandu", "adm3_pcode": "NP0327303", "adm3_name": "Budhanilkhantha", "adm4_pcode": null, "adm4_name": null, "name_latin": "Kathmandu Ringroad" }, "geometry": { "type": "MultiLineString", "coordinates": [ [ [ 85.3456208, 27.721818 ], [ 85.3454401, 27.7222872 ] ] ] } },
{ "type": "Feature", "properties": { "id": "way/1118295691", "name": "Kathmandu Ringroad", "name_en": null, "name_ne": "काठमाडाैँ चक्रपथ", "highway": "trunk", "surface": "asphalt", "smoothness": null, "width": "14", "lanes": "2", "oneway": "yes", "bridge": null, "layer": null, "source": null, "adm0_pcode": "NPL", "adm0_name": "Nepal", "adm1_pcode": "NP03", "adm1_name": "Bagmati", "adm2_pcode": "NP0327", "adm2_name": "Kathmandu", "adm3_pcode": "NP0327303", "adm3_name": "Budhanilkhantha", "adm4_pcode": null, "adm4_name": null, "name_latin": "Kathmandu Ringroad" }, "geometry": { "type": "MultiLineString", "coordinates": [ [ [ 85.3465029, 27.7170084 ], [ 85.3465061, 27.7170752 ], [ 85.3465615, 27.7172298 ] ] ] } },
{ "type": "Feature", "properties": { "id": "way/1071913170", "name": "Kathmandu Ringroad", "name_en": null, "name_ne": "काठमाडाैँ चक्रपथ", "highway": "trunk", "surface": "asphalt", "smoothness": null, "width": null, "lanes": null, "oneway": "yes", "bridge": null, "layer": null, "source": null, "adm0_pcode": "NPL", "adm0_name": "Nepal", "adm1_pcode": "NP03", "adm1_name": "Bagmati", "adm2_pcode": "NP0327", "adm2_name": "Kathmandu", "adm3_pcode": "NP0327303", "adm3_name": "Budhanilkhantha", "adm4_pcode": null, "adm4_name": null, "name_latin": "Kathmandu Ringroad" }, "geometry": { "type": "MultiLineString", "coordinates": [ [ [ 85.3466601, 27.7170242 ], [ 85.3466121, 27.7170253 ], [ 85.3465695, 27.717025 ], [ 85.3465029, 27.7170084 ] ] ] } },
{ "type": "Feature", "properties": { "id": "way/1071913169", "name": "Kathmandu Ringroad", "name_en": null, "name_ne": "काठमाडाैँ चक्रपथ", "highway": "trunk", "surface": null, "smoothness": null, "width": "12", "lanes": "2", "oneway": "yes", "bridge": null, "layer": null, "source": null, "adm0_pcode": "NPL", "adm0_name": "Nepal", "adm1_pcode": "NP03", "adm1_name": "Bagmati", "adm2_pcode": "NP0327", "adm2_name": "Kathmandu", "adm3_pcode": "NP0327303", "adm3_name": "Budhanilkhantha", "adm4_pcode": null, "adm4_name": null, "name_latin": "Kathmandu Ringroad" }, "geometry": { "type": "MultiLineString", "coordinates": [ [ [ 85.3466601, 27.7170242 ], [ 85.3466133, 27.7169346 ], [ 85.3465859, 27.7168768 ], [ 85.3464267, 27.7166853 ] ] ] } },
{ "type": "Feature", "properties": { "id": "way/231882050", "name": "मदन भण्डारी पथ", "name_en": "Madan Bhandari Path", "name_ne": "मदन भण्डारी पथ", "highway": "trunk", "surface": "asphalt", "smoothness": null, "width": "6", "lanes": "2", "oneway": "yes", "bridge": null, "layer": null, "source": null, "adm0_pcode": "NPL", "adm0_name": "Nepal", "adm1_pcode": "NP03", "adm1_name": "Bagmati", "adm2_pcode": "NP0327", "adm2_name": "Kathmandu", "adm3_pcode": "NP0327101", "adm3_name": "Kathmandu", "adm4_pcode": null, "adm4_name": null, "name_latin": "Madan Bhandari Path" }, "geometry": { "type": "MultiLineString", "coordinates": [ [ [ 85.3238932, 27.692519 ], [ 85.3244572, 27.6922321 ], [ 85.3255431, 27.6917307 ], [ 85.326071, 27.6914869 ], [ 85.327077, 27.691005 ], [ 85.3278743, 27.6906322 ], [ 85.327951, 27.6905913 ], [ 85.3281072, 27.6905215 ] ] ] } },
{ "type": "Feature", "properties": { "id": "way/232095616", "name": "मदन भण्डारी पथ", "name_en": "Madan Bhandari Path", "name_ne": "मदन भण्डारी पथ", "highway": "trunk", "surface": "asphalt", "smoothness": null, "width": "6", "lanes": "2", "oneway": "yes", "bridge": null, "layer": null, "source": null, "adm0_pcode": "NPL", "adm0_name": "Nepal", "adm1_pcode": "NP03", "adm1_name": "Bagmati", "adm2_pcode": "NP0327", "adm2_name": "Kathmandu", "adm3_pcode": "NP0327101", "adm3_name": "Kathmandu", "adm4_pcode": null, "adm4_name": null, "name_latin": "Madan Bhandari Path" }, "geometry": { "type": "MultiLineString", "coordinates": [ [ [ 85.3279291, 27.6905324 ], [ 85.3278407, 27.6905748 ], [ 85.3255084, 27.6916763 ], [ 85.3243243, 27.6922288 ] ] ] } },
{ "type": "Feature", "properties": { "id": "way/176147962", "name": "Kathmandu Ringroad", "name_en": null, "name_ne": "काठमाडाैँ चक्रपथ", "highway": "trunk", "surface": "paved", "smoothness": null, "width": "16", "lanes": "4", "oneway": "no", "bridge": null, "layer": null, "source": null, "adm0_pcode": "NPL", "adm0_name": "Nepal", "adm1_pcode": "NP03", "adm1_name": "Bagmati", "adm2_pcode": "NP0327", "adm2_name": "Kathmandu", "adm3_pcode": "NP0327101", "adm3_name": "Kathmandu", "adm4_pcode": null, "adm4_name": null, "name_latin": "Kathmandu Ringroad" }, "geometry": { "type": "MultiLineString", "coordinates": [ [ [ 85.3050855, 27.727599 ], [ 85.3051216, 27.7276715 ], [ 85.3051548, 27.7277459 ], [ 85.3051849, 27.7278206 ], [ 85.3052119, 27.7278942 ], [ 85.3052355, 27.7279651 ], [ 85.3052558, 27.7280317 ], [ 85.3052725, 27.7280926 ], [ 85.3052875, 27.7281884 ], [ 85.3052986, 27.7283149 ], [ 85.3053097, 27.7286878 ], [ 85.3053172, 27.7291328 ], [ 85.3053304, 27.7303255 ], [ 85.3053314, 27.7304151 ], [ 85.3053422, 27.7313943 ], [ 85.3053663, 27.7318909 ], [ 85.3053747, 27.7321299 ] ] ] } },
{ "type": "Feature", "properties": { "id": "way/1292071068", "name": "त्रिभुवन राजपथ", "name_en": "Tribhuvan Rajpath", "name_ne": "त्रिभुवन राजपथ", "highway": "trunk", "surface": "paved", "smoothness": null, "width": null, "lanes": "2", "oneway": null, "bridge": null, "layer": null, "source": null, "adm0_pcode": "NPL", "adm0_name": "Nepal", "adm1_pcode": "NP03", "adm1_name": "Bagmati", "adm2_pcode": "NP0327", "adm2_name": "Kathmandu", "adm3_pcode": "NP0327308", "adm3_name": "Chandragiri", "adm4_pcode": null, "adm4_name": null, "name_latin": "Tribhuvan Rajpath" }, "geometry": { "type": "MultiLineString", "coordinates": [ [ [ 85.2155799, 27.6962378 ], [ 85.2160088, 27.6960011 ], [ 85.2162085, 27.6958652 ], [ 85.2165126, 27.6956785 ], [ 85.2166557, 27.6955763 ], [ 85.2167752, 27.6954693 ], [ 85.2171663, 27.6950933 ], [ 85.2173541, 27.694839 ], [ 85.2176029, 27.6944646 ], [ 85.2176481, 27.694411 ], [ 85.217973, 27.6940291 ], [ 85.2180627, 27.6939453 ], [ 85.2181033, 27.693916 ], [ 85.2181792, 27.6938709 ], [ 85.2182728, 27.6938357 ], [ 85.2184015, 27.6937992 ] ] ] } },
{ "type": "Feature", "properties": { "id": "way/232095629", "name": "मदन भण्डारी पथ", "name_en": "Madan Bhandari Path", "name_ne": "मदन भण्डारी पथ", "highway": "trunk", "surface": "asphalt", "smoothness": null, "width": "9", "lanes": "2", "oneway": "yes", "bridge": null, "layer": null, "source": null, "adm0_pcode": "NPL", "adm0_name": "Nepal", "adm1_pcode": "NP03", "adm1_name": "Bagmati", "adm2_pcode": "NP0327", "adm2_name": "Kathmandu", "adm3_pcode": "NP0327101", "adm3_name": "Kathmandu", "adm4_pcode": null, "adm4_name": null, "name_latin": "Madan Bhandari Path" }, "geometry": { "type": "MultiLineString", "coordinates": [ [ [ 85.3456401, 27.6860032 ], [ 85.3448613, 27.6861556 ], [ 85.3446458, 27.6861978 ] ] ] } },
{ "type": "Feature", "properties": { "id": "way/231880681", "name": "मदन भण्डारी पथ", "name_en": "Madan Bhandari Path", "name_ne": "मदन भण्डारी पथ", "highway": "trunk", "surface": null, "smoothness": null, "width": "9", "lanes": "2", "oneway": "yes", "bridge": null, "layer": null, "source": null, "adm0_pcode": "NPL", "adm0_name": "Nepal", "adm1_pcode": "NP03", "adm1_name": "Bagmati", "adm2_pcode": "NP0327", "adm2_name": "Kathmandu", "adm3_pcode": "NP0327101", "adm3_name": "Kathmandu", "adm4_pcode": null, "adm4_name": null, "name_latin": "Madan Bhandari Path" }, "geometry": { "type": "MultiLineString", "coordinates": [ [ [ 85.3443547, 27.686315 ], [ 85.3445355, 27.6862874 ], [ 85.3446733, 27.6862612 ], [ 85.3448806, 27.686218 ], [ 85.3456573, 27.6860432 ], [ 85.3458885, 27.6859995 ], [ 85.3462309, 27.685935 ], [ 85.3463543, 27.6859233 ], [ 85.3464968, 27.6858978 ], [ 85.3466389, 27.6858777 ] ] ] } },
{ "type": "Feature", "properties": { "id": "way/232095630", "name": "मदन भण्डारी पथ", "name_en": "Madan Bhandari Path", "name_ne": "मदन भण्डारी पथ", "highway": "trunk", "surface": "asphalt", "smoothness": null, "width": "6", "lanes": "2", "oneway": "yes", "bridge": null, "layer": null, "source": null, "adm0_pcode": "NPL", "adm0_name": "Nepal", "adm1_pcode": "NP03", "adm1_name": "Bagmati", "adm2_pcode": "NP0327", "adm2_name": "Kathmandu", "adm3_pcode": "NP0327101", "adm3_name": "Kathmandu", "adm4_pcode": null, "adm4_name": null, "name_latin": "Madan Bhandari Path" }, "geometry": { "type": "MultiLineString", "coordinates": [ [ [ 85.3407311, 27.6870705 ], [ 85.3402935, 27.6871672 ], [ 85.3393361, 27.6873819 ], [ 85.3389464, 27.6874639 ], [ 85.338512, 27.687554 ] ] ] } },
{ "type": "Feature", "properties": { "id": "way/171603747", "name": "Kathmandu Ringroad", "name_en": null, "name_ne": "काठमाडाैँ चक्रपथ", "highway": "trunk", "surface": "paved", "smoothness": null, "width": "14", "lanes": "4", "oneway": "no", "bridge": null, "layer": null, "source": null, "adm0_pcode": "NPL", "adm0_name": "Nepal", "adm1_pcode": "NP03", "adm1_name": "Bagmati", "adm2_pcode": "NP0327", "adm2_name": "Kathmandu", "adm3_pcode": "NP0327303", "adm3_name": "Budhanilkhantha", "adm4_pcode": null, "adm4_name": null, "name_latin": "Kathmandu Ringroad" }, "geometry": { "type": "MultiLineString", "coordinates": [ [ [ 85.3464267, 27.7166853 ], [ 85.3464028, 27.7166267 ], [ 85.3463219, 27.7163914 ], [ 85.3461889, 27.7160314 ] ] ] } },
{ "type": "Feature", "properties": { "id": "way/1071901893", "name": "Kathmandu Ringroad", "name_en": null, "name_ne": "काठमाडाैँ चक्रपथ", "highway": "trunk", "surface": null, "smoothness": null, "width": "12", "lanes": "2", "oneway": "yes", "bridge": null, "layer": null, "source": null, "adm0_pcode": "NPL", "adm0_name": "Nepal", "adm1_pcode": "NP03", "adm1_name": "Bagmati", "adm2_pcode": "NP0327", "adm2_name": "Kathmandu", "adm3_pcode": "NP0327303", "adm3_name": "Budhanilkhantha", "adm4_pcode": null, "adm4_name": null, "name_latin": "Kathmandu Ringroad" }, "geometry": { "type": "MultiLineString", "coordinates": [ [ [ 85.3464267, 27.7166853 ], [ 85.3464965, 27.7169641 ], [ 85.3465029, 27.7170084 ] ] ] } },
{ "type": "Feature", "properties": { "id": "way/1071913168", "name": "Kathmandu Ringroad", "name_en": null, "name_ne": "काठमाडाैँ चक्रपथ", "highway": "trunk", "surface": null, "smoothness": null, "width": "14", "lanes": "2", "oneway": "yes", "bridge": null, "layer": null, "source": null, "adm0_pcode": "NPL", "adm0_name": "Nepal", "adm1_pcode": "NP03", "adm1_name": "Bagmati", "adm2_pcode": "NP0327", "adm2_name": "Kathmandu", "adm3_pcode": "NP0327303", "adm3_name": "Budhanilkhantha", "adm4_pcode": null, "adm4_name": null, "name_latin": "Kathmandu Ringroad" }, "geometry": { "type": "MultiLineString", "coordinates": [ [ [ 85.3467027, 27.7173766 ], [ 85.3467069, 27.7173306 ], [ 85.3467356, 27.7172307 ] ] ] } },
{ "type": "Feature", "properties": { "id": "way/1330813761", "name": "Tribhuvan Rajpath", "name_en": null, "name_ne": null, "highway": "trunk", "surface": "paved", "smoothness": null, "width": null, "lanes": "2", "oneway": "yes", "bridge": null, "layer": null, "source": null, "adm0_pcode": "NPL", "adm0_name": "Nepal", "adm1_pcode": "NP03", "adm1_name": "Bagmati", "adm2_pcode": "NP0327", "adm2_name": "Kathmandu", "adm3_pcode": "NP0327308", "adm3_name": "Chandragiri", "adm4_pcode": null, "adm4_name": null, "name_latin": "Tribhuvan Rajpath" }, "geometry": { "type": "MultiLineString", "coordinates": [ [ [ 85.2593954, 27.6862227 ], [ 85.2591228, 27.6861951 ], [ 85.2581508, 27.6862763 ], [ 85.2574655, 27.6863438 ], [ 85.2571225, 27.6863815 ], [ 85.2560721, 27.6864686 ], [ 85.2559737, 27.6864764 ], [ 85.2558148, 27.6864864 ], [ 85.2551259, 27.6865469 ], [ 85.2549928, 27.6865538 ], [ 85.2539746, 27.6866217 ], [ 85.253866, 27.6866514 ], [ 85.2538137, 27.6866882 ] ] ] } },
{ "type": "Feature", "properties": { "id": "way/232502594", "name": "Tribhuvan Rajpath", "name_en": null, "name_ne": null, "highway": "trunk", "surface": "paved", "smoothness": null, "width": null, "lanes": "2", "oneway": "yes", "bridge": null, "layer": null, "source": null, "adm0_pcode": "NPL", "adm0_name": "Nepal", "adm1_pcode": "NP03", "adm1_name": "Bagmati", "adm2_pcode": "NP0327", "adm2_name": "Kathmandu", "adm3_pcode": "NP0327308", "adm3_name": "Chandragiri", "adm4_pcode": null, "adm4_name": null, "name_latin": "Tribhuvan Rajpath" }, "geometry": { "type": "MultiLineString", "coordinates": [ [ [ 85.2538137, 27.6866882 ], [ 85.2539076, 27.6867036 ], [ 85.2549868, 27.6866274 ], [ 85.2551388, 27.6866074 ], [ 85.2558379, 27.6865449 ], [ 85.2559939, 27.6865345 ], [ 85.2561125, 27.6865243 ], [ 85.257103, 27.6864336 ], [ 85.2574763, 27.6864056 ], [ 85.2582897, 27.6863371 ], [ 85.2585829, 27.6863129 ], [ 85.2591396, 27.6862791 ], [ 85.2593954, 27.6862227 ] ] ] } },
{ "type": "Feature", "properties": { "id": "way/1071901895", "name": "Kathmandu Ringroad", "name_en": null, "name_ne": "काठमाडाैँ चक्रपथ", "highway": "trunk", "surface": "asphalt", "smoothness": null, "width": "14", "lanes": "2", "oneway": "yes", "bridge": null, "layer": null, "source": null, "adm0_pcode": "NPL", "adm0_name": "Nepal", "adm1_pcode": "NP03", "adm1_name": "Bagmati", "adm2_pcode": "NP0327", "adm2_name": "Kathmandu", "adm3_pcode": "NP0327303", "adm3_name": "Budhanilkhantha", "adm4_pcode": null, "adm4_name": null, "name_latin": "Kathmandu Ringroad" }, "geometry": { "type": "MultiLineString", "coordinates": [ [ [ 85.3467356, 27.7172307 ], [ 85.3467192, 27.7171242 ], [ 85.3466951, 27.7170668 ], [ 85.3466601, 27.7170242 ] ] ] } },
{ "type": "Feature", "properties": { "id": "way/1071890143", "name": "Kathmandu Ringroad", "name_en": null, "name_ne": "काठमाडाैँ चक्रपथ", "highway": "trunk", "surface": "asphalt", "smoothness": null, "width": null, "lanes": null, "oneway": "yes", "bridge": null, "layer": null, "source": null, "adm0_pcode": "NPL", "adm0_name": "Nepal", "adm1_pcode": "NP03", "adm1_name": "Bagmati", "adm2_pcode": "NP0327", "adm2_name": "Kathmandu", "adm3_pcode": "NP0327303", "adm3_name": "Budhanilkhantha", "adm4_pcode": null, "adm4_name": null, "name_latin": "Kathmandu Ringroad" }, "geometry": { "type": "MultiLineString", "coordinates": [ [ [ 85.3465615, 27.7172298 ], [ 85.3466038, 27.7172458 ], [ 85.3466768, 27.7172458 ], [ 85.3467356, 27.7172307 ] ] ] } },
{ "type": "Feature", "properties": { "id": "way/1330813760", "name": null, "name_en": null, "name_ne": null, "highway": "trunk_link", "surface": null, "smoothness": null, "width": null, "lanes": null, "oneway": null, "bridge": null, "layer": null, "source": null, "adm0_pcode": "NPL", "adm0_name": "Nepal", "adm1_pcode": "NP03", "adm1_name": "Bagmati", "adm2_pcode": "NP0327", "adm2_name": "Kathmandu", "adm3_pcode": "NP0327308", "adm3_name": "Chandragiri", "adm4_pcode": null, "adm4_name": null, "name_latin": null }, "geometry": { "type": "MultiLineString", "coordinates": [ [ [ 85.2574763, 27.6864056 ], [ 85.2574655, 27.6863438 ] ] ] } },
{ "type": "Feature", "properties": { "id": "way/1284332023", "name": "Tribhuvan Rajpath", "name_en": null, "name_ne": null, "highway": "trunk", "surface": "paved", "smoothness": null, "width": "22", "lanes": "2", "oneway": "yes", "bridge": null, "layer": null, "source": null, "adm0_pcode": "NPL", "adm0_name": "Nepal", "adm1_pcode": "NP03", "adm1_name": "Bagmati", "adm2_pcode": "NP0327", "adm2_name": "Kathmandu", "adm3_pcode": "NP0327308", "adm3_name": "Chandragiri", "adm4_pcode": null, "adm4_name": null, "name_latin": "Tribhuvan Rajpath" }, "geometry": { "type": "MultiLineString", "coordinates": [ [ [ 85.2777959, 27.6921537 ], [ 85.2779238, 27.6922031 ], [ 85.2780295, 27.6922466 ], [ 85.2781747, 27.6923104 ], [ 85.2784105, 27.6924003 ], [ 85.279002, 27.6926536 ], [ 85.2793544, 27.6927963 ], [ 85.279606, 27.6928866 ] ] ] } },
{ "type": "Feature", "properties": { "id": "way/231882044", "name": "Araniko Highway", "name_en": null, "name_ne": null, "highway": "trunk", "surface": "asphalt", "smoothness": null, "width": "10", "lanes": "2", "oneway": "yes", "bridge": null, "layer": null, "source": null, "adm0_pcode": "NPL", "adm0_name": "Nepal", "adm1_pcode": "NP03", "adm1_name": "Bagmati", "adm2_pcode": "NP0326", "adm2_name": "Bhaktapur", "adm3_pcode": "NP0326304", "adm3_name": "Suryabinayak", "adm4_pcode": null, "adm4_name": null, "name_latin": "Araniko Highway" }, "geometry": { "type": "MultiLineString", "coordinates": [ [ [ 85.4068282, 27.6723005 ], [ 85.4069734, 27.6722591 ], [ 85.4073232, 27.6721595 ], [ 85.4078085, 27.672013 ] ] ] } },
{ "type": "Feature", "properties": { "id": "way/1284332019", "name": "Tribhuvan Rajpath", "name_en": null, "name_ne": null, "highway": "trunk", "surface": "paved", "smoothness": null, "width": "22", "lanes": "2", "oneway": "yes", "bridge": null, "layer": null, "source": null, "adm0_pcode": "NPL", "adm0_name": "Nepal", "adm1_pcode": "NP03", "adm1_name": "Bagmati", "adm2_pcode": "NP0327", "adm2_name": "Kathmandu", "adm3_pcode": "NP0327308", "adm3_name": "Chandragiri", "adm4_pcode": null, "adm4_name": null, "name_latin": "Tribhuvan Rajpath" }, "geometry": { "type": "MultiLineString", "coordinates": [ [ [ 85.279696, 27.6928259 ], [ 85.2794023, 27.6927213 ], [ 85.2790443, 27.6925761 ], [ 85.2784433, 27.6923297 ], [ 85.2782857, 27.6922659 ], [ 85.2780853, 27.6921943 ], [ 85.2779664, 27.6921616 ], [ 85.2777959, 27.6921537 ] ] ] } },
{ "type": "Feature", "properties": { "id": "way/232096885", "name": "Araniko Highway", "name_en": null, "name_ne": null, "highway": "trunk", "surface": "asphalt", "smoothness": null, "width": "10", "lanes": "2", "oneway": "yes", "bridge": null, "layer": null, "source": null, "adm0_pcode": "NPL", "adm0_name": "Nepal", "adm1_pcode": "NP03", "adm1_name": "Bagmati", "adm2_pcode": "NP0326", "adm2_name": "Bhaktapur", "adm3_pcode": "NP0326304", "adm3_name": "Suryabinayak", "adm4_pcode": null, "adm4_name": null, "name_latin": "Araniko Highway" }, "geometry": { "type": "MultiLineString", "coordinates": [ [ [ 85.4067769, 27.6721888 ], [ 85.4060711, 27.6723788 ], [ 85.4052845, 27.6725978 ] ] ] } },
{ "type": "Feature", "properties": { "id": "way/220025930", "name": "Araniko Highway", "name_en": null, "name_ne": null, "highway": "trunk", "surface": "asphalt", "smoothness": null, "width": "10", "lanes": "2", "oneway": "yes", "bridge": null, "layer": null, "source": null, "adm0_pcode": "NPL", "adm0_name": "Nepal", "adm1_pcode": "NP03", "adm1_name": "Bagmati", "adm2_pcode": "NP0326", "adm2_name": "Bhaktapur", "adm3_pcode": "NP0326304", "adm3_name": "Suryabinayak", "adm4_pcode": null, "adm4_name": null, "name_latin": "Araniko Highway" }, "geometry": { "type": "MultiLineString", "coordinates": [ [ [ 85.4083933, 27.6716758 ], [ 85.4083245, 27.6717121 ], [ 85.4081459, 27.6717886 ], [ 85.4079218, 27.6718742 ], [ 85.4077261, 27.6719311 ], [ 85.4072764, 27.6720454 ], [ 85.4067769, 27.6721888 ] ] ] } },
{ "type": "Feature", "properties": { "id": "way/229038204", "name": "मदन भण्डारी पथ", "name_en": "Madan Bhandari Path", "name_ne": "मदन भण्डारी पथ", "highway": "trunk", "surface": "asphalt", "smoothness": null, "width": "9", "lanes": "2", "oneway": "yes", "bridge": null, "layer": null, "source": null, "adm0_pcode": "NPL", "adm0_name": "Nepal", "adm1_pcode": "NP03", "adm1_name": "Bagmati", "adm2_pcode": "NP0327", "adm2_name": "Kathmandu", "adm3_pcode": "NP0327101", "adm3_name": "Kathmandu", "adm4_pcode": null, "adm4_name": null, "name_latin": "Madan Bhandari Path" }, "geometry": { "type": "MultiLineString", "coordinates": [ [ [ 85.3446458, 27.6861978 ], [ 85.3443379, 27.686258 ] ] ] } },
{ "type": "Feature", "properties": { "id": "way/231882048", "name": "Araniko Highway", "name_en": null, "name_ne": null, "highway": "trunk", "surface": "asphalt", "smoothness": null, "width": "10", "lanes": "2", "oneway": "yes", "bridge": null, "layer": null, "source": null, "adm0_pcode": "NPL", "adm0_name": "Nepal", "adm1_pcode": "NP03", "adm1_name": "Bagmati", "adm2_pcode": "NP0326", "adm2_name": "Bhaktapur", "adm3_pcode": "NP0326301", "adm3_name": "Madhyapur Thimi", "adm4_pcode": null, "adm4_name": null, "name_latin": "Araniko Highway" }, "geometry": { "type": "MultiLineString", "coordinates": [ [ [ 85.3832531, 27.6733788 ], [ 85.3841185, 27.6733403 ], [ 85.3846418, 27.6733212 ], [ 85.3851607, 27.6733317 ], [ 85.3854042, 27.6733529 ] ] ] } },
{ "type": "Feature", "properties": { "id": "way/1330813759", "name": "Tribhuvan Rajpath", "name_en": "Tribhuvan Rajpath", "name_ne": null, "highway": "trunk", "surface": "paved", "smoothness": null, "width": null, "lanes": "2", "oneway": "no", "bridge": null, "layer": null, "source": null, "adm0_pcode": "NPL", "adm0_name": "Nepal", "adm1_pcode": "NP03", "adm1_name": "Bagmati", "adm2_pcode": "NP0327", "adm2_name": "Kathmandu", "adm3_pcode": "NP0327308", "adm3_name": "Chandragiri", "adm4_pcode": null, "adm4_name": null, "name_latin": "Tribhuvan Rajpath" }, "geometry": { "type": "MultiLineString", "coordinates": [ [ [ 85.2491681, 27.6870789 ], [ 85.24953, 27.6870413 ], [ 85.2503236, 27.6869575 ], [ 85.2506363, 27.6869157 ] ] ] } },
{ "type": "Feature", "properties": { "id": "way/232096886", "name": "Araniko Highway", "name_en": null, "name_ne": null, "highway": "trunk", "surface": "asphalt", "smoothness": null, "width": "10", "lanes": "4", "oneway": "yes", "bridge": null, "layer": null, "source": null, "adm0_pcode": "NPL", "adm0_name": "Nepal", "adm1_pcode": "NP03", "adm1_name": "Bagmati", "adm2_pcode": "NP0326", "adm2_name": "Bhaktapur", "adm3_pcode": "NP0326301", "adm3_name": "Madhyapur Thimi", "adm4_pcode": null, "adm4_name": null, "name_latin": "Araniko Highway" }, "geometry": { "type": "MultiLineString", "coordinates": [ [ [ 85.3862949, 27.673338 ], [ 85.3854255, 27.6732317 ] ] ] } },
{ "type": "Feature", "properties": { "id": "way/1330813762", "name": "Tribhuvan Rajpath", "name_en": null, "name_ne": null, "highway": "trunk", "surface": "paved", "smoothness": null, "width": null, "lanes": "2", "oneway": "no", "bridge": null, "layer": null, "source": null, "adm0_pcode": "NPL", "adm0_name": "Nepal", "adm1_pcode": "NP03", "adm1_name": "Bagmati", "adm2_pcode": "NP0327", "adm2_name": "Kathmandu", "adm3_pcode": "NP0327308", "adm3_name": "Chandragiri", "adm4_pcode": null, "adm4_name": null, "name_latin": "Tribhuvan Rajpath" }, "geometry": { "type": "MultiLineString", "coordinates": [ [ [ 85.2506363, 27.6869157 ], [ 85.251267, 27.6868606 ], [ 85.2521433, 27.6867966 ], [ 85.2522404, 27.686797 ], [ 85.2526357, 27.6867812 ], [ 85.2537316, 27.6866938 ], [ 85.2538137, 27.6866882 ] ] ] } },
{ "type": "Feature", "properties": { "id": "way/357506891", "name": "Arniko Raj Marga", "name_en": null, "name_ne": null, "highway": "trunk", "surface": "asphalt", "smoothness": null, "width": "8", "lanes": null, "oneway": "no", "bridge": null, "layer": null, "source": null, "adm0_pcode": "NPL", "adm0_name": "Nepal", "adm1_pcode": "NP03", "adm1_name": "Bagmati", "adm2_pcode": "NP0326", "adm2_name": "Bhaktapur", "adm3_pcode": "NP0326304", "adm3_name": "Suryabinayak", "adm4_pcode": null, "adm4_name": null, "name_latin": "Arniko Raj Marga" }, "geometry": { "type": "MultiLineString", "coordinates": [ [ [ 85.4774027, 27.6418954 ], [ 85.4773043, 27.6419495 ] ] ] } },
{ "type": "Feature", "properties": { "id": "way/231103976", "name": "मदन भण्डारी पथ", "name_en": "Madan Bhandari Path", "name_ne": "मदन भण्डारी पथ", "highway": "trunk", "surface": "asphalt", "smoothness": null, "width": "6", "lanes": "2", "oneway": "yes", "bridge": null, "layer": null, "source": null, "adm0_pcode": "NPL", "adm0_name": "Nepal", "adm1_pcode": "NP03", "adm1_name": "Bagmati", "adm2_pcode": "NP0327", "adm2_name": "Kathmandu", "adm3_pcode": "NP0327101", "adm3_name": "Kathmandu", "adm4_pcode": null, "adm4_name": null, "name_latin": "Madan Bhandari Path" }, "geometry": { "type": "MultiLineString", "coordinates": [ [ [ 85.338406, 27.6876417 ], [ 85.3389625, 27.6875207 ], [ 85.3393496, 27.6874364 ], [ 85.3405826, 27.6871687 ], [ 85.3415411, 27.6869604 ] ] ] } },
{ "type": "Feature", "properties": { "id": "way/232567681", "name": "Araniko Highway", "name_en": null, "name_ne": null, "highway": "trunk", "surface": "asphalt", "smoothness": null, "width": "8", "lanes": null, "oneway": "no", "bridge": null, "layer": null, "source": null, "adm0_pcode": "NPL", "adm0_name": "Nepal", "adm1_pcode": "NP03", "adm1_name": "Bagmati", "adm2_pcode": "NP0326", "adm2_name": "Bhaktapur", "adm3_pcode": "NP0326304", "adm3_name": "Suryabinayak", "adm4_pcode": null, "adm4_name": null, "name_latin": "Araniko Highway" }, "geometry": { "type": "MultiLineString", "coordinates": [ [ [ 85.477514693037904, 27.641851973189731 ], [ 85.4775072, 27.6418547 ], [ 85.4774027, 27.6418954 ] ] ] } },
{ "type": "Feature", "properties": { "id": "way/231786209", "name": "Kathmandu Ringroad", "name_en": null, "name_ne": "काठमाडाैँ चक्रपथ", "highway": "trunk", "surface": "asphalt", "smoothness": null, "width": "14", "lanes": "4", "oneway": "no", "bridge": null, "layer": null, "source": null, "adm0_pcode": "NPL", "adm0_name": "Nepal", "adm1_pcode": "NP03", "adm1_name": "Bagmati", "adm2_pcode": "NP0327", "adm2_name": "Kathmandu", "adm3_pcode": "NP0327101", "adm3_name": "Kathmandu", "adm4_pcode": null, "adm4_name": null, "name_latin": "Kathmandu Ringroad" }, "geometry": { "type": "MultiLineString", "coordinates": [ [ [ 85.3293125, 27.7406148 ], [ 85.329379, 27.7406521 ], [ 85.3297046, 27.7408507 ], [ 85.3302069, 27.7411571 ], [ 85.3307914, 27.7415219 ], [ 85.3309173, 27.7416005 ], [ 85.3312359, 27.7417964 ], [ 85.331521, 27.7419499 ], [ 85.3315424, 27.741959 ], [ 85.3316898, 27.7420064 ], [ 85.3318866, 27.7420691 ], [ 85.3320162, 27.7421014 ], [ 85.3321595, 27.7421226 ], [ 85.3322731, 27.7421378 ], [ 85.332366, 27.7421479 ], [ 85.3324544, 27.7421539 ], [ 85.3325556, 27.7421569 ], [ 85.3327485, 27.7421484 ], [ 85.3328682, 27.7421262 ], [ 85.3329938, 27.7420975 ], [ 85.333123, 27.7420563 ], [ 85.3331724, 27.7420386 ], [ 85.3333938, 27.7419528 ], [ 85.3336057, 27.7418548 ], [ 85.3342049, 27.7415206 ], [ 85.3355838, 27.7408075 ] ] ] } },
{ "type": "Feature", "properties": { "id": "way/232502593", "name": "Tribhuvan Rajpath", "name_en": null, "name_ne": null, "highway": "trunk", "surface": "paved", "smoothness": null, "width": null, "lanes": "2", "oneway": "yes", "bridge": null, "layer": null, "source": null, "adm0_pcode": "NPL", "adm0_name": "Nepal", "adm1_pcode": "NP03", "adm1_name": "Bagmati", "adm2_pcode": "NP0327", "adm2_name": "Kathmandu", "adm3_pcode": "NP0327308", "adm3_name": "Chandragiri", "adm4_pcode": null, "adm4_name": null, "name_latin": "Tribhuvan Rajpath" }, "geometry": { "type": "MultiLineString", "coordinates": [ [ [ 85.2301083, 27.6888566 ], [ 85.2302518, 27.6888733 ], [ 85.2308364, 27.688803 ], [ 85.2314169, 27.6887569 ], [ 85.2320556, 27.6887082 ], [ 85.2321619, 27.6887044 ], [ 85.2326514, 27.6886753 ], [ 85.2329907, 27.6886443 ], [ 85.2336052, 27.6885883 ], [ 85.234609, 27.688498 ], [ 85.2349118, 27.688464 ], [ 85.2350742, 27.6884474 ], [ 85.2352826, 27.6884297 ], [ 85.2354429, 27.6884166 ], [ 85.2361911, 27.688352 ], [ 85.2367712, 27.6882885 ], [ 85.2369177, 27.6882678 ], [ 85.2371193, 27.6882579 ], [ 85.2374035, 27.6882221 ], [ 85.2381247, 27.6881603 ], [ 85.2389918, 27.6880704 ], [ 85.2400608, 27.6879681 ], [ 85.241776, 27.6878139 ], [ 85.2418962, 27.6877613 ] ] ] } },
{ "type": "Feature", "properties": { "id": "way/1484959280", "name": null, "name_en": null, "name_ne": null, "highway": "trunk", "surface": null, "smoothness": null, "width": null, "lanes": null, "oneway": null, "bridge": null, "layer": "1", "source": null, "adm0_pcode": "NPL", "adm0_name": "Nepal", "adm1_pcode": "NP03", "adm1_name": "Bagmati", "adm2_pcode": "NP0327", "adm2_name": "Kathmandu", "adm3_pcode": "NP0327308", "adm3_name": "Chandragiri", "adm4_pcode": null, "adm4_name": null, "name_latin": null }, "geometry": { "type": "MultiLineString", "coordinates": [ [ [ 85.2363852, 27.6882835 ], [ 85.2362358, 27.6884031 ] ] ] } },
{ "type": "Feature", "properties": { "id": "way/225456435", "name": null, "name_en": null, "name_ne": null, "highway": "trunk", "surface": "asphalt", "smoothness": "good", "width": null, "lanes": "2", "oneway": "yes", "bridge": null, "layer": null, "source": null, "adm0_pcode": "NPL", "adm0_name": "Nepal", "adm1_pcode": "NP03", "adm1_name": "Bagmati", "adm2_pcode": "NP0327", "adm2_name": "Kathmandu", "adm3_pcode": "NP0327101", "adm3_name": "Kathmandu", "adm4_pcode": null, "adm4_name": null, "name_latin": null }, "geometry": { "type": "MultiLineString", "coordinates": [ [ [ 85.3432697, 27.6865008 ], [ 85.3431628, 27.6865289 ] ] ] } },
{ "type": "Feature", "properties": { "id": "way/1330813754", "name": "Tribhuvan Rajpath", "name_en": null, "name_ne": null, "highway": "trunk", "surface": "paved", "smoothness": null, "width": null, "lanes": "2", "oneway": "yes", "bridge": null, "layer": null, "source": null, "adm0_pcode": "NPL", "adm0_name": "Nepal", "adm1_pcode": "NP03", "adm1_name": "Bagmati", "adm2_pcode": "NP0327", "adm2_name": "Kathmandu", "adm3_pcode": "NP0327308", "adm3_name": "Chandragiri", "adm4_pcode": null, "adm4_name": null, "name_latin": "Tribhuvan Rajpath" }, "geometry": { "type": "MultiLineString", "coordinates": [ [ [ 85.2418962, 27.6877613 ], [ 85.2417722, 27.6877404 ], [ 85.2415627, 27.6877594 ], [ 85.2407641, 27.6878094 ], [ 85.2394406, 27.687898 ], [ 85.2388814, 27.6879572 ], [ 85.2381363, 27.6880137 ], [ 85.2374024, 27.6880867 ], [ 85.2373066, 27.6880962 ], [ 85.2371656, 27.6881072 ], [ 85.2370549, 27.6881155 ], [ 85.2368191, 27.6881404 ], [ 85.2361725, 27.6882379 ], [ 85.2360016, 27.6882693 ], [ 85.2356521, 27.6883178 ], [ 85.2352709, 27.688344 ], [ 85.2350712, 27.6883604 ], [ 85.2348893, 27.6883834 ], [ 85.2345997, 27.6884134 ], [ 85.2336159, 27.6885108 ], [ 85.2331507, 27.6885466 ], [ 85.2329808, 27.6885591 ], [ 85.232684, 27.6885888 ], [ 85.2321562, 27.6886264 ], [ 85.2320563, 27.6886374 ], [ 85.2320114, 27.688638 ], [ 85.2314065, 27.6886948 ], [ 85.23082, 27.688744 ], [ 85.2302317, 27.6887878 ], [ 85.2301083, 27.6888566 ] ] ] } },
{ "type": "Feature", "properties": { "id": "way/182984833", "name": null, "name_en": null, "name_ne": null, "highway": "trunk", "surface": "asphalt", "smoothness": null, "width": null, "lanes": "2", "oneway": "yes", "bridge": null, "layer": null, "source": null, "adm0_pcode": "NPL", "adm0_name": "Nepal", "adm1_pcode": "NP03", "adm1_name": "Bagmati", "adm2_pcode": "NP0327", "adm2_name": "Kathmandu", "adm3_pcode": "NP0327101", "adm3_name": "Kathmandu", "adm4_pcode": null, "adm4_name": null, "name_latin": null }, "geometry": { "type": "MultiLineString", "coordinates": [ [ [ 85.3431896, 27.6865834 ], [ 85.3432868, 27.686559 ] ] ] } },
{ "type": "Feature", "properties": { "id": "way/231880682", "name": null, "name_en": null, "name_ne": null, "highway": "trunk", "surface": "asphalt", "smoothness": null, "width": "6", "lanes": "2", "oneway": "yes", "bridge": null, "layer": null, "source": null, "adm0_pcode": "NPL", "adm0_name": "Nepal", "adm1_pcode": "NP03", "adm1_name": "Bagmati", "adm2_pcode": "NP0327", "adm2_name": "Kathmandu", "adm3_pcode": "NP0327101", "adm3_name": "Kathmandu", "adm4_pcode": null, "adm4_name": null, "name_latin": null }, "geometry": { "type": "MultiLineString", "coordinates": [ [ [ 85.3415411, 27.6869604 ], [ 85.341615, 27.6869434 ], [ 85.3430483, 27.6866157 ], [ 85.3431896, 27.6865834 ] ] ] } },
{ "type": "Feature", "properties": { "id": "way/4847059", "name": null, "name_en": null, "name_ne": null, "highway": "trunk_link", "surface": null, "smoothness": null, "width": "6", "lanes": null, "oneway": "yes", "bridge": null, "layer": null, "source": null, "adm0_pcode": "NPL", "adm0_name": "Nepal", "adm1_pcode": "NP03", "adm1_name": "Bagmati", "adm2_pcode": "NP0326", "adm2_name": "Bhaktapur", "adm3_pcode": "NP0326303", "adm3_name": "Bhaktapur", "adm4_pcode": null, "adm4_name": null, "name_latin": null }, "geometry": { "type": "MultiLineString", "coordinates": [ [ [ 85.4078085, 27.672013 ], [ 85.4079918, 27.6719755 ], [ 85.4080879, 27.671964 ], [ 85.4081906, 27.6719764 ], [ 85.408285, 27.6719961 ], [ 85.4083899, 27.6720313 ], [ 85.4084919, 27.6720745 ], [ 85.4085952, 27.6721501 ], [ 85.4086869, 27.6722437 ], [ 85.4088623, 27.6725275 ] ] ] } },
{ "type": "Feature", "properties": { "id": "way/182984272", "name": null, "name_en": null, "name_ne": null, "highway": "trunk", "surface": "asphalt", "smoothness": null, "width": "6", "lanes": "2", "oneway": "yes", "bridge": null, "layer": null, "source": null, "adm0_pcode": "NPL", "adm0_name": "Nepal", "adm1_pcode": "NP03", "adm1_name": "Bagmati", "adm2_pcode": "NP0327", "adm2_name": "Kathmandu", "adm3_pcode": "NP0327101", "adm3_name": "Kathmandu", "adm4_pcode": null, "adm4_name": null, "name_latin": null }, "geometry": { "type": "MultiLineString", "coordinates": [ [ [ 85.3431628, 27.6865289 ], [ 85.3430293, 27.6865588 ], [ 85.3423098, 27.6867202 ], [ 85.341598, 27.6868875 ], [ 85.3415719, 27.6868936 ], [ 85.3407311, 27.6870705 ] ] ] } },
{ "type": "Feature", "properties": { "id": "way/231414552", "name": "Kathmandu Ringroad", "name_en": null, "name_ne": "काठमाडाैँ चक्रपथ", "highway": "trunk", "surface": "paved", "smoothness": null, "width": "14", "lanes": "4", "oneway": "no", "bridge": null, "layer": null, "source": null, "adm0_pcode": "NPL", "adm0_name": "Nepal", "adm1_pcode": "NP03", "adm1_name": "Bagmati", "adm2_pcode": "NP0327", "adm2_name": "Kathmandu", "adm3_pcode": "NP0327101", "adm3_name": "Kathmandu", "adm4_pcode": null, "adm4_name": null, "name_latin": "Kathmandu Ringroad" }, "geometry": { "type": "MultiLineString", "coordinates": [ [ [ 85.3449555, 27.7119696 ], [ 85.3448608, 27.7117518 ], [ 85.3447386, 27.7114825 ], [ 85.3442991, 27.7106339 ], [ 85.3442451, 27.7105365 ], [ 85.3441997, 27.7104258 ], [ 85.3441715, 27.7103426 ], [ 85.3441101, 27.7101193 ] ] ] } },
{ "type": "Feature", "properties": { "id": "way/1330813757", "name": "Tribhuvan Rajpath", "name_en": "Tribhuvan Rajpath", "name_ne": null, "highway": "trunk", "surface": "paved", "smoothness": null, "width": null, "lanes": "2", "oneway": "yes", "bridge": null, "layer": null, "source": null, "adm0_pcode": "NPL", "adm0_name": "Nepal", "adm1_pcode": "NP03", "adm1_name": "Bagmati", "adm2_pcode": "NP0327", "adm2_name": "Kathmandu", "adm3_pcode": "NP0327308", "adm3_name": "Chandragiri", "adm4_pcode": null, "adm4_name": null, "name_latin": "Tribhuvan Rajpath" }, "geometry": { "type": "MultiLineString", "coordinates": [ [ [ 85.2491681, 27.6870789 ], [ 85.2489338, 27.6870722 ], [ 85.2484443, 27.6871244 ], [ 85.2480983, 27.6871762 ], [ 85.247601, 27.6872169 ], [ 85.2469214, 27.6872686 ], [ 85.246584, 27.6872976 ], [ 85.2450275, 27.6874322 ], [ 85.2449302, 27.6874684 ] ] ] } },
{ "type": "Feature", "properties": { "id": "way/1091877743", "name": "Kathmandu Ringroad", "name_en": null, "name_ne": "काठमाडाैँ चक्रपथ", "highway": "trunk", "surface": null, "smoothness": null, "width": "7", "lanes": "2", "oneway": "yes", "bridge": null, "layer": null, "source": null, "adm0_pcode": "NPL", "adm0_name": "Nepal", "adm1_pcode": "NP03", "adm1_name": "Bagmati", "adm2_pcode": "NP0325", "adm2_name": "Lalitpur", "adm3_pcode": "NP0325101", "adm3_name": "Lalitpur", "adm4_pcode": null, "adm4_name": null, "name_latin": "Kathmandu Ringroad" }, "geometry": { "type": "MultiLineString", "coordinates": [ [ [ 85.3001447, 27.6845933 ], [ 85.3010633, 27.6844847 ], [ 85.3011896, 27.6844689 ], [ 85.3013385, 27.6844463 ], [ 85.3014502, 27.6844248 ], [ 85.3015784, 27.6843846 ], [ 85.3016899, 27.6843401 ], [ 85.3017417, 27.6843139 ], [ 85.3018515, 27.6842584 ], [ 85.301961, 27.6841884 ], [ 85.3020392, 27.6841205 ], [ 85.3021221, 27.6840486 ], [ 85.3022266, 27.6839247 ], [ 85.3022968, 27.6837979 ], [ 85.3023554, 27.6836618 ], [ 85.302397, 27.6835209 ], [ 85.3024141, 27.6833589 ], [ 85.3024143, 27.6832076 ], [ 85.3023881, 27.6828908 ], [ 85.3023738, 27.6825294 ], [ 85.3023543, 27.6820376 ], [ 85.3023477, 27.6818913 ], [ 85.3023291, 27.6815725 ], [ 85.30231, 27.6811821 ], [ 85.302299, 27.6808718 ], [ 85.3022612, 27.6804586 ], [ 85.3022556, 27.6798623 ], [ 85.3022282, 27.6791638 ], [ 85.3022009, 27.6786174 ] ] ] } },
{ "type": "Feature", "properties": { "id": "way/1330813758", "name": "Tribhuvan Rajpath", "name_en": "Tribhuvan Rajpath", "name_ne": null, "highway": "trunk", "surface": "paved", "smoothness": null, "width": null, "lanes": "2", "oneway": "yes", "bridge": null, "layer": null, "source": null, "adm0_pcode": "NPL", "adm0_name": "Nepal", "adm1_pcode": "NP03", "adm1_name": "Bagmati", "adm2_pcode": "NP0327", "adm2_name": "Kathmandu", "adm3_pcode": "NP0327308", "adm3_name": "Chandragiri", "adm4_pcode": null, "adm4_name": null, "name_latin": "Tribhuvan Rajpath" }, "geometry": { "type": "MultiLineString", "coordinates": [ [ [ 85.2449302, 27.6874684 ], [ 85.2450657, 27.6874827 ], [ 85.2465807, 27.6873574 ], [ 85.2469367, 27.6873287 ], [ 85.2476155, 27.6872767 ], [ 85.2480989, 27.6872335 ], [ 85.2484548, 27.6871816 ], [ 85.248926, 27.6871367 ], [ 85.2491681, 27.6870789 ] ] ] } },
{ "type": "Feature", "properties": { "id": "way/194607861", "name": "Araniko Highway", "name_en": null, "name_ne": null, "highway": "trunk", "surface": "asphalt", "smoothness": null, "width": "10", "lanes": "2", "oneway": "yes", "bridge": null, "layer": null, "source": null, "adm0_pcode": "NPL", "adm0_name": "Nepal", "adm1_pcode": "NP03", "adm1_name": "Bagmati", "adm2_pcode": "NP0326", "adm2_name": "Bhaktapur", "adm3_pcode": "NP0326304", "adm3_name": "Suryabinayak", "adm4_pcode": null, "adm4_name": null, "name_latin": "Araniko Highway" }, "geometry": { "type": "MultiLineString", "coordinates": [ [ [ 85.4052845, 27.6725978 ], [ 85.4044901, 27.6727973 ], [ 85.4039516, 27.6729379 ] ] ] } },
{ "type": "Feature", "properties": { "id": "way/231786208", "name": "Kathmandu Ringroad", "name_en": null, "name_ne": "काठमाडाैँ चक्रपथ", "highway": "trunk", "surface": "asphalt", "smoothness": null, "width": "7", "lanes": "2", "oneway": "yes", "bridge": null, "layer": null, "source": null, "adm0_pcode": "NPL", "adm0_name": "Nepal", "adm1_pcode": "NP03", "adm1_name": "Bagmati", "adm2_pcode": "NP0325", "adm2_name": "Lalitpur", "adm3_pcode": "NP0325101", "adm3_name": "Lalitpur", "adm4_pcode": null, "adm4_name": null, "name_latin": "Kathmandu Ringroad" }, "geometry": { "type": "MultiLineString", "coordinates": [ [ [ 85.3021324, 27.6744791 ], [ 85.3020864, 27.674651 ], [ 85.3020443, 27.6748565 ], [ 85.3020177, 27.6750268 ], [ 85.3020008, 27.6752122 ], [ 85.3019915, 27.6753738 ], [ 85.3019885, 27.6755335 ], [ 85.3019915, 27.6757119 ], [ 85.3020222, 27.6762664 ], [ 85.3020501, 27.6768248 ], [ 85.3020755, 27.6775805 ], [ 85.3020845, 27.6778142 ], [ 85.3020878, 27.6778994 ], [ 85.3021117, 27.6782615 ], [ 85.3021147, 27.6784327 ], [ 85.3021297, 27.6787263 ], [ 85.3021541, 27.6793068 ], [ 85.3021728, 27.6799967 ], [ 85.3021871, 27.680462 ], [ 85.3022209, 27.6808037 ], [ 85.3022397, 27.6811437 ], [ 85.3022595, 27.6816638 ], [ 85.3022674, 27.6818438 ], [ 85.3022941, 27.6823966 ], [ 85.3023013, 27.6825287 ], [ 85.3023149, 27.6827759 ], [ 85.3023369, 27.6831022 ], [ 85.3023309, 27.6833264 ], [ 85.3023218, 27.6834411 ], [ 85.3023014, 27.6835412 ], [ 85.3022778, 27.6836181 ], [ 85.3022577, 27.683686 ], [ 85.3022238, 27.6837638 ], [ 85.3021931, 27.6838206 ], [ 85.3021538, 27.6838761 ], [ 85.3021128, 27.683933 ], [ 85.3020668, 27.6839879 ], [ 85.3020164, 27.6840381 ], [ 85.3019446, 27.6840986 ], [ 85.3018728, 27.684152 ], [ 85.3017915, 27.6842003 ], [ 85.3016962, 27.6842489 ], [ 85.3016383, 27.6842784 ], [ 85.3015036, 27.684326 ], [ 85.3013618, 27.6843674 ], [ 85.3012544, 27.6843875 ], [ 85.3011204, 27.6844088 ], [ 85.3010264, 27.6844191 ], [ 85.3001345, 27.684527 ] ] ] } },
{ "type": "Feature", "properties": { "id": "way/1426160994", "name": "Kathmandu Ringroad", "name_en": null, "name_ne": "काठमाडाैँ चक्रपथ", "highway": "trunk", "surface": "paved", "smoothness": null, "width": "6", "lanes": "2", "oneway": "yes", "bridge": "yes", "layer": "1", "source": null, "adm0_pcode": "NPL", "adm0_name": "Nepal", "adm1_pcode": "NP03", "adm1_name": "Bagmati", "adm2_pcode": "NP0325", "adm2_name": "Lalitpur", "adm3_pcode": "NP0325101", "adm3_name": "Lalitpur", "adm4_pcode": null, "adm4_name": null, "name_latin": "Kathmandu Ringroad" }, "geometry": { "type": "MultiLineString", "coordinates": [ [ [ 85.3301377, 27.664123 ], [ 85.3296338, 27.6635076 ] ] ] } },
{ "type": "Feature", "properties": { "id": "way/231882047", "name": "Araniko Highway", "name_en": null, "name_ne": null, "highway": "trunk", "surface": "asphalt", "smoothness": null, "width": "10", "lanes": "2", "oneway": "yes", "bridge": null, "layer": null, "source": null, "adm0_pcode": "NPL", "adm0_name": "Nepal", "adm1_pcode": "NP03", "adm1_name": "Bagmati", "adm2_pcode": "NP0326", "adm2_name": "Bhaktapur", "adm3_pcode": "NP0326304", "adm3_name": "Suryabinayak", "adm4_pcode": null, "adm4_name": null, "name_latin": "Araniko Highway" }, "geometry": { "type": "MultiLineString", "coordinates": [ [ [ 85.4049145, 27.6728048 ], [ 85.4051502, 27.6727402 ], [ 85.4052901, 27.6727019 ], [ 85.4056359, 27.6726112 ], [ 85.4063563, 27.6724198 ], [ 85.4068282, 27.6723005 ] ] ] } },
{ "type": "Feature", "properties": { "id": "way/1484959278", "name": null, "name_en": null, "name_ne": null, "highway": "trunk", "surface": null, "smoothness": null, "width": null, "lanes": null, "oneway": "yes", "bridge": null, "layer": null, "source": null, "adm0_pcode": "NPL", "adm0_name": "Nepal", "adm1_pcode": "NP03", "adm1_name": "Bagmati", "adm2_pcode": "NP0327", "adm2_name": "Kathmandu", "adm3_pcode": "NP0327308", "adm3_name": "Chandragiri", "adm4_pcode": null, "adm4_name": null, "name_latin": null }, "geometry": { "type": "MultiLineString", "coordinates": [ [ [ 85.2362358, 27.6884031 ], [ 85.2361748, 27.6884861 ], [ 85.2361346, 27.6885571 ], [ 85.2361119, 27.6886249 ], [ 85.2360942, 27.688735 ], [ 85.2361094, 27.6889144 ], [ 85.2361573, 27.689225 ], [ 85.2362031, 27.6894449 ], [ 85.2362685, 27.6896513 ], [ 85.2363839, 27.6899291 ], [ 85.2365277, 27.6901799 ], [ 85.2366606, 27.6903323 ], [ 85.2369403, 27.6906342 ] ] ] } },
{ "type": "Feature", "properties": { "id": "way/225456438", "name": "मदन भण्डारी पथ", "name_en": "Madan Bhandari Path", "name_ne": "मदन भण्डारी पथ", "highway": "trunk", "surface": "asphalt", "smoothness": null, "width": "6", "lanes": "2", "oneway": "yes", "bridge": "yes", "layer": "2", "source": null, "adm0_pcode": "NPL", "adm0_name": "Nepal", "adm1_pcode": "NP03", "adm1_name": "Bagmati", "adm2_pcode": "NP0327", "adm2_name": "Kathmandu", "adm3_pcode": "NP0327101", "adm3_name": "Kathmandu", "adm4_pcode": null, "adm4_name": null, "name_latin": "Madan Bhandari Path" }, "geometry": { "type": "MultiLineString", "coordinates": [ [ [ 85.3432868, 27.686559 ], [ 85.3443547, 27.686315 ] ] ] } },
{ "type": "Feature", "properties": { "id": "way/430355633", "name": null, "name_en": null, "name_ne": null, "highway": "trunk_link", "surface": null, "smoothness": null, "width": null, "lanes": null, "oneway": "yes", "bridge": null, "layer": null, "source": null, "adm0_pcode": "NPL", "adm0_name": "Nepal", "adm1_pcode": "NP03", "adm1_name": "Bagmati", "adm2_pcode": "NP0327", "adm2_name": "Kathmandu", "adm3_pcode": "NP0327308", "adm3_name": "Chandragiri", "adm4_pcode": null, "adm4_name": null, "name_latin": null }, "geometry": { "type": "MultiLineString", "coordinates": [ [ [ 85.2354429, 27.6884166 ], [ 85.2355963, 27.688427 ], [ 85.2356843, 27.6884298 ], [ 85.2358257, 27.688453 ], [ 85.235905, 27.6884725 ], [ 85.2359308, 27.6885578 ], [ 85.2359596, 27.6887827 ], [ 85.2360083, 27.689053 ], [ 85.2360589, 27.6892721 ], [ 85.2361048, 27.6895156 ], [ 85.236141, 27.6896707 ], [ 85.2362239, 27.6898578 ], [ 85.2363068, 27.6900046 ], [ 85.2365658, 27.6903444 ], [ 85.2367184, 27.6905003 ], [ 85.236774, 27.6905378 ], [ 85.2369403, 27.6906342 ] ] ] } },
{ "type": "Feature", "properties": { "id": "way/27034031", "name": "मदन भण्डारी मार्ग", "name_en": "Madan Bhandari Path", "name_ne": "मदन भण्डारी मार्ग", "highway": "trunk", "surface": "asphalt", "smoothness": null, "width": "6", "lanes": "2", "oneway": "yes", "bridge": "yes", "layer": "2", "source": null, "adm0_pcode": "NPL", "adm0_name": "Nepal", "adm1_pcode": "NP03", "adm1_name": "Bagmati", "adm2_pcode": "NP0327", "adm2_name": "Kathmandu", "adm3_pcode": "NP0327101", "adm3_name": "Kathmandu", "adm4_pcode": null, "adm4_name": null, "name_latin": "Madan Bhandari Path" }, "geometry": { "type": "MultiLineString", "coordinates": [ [ [ 85.3443379, 27.686258 ], [ 85.3432697, 27.6865008 ] ] ] } },
{ "type": "Feature", "properties": { "id": "way/1484959276", "name": null, "name_en": null, "name_ne": null, "highway": "trunk", "surface": null, "smoothness": null, "width": null, "lanes": null, "oneway": null, "bridge": null, "layer": null, "source": null, "adm0_pcode": "NPL", "adm0_name": "Nepal", "adm1_pcode": "NP03", "adm1_name": "Bagmati", "adm2_pcode": "NP0327", "adm2_name": "Kathmandu", "adm3_pcode": "NP0327308", "adm3_name": "Chandragiri", "adm4_pcode": null, "adm4_name": null, "name_latin": null }, "geometry": { "type": "MultiLineString", "coordinates": [ [ [ 85.2372116, 27.691023 ], [ 85.2369403, 27.6906342 ], [ 85.2366504, 27.6901903 ], [ 85.2364906, 27.6898456 ], [ 85.236405, 27.689551 ], [ 85.2363228, 27.6892085 ], [ 85.236295, 27.6889259 ], [ 85.2362747, 27.6887401 ], [ 85.2362842, 27.6885874 ], [ 85.2363145, 27.6885229 ], [ 85.2363223, 27.6885062 ], [ 85.2363775, 27.6884464 ], [ 85.2364255, 27.688412 ], [ 85.2367712, 27.6882885 ] ] ] } },
{ "type": "Feature", "properties": { "id": "way/1485288249", "name": null, "name_en": null, "name_ne": null, "highway": "trunk_link", "surface": null, "smoothness": null, "width": null, "lanes": null, "oneway": null, "bridge": null, "layer": null, "source": null, "adm0_pcode": "NPL", "adm0_name": "Nepal", "adm1_pcode": "NP03", "adm1_name": "Bagmati", "adm2_pcode": "NP0327", "adm2_name": "Kathmandu", "adm3_pcode": "NP0327308", "adm3_name": "Chandragiri", "adm4_pcode": null, "adm4_name": null, "name_latin": null }, "geometry": { "type": "MultiLineString", "coordinates": [ [ [ 85.2072435, 27.6998573 ], [ 85.2071761, 27.6998023 ] ] ] } },
{ "type": "Feature", "properties": { "id": "way/190532598", "name": "Kathmandu Ringroad", "name_en": null, "name_ne": "काठमाडाैँ चक्रपथ", "highway": "trunk", "surface": "paved", "smoothness": null, "width": "14", "lanes": "4", "oneway": "no", "bridge": null, "layer": null, "source": null, "adm0_pcode": "NPL", "adm0_name": "Nepal", "adm1_pcode": "NP03", "adm1_name": "Bagmati", "adm2_pcode": "NP0327", "adm2_name": "Kathmandu", "adm3_pcode": "NP0327101", "adm3_name": "Kathmandu", "adm4_pcode": null, "adm4_name": null, "name_latin": "Kathmandu Ringroad" }, "geometry": { "type": "MultiLineString", "coordinates": [ [ [ 85.3493909, 27.7060924 ], [ 85.3495282, 27.7061091 ], [ 85.3498304, 27.7061563 ], [ 85.3500792, 27.7061987 ], [ 85.3502903, 27.7062321 ], [ 85.350451, 27.7062408 ], [ 85.3506808, 27.706217 ], [ 85.3507685, 27.7062061 ], [ 85.3509545, 27.7061528 ], [ 85.3510875, 27.7061044 ], [ 85.351232, 27.7060389 ], [ 85.35135, 27.705952 ], [ 85.3514793, 27.7058507 ], [ 85.3516022, 27.7057471 ], [ 85.3516788, 27.7056617 ], [ 85.3517742, 27.705521 ], [ 85.3518319, 27.7053918 ], [ 85.3518632, 27.7053165 ], [ 85.351905, 27.7051505 ], [ 85.3519338, 27.7050294 ], [ 85.3519478, 27.7048591 ], [ 85.3519885, 27.7043249 ], [ 85.3519987, 27.7039451 ], [ 85.3520278, 27.7034717 ], [ 85.3520648, 27.7031872 ], [ 85.3520938, 27.7030185 ], [ 85.3521537, 27.7028275 ], [ 85.3522194, 27.702656 ], [ 85.3523094, 27.7024748 ], [ 85.3523957, 27.7023449 ], [ 85.3525127, 27.7021709 ], [ 85.3526633, 27.7019732 ], [ 85.3527674, 27.7018301 ], [ 85.3528532, 27.7017242 ], [ 85.3530101, 27.7015407 ], [ 85.3531884, 27.7013092 ], [ 85.3532444, 27.7012412 ], [ 85.3532849, 27.7011814 ], [ 85.3533216, 27.7011382 ], [ 85.3534503, 27.700976 ], [ 85.3534988, 27.7009197 ], [ 85.3537169, 27.7006099 ] ] ] } },
{ "type": "Feature", "properties": { "id": "way/1485288251", "name": null, "name_en": null, "name_ne": null, "highway": "trunk_link", "surface": null, "smoothness": null, "width": null, "lanes": null, "oneway": null, "bridge": null, "layer": null, "source": null, "adm0_pcode": "NPL", "adm0_name": "Nepal", "adm1_pcode": "NP03", "adm1_name": "Bagmati", "adm2_pcode": "NP0327", "adm2_name": "Kathmandu", "adm3_pcode": "NP0327308", "adm3_name": "Chandragiri", "adm4_pcode": null, "adm4_name": null, "name_latin": null }, "geometry": { "type": "MultiLineString", "coordinates": [ [ [ 85.2068508, 27.7001639 ], [ 85.206792, 27.7000986 ] ] ] } },
{ "type": "Feature", "properties": { "id": "way/756183449", "name": "Kathmandu Ringroad", "name_en": null, "name_ne": "काठमाडाैँ चक्रपथ", "highway": "trunk", "surface": "paved", "smoothness": null, "width": "14", "lanes": "4", "oneway": "no", "bridge": null, "layer": null, "source": null, "adm0_pcode": "NPL", "adm0_name": "Nepal", "adm1_pcode": "NP03", "adm1_name": "Bagmati", "adm2_pcode": "NP0327", "adm2_name": "Kathmandu", "adm3_pcode": "NP0327305", "adm3_name": "Nagarjun", "adm4_pcode": null, "adm4_name": null, "name_latin": "Kathmandu Ringroad" }, "geometry": { "type": "MultiLineString", "coordinates": [ [ [ 85.29368, 27.7229111 ], [ 85.2941084, 27.7231108 ], [ 85.2945753, 27.7233328 ] ] ] } },
{ "type": "Feature", "properties": { "id": "way/406752033", "name": "Kathmandu Ringroad", "name_en": null, "name_ne": "काठमाडाैँ चक्रपथ", "highway": "trunk", "surface": "paved", "smoothness": null, "width": "6", "lanes": "2", "oneway": "yes", "bridge": "yes", "layer": "1", "source": null, "adm0_pcode": "NPL", "adm0_name": "Nepal", "adm1_pcode": "NP03", "adm1_name": "Bagmati", "adm2_pcode": "NP0325", "adm2_name": "Lalitpur", "adm3_pcode": "NP0325101", "adm3_name": "Lalitpur", "adm4_pcode": null, "adm4_name": null, "name_latin": "Kathmandu Ringroad" }, "geometry": { "type": "MultiLineString", "coordinates": [ [ [ 85.3322078, 27.6666348 ], [ 85.3321249, 27.6665378 ], [ 85.3320012, 27.6663986 ], [ 85.331772, 27.6661162 ], [ 85.3315376, 27.6658284 ], [ 85.3313559, 27.6656022 ], [ 85.3312638, 27.6654896 ], [ 85.3307933, 27.6649236 ], [ 85.3301377, 27.664123 ] ] ] } },
{ "type": "Feature", "properties": { "id": "way/756860373", "name": "काठमाडाैँ चक्रपथ", "name_en": "Kathmandu Ringroad", "name_ne": "काठमाडाैँ चक्रपथ", "highway": "trunk", "surface": "paved", "smoothness": null, "width": "14", "lanes": "4", "oneway": "no", "bridge": null, "layer": null, "source": null, "adm0_pcode": "NPL", "adm0_name": "Nepal", "adm1_pcode": "NP03", "adm1_name": "Bagmati", "adm2_pcode": "NP0327", "adm2_name": "Kathmandu", "adm3_pcode": "NP0327305", "adm3_name": "Nagarjun", "adm4_pcode": null, "adm4_name": null, "name_latin": "Kathmandu Ringroad" }, "geometry": { "type": "MultiLineString", "coordinates": [ [ [ 85.2824928, 27.7074532 ], [ 85.2825253, 27.7076696 ], [ 85.2826305, 27.7083399 ], [ 85.2826905, 27.7088598 ], [ 85.2827938, 27.7096561 ], [ 85.2828367, 27.710127 ] ] ] } },
{ "type": "Feature", "properties": { "id": "way/4839936", "name": null, "name_en": null, "name_ne": null, "highway": "trunk_link", "surface": null, "smoothness": null, "width": null, "lanes": null, "oneway": "yes", "bridge": null, "layer": null, "source": null, "adm0_pcode": "NPL", "adm0_name": "Nepal", "adm1_pcode": "NP03", "adm1_name": "Bagmati", "adm2_pcode": "NP0327", "adm2_name": "Kathmandu", "adm3_pcode": "NP0327101", "adm3_name": "Kathmandu", "adm4_pcode": null, "adm4_name": null, "name_latin": null }, "geometry": { "type": "MultiLineString", "coordinates": [ [ [ 85.3537116, 27.7010728 ], [ 85.3536919, 27.7010169 ], [ 85.3536837, 27.7009806 ], [ 85.3536812, 27.700952 ], [ 85.3536864, 27.7009163 ], [ 85.3536636, 27.7008463 ], [ 85.3537169, 27.7006099 ] ] ] } },
{ "type": "Feature", "properties": { "id": "way/4839958", "name": null, "name_en": null, "name_ne": null, "highway": "trunk_link", "surface": null, "smoothness": null, "width": null, "lanes": null, "oneway": "yes", "bridge": null, "layer": null, "source": null, "adm0_pcode": "NPL", "adm0_name": "Nepal", "adm1_pcode": "NP03", "adm1_name": "Bagmati", "adm2_pcode": "NP0327", "adm2_name": "Kathmandu", "adm3_pcode": "NP0327101", "adm3_name": "Kathmandu", "adm4_pcode": null, "adm4_name": null, "name_latin": null }, "geometry": { "type": "MultiLineString", "coordinates": [ [ [ 85.3532849, 27.7011814 ], [ 85.3533895, 27.7011645 ], [ 85.3534721, 27.7011501 ], [ 85.3535522, 27.7011297 ], [ 85.35362, 27.7011243 ], [ 85.3536764, 27.7011217 ] ] ] } },
{ "type": "Feature", "properties": { "id": "way/232096439", "name": "Kathmandu Ringroad", "name_en": null, "name_ne": "काठमाडाैँ चक्रपथ", "highway": "trunk", "surface": "paved", "smoothness": null, "width": "14", "lanes": "4", "oneway": "no", "bridge": null, "layer": null, "source": null, "adm0_pcode": "NPL", "adm0_name": "Nepal", "adm1_pcode": "NP03", "adm1_name": "Bagmati", "adm2_pcode": "NP0327", "adm2_name": "Kathmandu", "adm3_pcode": "NP0327101", "adm3_name": "Kathmandu", "adm4_pcode": null, "adm4_name": null, "name_latin": "Kathmandu Ringroad" }, "geometry": { "type": "MultiLineString", "coordinates": [ [ [ 85.2976692, 27.7248138 ], [ 85.2978068, 27.7248456 ], [ 85.2979258, 27.7248728 ], [ 85.2980327, 27.7248972 ], [ 85.2985367, 27.7250148 ], [ 85.298764, 27.7250679 ], [ 85.2988278, 27.7250827 ], [ 85.2992541, 27.7251839 ], [ 85.2995433, 27.7252547 ], [ 85.3001112, 27.7253946 ], [ 85.3019279, 27.7258118 ], [ 85.302103, 27.7258559 ], [ 85.3021394, 27.7258658 ], [ 85.302717, 27.7260277 ], [ 85.3029653, 27.7261078 ], [ 85.3030644, 27.7261421 ], [ 85.3033367, 27.7262633 ] ] ] } },
{ "type": "Feature", "properties": { "id": "way/194607863", "name": "Araniko Highway", "name_en": null, "name_ne": null, "highway": "trunk", "surface": "asphalt", "smoothness": null, "width": "10", "lanes": "2", "oneway": "yes", "bridge": null, "layer": null, "source": null, "adm0_pcode": "NPL", "adm0_name": "Nepal", "adm1_pcode": "NP03", "adm1_name": "Bagmati", "adm2_pcode": "NP0326", "adm2_name": "Bhaktapur", "adm3_pcode": "NP0326304", "adm3_name": "Suryabinayak", "adm4_pcode": null, "adm4_name": null, "name_latin": "Araniko Highway" }, "geometry": { "type": "MultiLineString", "coordinates": [ [ [ 85.4001751, 27.6741181 ], [ 85.4016665, 27.6737158 ], [ 85.4030613, 27.6733172 ], [ 85.4042679, 27.6729763 ], [ 85.4049145, 27.6728048 ] ] ] } },
{ "type": "Feature", "properties": { "id": "way/172481630", "name": "सोल्टिमोड सडक", "name_en": "Soltimode", "name_ne": "सोल्टिमोड सडक", "highway": "trunk", "surface": "paved", "smoothness": null, "width": "12", "lanes": "4", "oneway": null, "bridge": null, "layer": null, "source": null, "adm0_pcode": "NPL", "adm0_name": "Nepal", "adm1_pcode": "NP03", "adm1_name": "Bagmati", "adm2_pcode": "NP0327", "adm2_name": "Kathmandu", "adm3_pcode": "NP0327101", "adm3_name": "Kathmandu", "adm4_pcode": null, "adm4_name": null, "name_latin": "Soltimode" }, "geometry": { "type": "MultiLineString", "coordinates": [ [ [ 85.2935482, 27.6965848 ], [ 85.2940637, 27.696767 ] ] ] } },
{ "type": "Feature", "properties": { "id": "way/232096888", "name": "Araniko Highway", "name_en": null, "name_ne": null, "highway": "trunk", "surface": "asphalt", "smoothness": null, "width": "10", "lanes": "2", "oneway": "yes", "bridge": null, "layer": null, "source": null, "adm0_pcode": "NPL", "adm0_name": "Nepal", "adm1_pcode": "NP03", "adm1_name": "Bagmati", "adm2_pcode": "NP0326", "adm2_name": "Bhaktapur", "adm3_pcode": "NP0326304", "adm3_name": "Suryabinayak", "adm4_pcode": null, "adm4_name": null, "name_latin": "Araniko Highway" }, "geometry": { "type": "MultiLineString", "coordinates": [ [ [ 85.4039516, 27.6729379 ], [ 85.4033767, 27.673098 ], [ 85.4031229, 27.6731687 ], [ 85.4021571, 27.6734449 ], [ 85.4011421, 27.6737289 ], [ 85.4001359, 27.6740213 ] ] ] } },
{ "type": "Feature", "properties": { "id": "way/184867809", "name": "सोल्टिमोड चौक", "name_en": "Soltimode Chowk", "name_ne": "सोल्टिमोड चौक", "highway": "trunk", "surface": null, "smoothness": null, "width": "12", "lanes": null, "oneway": null, "bridge": "yes", "layer": "1", "source": null, "adm0_pcode": "NPL", "adm0_name": "Nepal", "adm1_pcode": "NP03", "adm1_name": "Bagmati", "adm2_pcode": "NP0327", "adm2_name": "Kathmandu", "adm3_pcode": "NP0327101", "adm3_name": "Kathmandu", "adm4_pcode": null, "adm4_name": null, "name_latin": "Soltimode Chowk" }, "geometry": { "type": "MultiLineString", "coordinates": [ [ [ 85.2932303, 27.6961685 ], [ 85.2933497, 27.6963453 ] ] ] } },
{ "type": "Feature", "properties": { "id": "way/180373622", "name": "Kathmandu Ringroad", "name_en": null, "name_ne": "काठमाडाैँ चक्रपथ", "highway": "trunk", "surface": "paved", "smoothness": null, "width": "14", "lanes": "4", "oneway": null, "bridge": null, "layer": null, "source": null, "adm0_pcode": "NPL", "adm0_name": "Nepal", "adm1_pcode": "NP03", "adm1_name": "Bagmati", "adm2_pcode": "NP0327", "adm2_name": "Kathmandu", "adm3_pcode": "NP0327303", "adm3_name": "Budhanilkhantha", "adm4_pcode": null, "adm4_name": null, "name_latin": "Kathmandu Ringroad" }, "geometry": { "type": "MultiLineString", "coordinates": [ [ [ 85.3453056, 27.7226537 ], [ 85.345258, 27.7227604 ], [ 85.3450663, 27.7232463 ], [ 85.3450071, 27.7234061 ], [ 85.3448934, 27.7237309 ], [ 85.3448141, 27.724047 ], [ 85.3447875, 27.7241902 ], [ 85.3447726, 27.7243487 ], [ 85.3447682, 27.7245205 ], [ 85.3447832, 27.724743 ], [ 85.3448018, 27.7248772 ], [ 85.3448711, 27.725233 ], [ 85.3450361, 27.7257317 ], [ 85.3450879, 27.7258817 ], [ 85.3452419, 27.7263684 ], [ 85.34528, 27.7264772 ], [ 85.3454895, 27.7271058 ], [ 85.345599, 27.7274069 ] ] ] } },
{ "type": "Feature", "properties": { "id": "way/184867811", "name": "कलङ्किस्थान सडक", "name_en": "Kalankisthan Road", "name_ne": "कलङ्किस्थान सडक", "highway": "trunk", "surface": "paved", "smoothness": null, "width": "12", "lanes": "4", "oneway": null, "bridge": null, "layer": null, "source": null, "adm0_pcode": "NPL", "adm0_name": "Nepal", "adm1_pcode": "NP03", "adm1_name": "Bagmati", "adm2_pcode": "NP0327", "adm2_name": "Kathmandu", "adm3_pcode": "NP0327101", "adm3_name": "Kathmandu", "adm4_pcode": null, "adm4_name": null, "name_latin": "Kalankisthan Road" }, "geometry": { "type": "MultiLineString", "coordinates": [ [ [ 85.2933497, 27.6963453 ], [ 85.2935482, 27.6965848 ] ] ] } },
{ "type": "Feature", "properties": { "id": "way/184867810", "name": "रबिभवन", "name_en": "Rabhibhawan", "name_ne": "रबिभवन", "highway": "trunk", "surface": "paved", "smoothness": null, "width": "12", "lanes": "4", "oneway": null, "bridge": null, "layer": null, "source": null, "adm0_pcode": "NPL", "adm0_name": "Nepal", "adm1_pcode": "NP03", "adm1_name": "Bagmati", "adm2_pcode": "NP0327", "adm2_name": "Kathmandu", "adm3_pcode": "NP0327101", "adm3_name": "Kathmandu", "adm4_pcode": null, "adm4_name": null, "name_latin": "Rabhibhawan" }, "geometry": { "type": "MultiLineString", "coordinates": [ [ [ 85.2909759, 27.6956105 ], [ 85.2914334, 27.6955372 ], [ 85.2917502, 27.6954709 ], [ 85.2919602, 27.6954371 ], [ 85.2922077, 27.6954272 ], [ 85.2923719, 27.6954402 ], [ 85.2924994, 27.6954642 ], [ 85.2926226, 27.6955023 ], [ 85.292758, 27.6955666 ], [ 85.2928588, 27.69563 ], [ 85.2929298, 27.6956858 ], [ 85.2930063, 27.6957817 ], [ 85.2932303, 27.6961685 ] ] ] } },
{ "type": "Feature", "properties": { "id": "way/188435249", "name": "Araniko Highway", "name_en": null, "name_ne": null, "highway": "trunk", "surface": "asphalt", "smoothness": null, "width": "7", "lanes": "4", "oneway": "yes", "bridge": "yes", "layer": "1", "source": null, "adm0_pcode": "NPL", "adm0_name": "Nepal", "adm1_pcode": "NP03", "adm1_name": "Bagmati", "adm2_pcode": "NP0326", "adm2_name": "Bhaktapur", "adm3_pcode": "NP0326304", "adm3_name": "Suryabinayak", "adm4_pcode": null, "adm4_name": null, "name_latin": "Araniko Highway" }, "geometry": { "type": "MultiLineString", "coordinates": [ [ [ 85.4001359, 27.6740213 ], [ 85.3996111, 27.6741675 ] ] ] } },
{ "type": "Feature", "properties": { "id": "way/194607858", "name": "Araniko Highway", "name_en": null, "name_ne": null, "highway": "trunk", "surface": "asphalt", "smoothness": null, "width": "10", "lanes": "4", "oneway": "yes", "bridge": "yes", "layer": "1", "source": null, "adm0_pcode": "NPL", "adm0_name": "Nepal", "adm1_pcode": "NP03", "adm1_name": "Bagmati", "adm2_pcode": "NP0326", "adm2_name": "Bhaktapur", "adm3_pcode": "NP0326304", "adm3_name": "Suryabinayak", "adm4_pcode": null, "adm4_name": null, "name_latin": "Araniko Highway" }, "geometry": { "type": "MultiLineString", "coordinates": [ [ [ 85.3996489, 27.6742616 ], [ 85.4001751, 27.6741181 ] ] ] } },
{ "type": "Feature", "properties": { "id": "way/193053265", "name": "Araniko Highway", "name_en": null, "name_ne": null, "highway": "trunk", "surface": "asphalt", "smoothness": null, "width": "8", "lanes": null, "oneway": "no", "bridge": null, "layer": null, "source": null, "adm0_pcode": "NPL", "adm0_name": "Nepal", "adm1_pcode": "NP03", "adm1_name": "Bagmati", "adm2_pcode": "NP0326", "adm2_name": "Bhaktapur", "adm3_pcode": "NP0326302", "adm3_name": "Changunarayan", "adm4_pcode": null, "adm4_name": null, "name_latin": "Araniko Highway" }, "geometry": { "type": "MultiLineString", "coordinates": [ [ [ 85.442058, 27.6638557 ], [ 85.4424847, 27.6635588 ], [ 85.4427681, 27.6633904 ], [ 85.4429162, 27.6633278 ], [ 85.4430905, 27.6632872 ], [ 85.4435711, 27.6632247 ], [ 85.4437231, 27.6631765 ], [ 85.4438854, 27.6630769 ], [ 85.4443138, 27.6626662 ], [ 85.4444874, 27.6625011 ], [ 85.4446683, 27.6623226 ], [ 85.4449199, 27.6621048 ], [ 85.445171, 27.6618949 ], [ 85.4455384, 27.661653 ], [ 85.4462007, 27.6612195 ], [ 85.4464964, 27.661025 ], [ 85.4465944, 27.6609646 ], [ 85.4466613, 27.6609332 ], [ 85.4467889, 27.6608807 ], [ 85.4469273, 27.6608308 ], [ 85.4471465, 27.6607795 ], [ 85.4472513, 27.6607634 ], [ 85.4474384, 27.6607478 ], [ 85.4476353, 27.6607577 ], [ 85.4479603, 27.6607398 ], [ 85.4481223, 27.6607075 ], [ 85.448275, 27.6606423 ], [ 85.4485058, 27.6605086 ], [ 85.4488232, 27.6603217 ], [ 85.4492567, 27.660074 ], [ 85.4493974, 27.6600124 ], [ 85.4495844, 27.6599627 ], [ 85.4498074, 27.6599149 ], [ 85.4504284, 27.6597876 ], [ 85.4511438, 27.659651 ], [ 85.4515689, 27.6595631 ], [ 85.4517486, 27.6595142 ], [ 85.4518727, 27.6594616 ], [ 85.4519587, 27.6594039 ], [ 85.4520242, 27.6593425 ], [ 85.4521105, 27.6592486 ], [ 85.4523252, 27.6589758 ], [ 85.4524166, 27.6588795 ], [ 85.4524991, 27.6588062 ], [ 85.4525924, 27.6587397 ], [ 85.4527196, 27.6586769 ], [ 85.4528163, 27.6586382 ], [ 85.4530818, 27.6585321 ], [ 85.4537442, 27.6582945 ], [ 85.4539333, 27.6581525 ], [ 85.4542147, 27.6578608 ], [ 85.4547269, 27.657368 ], [ 85.4549563, 27.6571175 ], [ 85.4551249, 27.6569492 ], [ 85.4551935, 27.6568666 ], [ 85.4552494, 27.6567885 ], [ 85.4553287, 27.6566492 ], [ 85.4553747, 27.6565433 ], [ 85.4554158, 27.6564053 ], [ 85.4554742, 27.6562158 ], [ 85.4555145, 27.6559734 ], [ 85.4555698, 27.6557312 ], [ 85.4556372, 27.6555759 ], [ 85.456078, 27.6548261 ], [ 85.4561266, 27.6547412 ], [ 85.4562349, 27.6545519 ], [ 85.456328, 27.6544306 ], [ 85.4564238, 27.6543323 ], [ 85.4564912, 27.6542867 ], [ 85.4566371, 27.6542161 ], [ 85.4569801, 27.6540721 ], [ 85.4572254, 27.6539551 ], [ 85.4573262, 27.6539162 ], [ 85.4574256, 27.6538787 ], [ 85.4575208, 27.6538565 ], [ 85.4576309, 27.653839 ], [ 85.4578206, 27.6538216 ], [ 85.4588947, 27.6537444 ], [ 85.4590736, 27.6537234 ], [ 85.4591407, 27.6537155 ], [ 85.459264, 27.6536949 ], [ 85.459388, 27.65366 ], [ 85.4594998, 27.6536071 ], [ 85.459616, 27.6535441 ], [ 85.4598177, 27.6534111 ], [ 85.4599938, 27.6532778 ], [ 85.4603348, 27.6530177 ], [ 85.4605685, 27.6528375 ], [ 85.4607224, 27.652721 ], [ 85.4609011, 27.6525775 ], [ 85.4610639, 27.6524411 ], [ 85.4612342, 27.6522567 ], [ 85.4613921, 27.6521036 ], [ 85.4615961, 27.6518994 ], [ 85.4619058, 27.6515972 ], [ 85.4620238, 27.6514507 ], [ 85.4620842, 27.6513564 ], [ 85.462171, 27.6511866 ], [ 85.4622961, 27.6509264 ], [ 85.4623516, 27.6507295 ], [ 85.4623676, 27.650326 ], [ 85.4624018, 27.6500315 ], [ 85.4624064, 27.6499594 ], [ 85.4624369, 27.6498461 ], [ 85.4624614, 27.6497598 ], [ 85.4625014, 27.64968 ], [ 85.4625405, 27.6496363 ], [ 85.462584, 27.6495916 ], [ 85.4627634, 27.6494394 ], [ 85.463156, 27.6491204 ], [ 85.4632312, 27.6490661 ], [ 85.4635556, 27.6488408 ], [ 85.4638857, 27.6486622 ], [ 85.4642462, 27.6484895 ], [ 85.4643289, 27.6484537 ], [ 85.4644706, 27.6483886 ], [ 85.4648739, 27.6482135 ], [ 85.4650697, 27.6480982 ], [ 85.4651785, 27.648023 ], [ 85.465242, 27.6479316 ], [ 85.4653205, 27.6477573 ], [ 85.4653359, 27.6476712 ], [ 85.4653556, 27.6475612 ], [ 85.4653662, 27.6472916 ], [ 85.4653902, 27.6469946 ], [ 85.465444, 27.6468612 ], [ 85.465523, 27.6467499 ], [ 85.4657183, 27.6464938 ], [ 85.4657979, 27.6463495 ] ] ] } },
{ "type": "Feature", "properties": { "id": "way/1426160993", "name": "Kathmandu Ringroad", "name_en": null, "name_ne": "काठमाडाैँ चक्रपथ", "highway": "trunk", "surface": "asphalt", "smoothness": null, "width": "6", "lanes": "2", "oneway": "yes", "bridge": "yes", "layer": "1", "source": null, "adm0_pcode": "NPL", "adm0_name": "Nepal", "adm1_pcode": "NP03", "adm1_name": "Bagmati", "adm2_pcode": "NP0325", "adm2_name": "Lalitpur", "adm3_pcode": "NP0325101", "adm3_name": "Lalitpur", "adm4_pcode": null, "adm4_name": null, "name_latin": "Kathmandu Ringroad" }, "geometry": { "type": "MultiLineString", "coordinates": [ [ [ 85.329575, 27.6635576 ], [ 85.3298503, 27.6638932 ], [ 85.330942, 27.6652187 ], [ 85.3316957, 27.6661428 ], [ 85.3320512, 27.666584 ], [ 85.3321833, 27.6667351 ], [ 85.3323126, 27.6668816 ], [ 85.3323998, 27.6669731 ], [ 85.3326184, 27.6671833 ], [ 85.3327927, 27.6673354 ], [ 85.3329054, 27.6674233 ], [ 85.3330542, 27.6675242 ], [ 85.3331776, 27.6676062 ], [ 85.3333318, 27.6676976 ], [ 85.3335652, 27.6678247 ], [ 85.3339085, 27.6680112 ], [ 85.334449, 27.6682974 ], [ 85.3352188, 27.6687072 ], [ 85.3359523, 27.669098 ], [ 85.3371191, 27.6697204 ], [ 85.3376493, 27.6700032 ] ] ] } },
{ "type": "Feature", "properties": { "id": "way/1091658648", "name": "Kathmandu Ringroad", "name_en": null, "name_ne": "काठमाडाैँ चक्रपथ", "highway": "trunk", "surface": "paved", "smoothness": null, "width": "6", "lanes": "2", "oneway": "yes", "bridge": null, "layer": null, "source": null, "adm0_pcode": "NPL", "adm0_name": "Nepal", "adm1_pcode": "NP03", "adm1_name": "Bagmati", "adm2_pcode": "NP0325", "adm2_name": "Lalitpur", "adm3_pcode": "NP0325101", "adm3_name": "Lalitpur", "adm4_pcode": null, "adm4_name": null, "name_latin": "Kathmandu Ringroad" }, "geometry": { "type": "MultiLineString", "coordinates": [ [ [ 85.3196253, 27.6601886 ], [ 85.3185806, 27.661061 ], [ 85.3182187, 27.6613437 ] ] ] } },
{ "type": "Feature", "properties": { "id": "way/231786213", "name": "Kathmandu Ringroad", "name_en": null, "name_ne": "काठमाडाैँ चक्रपथ", "highway": "trunk", "surface": "paved", "smoothness": null, "width": "14", "lanes": "4", "oneway": "no", "bridge": null, "layer": null, "source": null, "adm0_pcode": "NPL", "adm0_name": "Nepal", "adm1_pcode": "NP03", "adm1_name": "Bagmati", "adm2_pcode": "NP0327", "adm2_name": "Kathmandu", "adm3_pcode": "NP0327101", "adm3_name": "Kathmandu", "adm4_pcode": null, "adm4_name": null, "name_latin": "Kathmandu Ringroad" }, "geometry": { "type": "MultiLineString", "coordinates": [ [ [ 85.2950713, 27.7235893 ], [ 85.2953153, 27.7237086 ], [ 85.2958248, 27.723956 ], [ 85.2961581, 27.7241208 ], [ 85.2964207, 27.7242492 ], [ 85.296678, 27.724379 ], [ 85.2969927, 27.7245316 ], [ 85.2972471, 27.7246563 ], [ 85.2972954, 27.72468 ], [ 85.297576, 27.7247853 ], [ 85.2976692, 27.7248138 ] ] ] } },
{ "type": "Feature", "properties": { "id": "way/232099517", "name": "Araniko Highway", "name_en": null, "name_ne": null, "highway": "trunk", "surface": "asphalt", "smoothness": null, "width": "9", "lanes": "2", "oneway": "yes", "bridge": null, "layer": null, "source": null, "adm0_pcode": "NPL", "adm0_name": "Nepal", "adm1_pcode": "NP03", "adm1_name": "Bagmati", "adm2_pcode": "NP0326", "adm2_name": "Bhaktapur", "adm3_pcode": "NP0326303", "adm3_name": "Bhaktapur", "adm4_pcode": null, "adm4_name": null, "name_latin": "Araniko Highway" }, "geometry": { "type": "MultiLineString", "coordinates": [ [ [ 85.4169053, 27.6670368 ], [ 85.4163482, 27.6673084 ], [ 85.4158505, 27.6675511 ], [ 85.4149192, 27.6679814 ], [ 85.4136264, 27.668588 ], [ 85.4128061, 27.6689695 ], [ 85.4119792, 27.6693679 ], [ 85.411237, 27.6697118 ], [ 85.4109598, 27.6698427 ], [ 85.4106729, 27.6699819 ], [ 85.4104323, 27.6701145 ], [ 85.4101471, 27.6702981 ], [ 85.4098559, 27.6705057 ], [ 85.4097716, 27.6705822 ], [ 85.4094228, 27.670897 ] ] ] } },
{ "type": "Feature", "properties": { "id": "way/232434589", "name": "Araniko Highway", "name_en": null, "name_ne": null, "highway": "trunk", "surface": "asphalt", "smoothness": null, "width": "10", "lanes": "2", "oneway": "yes", "bridge": null, "layer": null, "source": null, "adm0_pcode": "NPL", "adm0_name": "Nepal", "adm1_pcode": "NP03", "adm1_name": "Bagmati", "adm2_pcode": "NP0326", "adm2_name": "Bhaktapur", "adm3_pcode": "NP0326303", "adm3_name": "Bhaktapur", "adm4_pcode": null, "adm4_name": null, "name_latin": "Araniko Highway" }, "geometry": { "type": "MultiLineString", "coordinates": [ [ [ 85.4110807, 27.6699105 ], [ 85.4114918, 27.6697201 ], [ 85.412399, 27.6693001 ], [ 85.4132368, 27.6688921 ], [ 85.4149392, 27.6680901 ], [ 85.4161858, 27.6675004 ], [ 85.4167005, 27.667267 ], [ 85.4170094, 27.667127 ] ] ] } },
{ "type": "Feature", "properties": { "id": "way/225456436", "name": "Kathmandu Ringroad", "name_en": null, "name_ne": "काठमाडाैँ चक्रपथ", "highway": "trunk", "surface": "paved", "smoothness": null, "width": "6", "lanes": "2", "oneway": "yes", "bridge": null, "layer": null, "source": null, "adm0_pcode": "NPL", "adm0_name": "Nepal", "adm1_pcode": "NP03", "adm1_name": "Bagmati", "adm2_pcode": "NP0325", "adm2_name": "Lalitpur", "adm3_pcode": "NP0325101", "adm3_name": "Lalitpur", "adm4_pcode": null, "adm4_name": null, "name_latin": "Kathmandu Ringroad" }, "geometry": { "type": "MultiLineString", "coordinates": [ [ [ 85.3209881, 27.6590959 ], [ 85.320879, 27.6591834 ], [ 85.3196253, 27.6601886 ] ] ] } },
{ "type": "Feature", "properties": { "id": "way/120353050", "name": "त्रिपुरेश्वर मार्ग", "name_en": "Tripureshwar Marg", "name_ne": "त्रिपुरेश्वर मार्ग", "highway": "trunk", "surface": "paved", "smoothness": null, "width": "16", "lanes": "4", "oneway": "no", "bridge": null, "layer": null, "source": null, "adm0_pcode": "NPL", "adm0_name": "Nepal", "adm1_pcode": "NP03", "adm1_name": "Bagmati", "adm2_pcode": "NP0327", "adm2_name": "Kathmandu", "adm3_pcode": "NP0327101", "adm3_name": "Kathmandu", "adm4_pcode": null, "adm4_name": null, "name_latin": "Tripureshwar Marg" }, "geometry": { "type": "MultiLineString", "coordinates": [ [ [ 85.3056506, 27.69662 ], [ 85.3059157, 27.6965315 ], [ 85.3065279, 27.6963314 ], [ 85.3066666, 27.6962903 ], [ 85.3071662, 27.6961615 ], [ 85.3074713, 27.6960896 ], [ 85.3076288, 27.6960463 ], [ 85.3078028, 27.6959899 ], [ 85.3082264, 27.6958229 ] ] ] } },
{ "type": "Feature", "properties": { "id": "way/1431968147", "name": null, "name_en": null, "name_ne": null, "highway": "trunk_link", "surface": null, "smoothness": null, "width": null, "lanes": null, "oneway": null, "bridge": null, "layer": null, "source": null, "adm0_pcode": "NPL", "adm0_name": "Nepal", "adm1_pcode": "NP03", "adm1_name": "Bagmati", "adm2_pcode": "NP0327", "adm2_name": "Kathmandu", "adm3_pcode": "NP0327101", "adm3_name": "Kathmandu", "adm4_pcode": null, "adm4_name": null, "name_latin": null }, "geometry": { "type": "MultiLineString", "coordinates": [ [ [ 85.285779, 27.6884248 ], [ 85.2857924, 27.6884907 ], [ 85.2858139, 27.6886076 ] ] ] } },
{ "type": "Feature", "properties": { "id": "way/193289326", "name": "Kathmandu Ringroad", "name_en": null, "name_ne": "काठमाडाैँ चक्रपथ", "highway": "trunk", "surface": "asphalt", "smoothness": null, "width": "9", "lanes": "2", "oneway": "yes", "bridge": null, "layer": null, "source": null, "adm0_pcode": "NPL", "adm0_name": "Nepal", "adm1_pcode": "NP03", "adm1_name": "Bagmati", "adm2_pcode": "NP0326", "adm2_name": "Bhaktapur", "adm3_pcode": "NP0326301", "adm3_name": "Madhyapur Thimi", "adm4_pcode": null, "adm4_name": null, "name_latin": "Kathmandu Ringroad" }, "geometry": { "type": "MultiLineString", "coordinates": [ [ [ 85.349528, 27.6789384 ], [ 85.3495271, 27.6789814 ], [ 85.3494947, 27.6804688 ], [ 85.3494661, 27.6813295 ], [ 85.349455, 27.6816626 ], [ 85.3493881, 27.6821914 ], [ 85.3493306, 27.6826266 ] ] ] } },
{ "type": "Feature", "properties": { "id": "way/193289327", "name": "Kathmandu Ringroad", "name_en": null, "name_ne": "काठमाडाैँ चक्रपथ", "highway": "trunk", "surface": "asphalt", "smoothness": null, "width": "9", "lanes": "2", "oneway": "yes", "bridge": null, "layer": null, "source": null, "adm0_pcode": "NPL", "adm0_name": "Nepal", "adm1_pcode": "NP03", "adm1_name": "Bagmati", "adm2_pcode": "NP0326", "adm2_name": "Bhaktapur", "adm3_pcode": "NP0326301", "adm3_name": "Madhyapur Thimi", "adm4_pcode": null, "adm4_name": null, "name_latin": "Kathmandu Ringroad" }, "geometry": { "type": "MultiLineString", "coordinates": [ [ [ 85.3494398, 27.6827629 ], [ 85.3494428, 27.6827202 ], [ 85.349449, 27.6826302 ], [ 85.3495613, 27.6816627 ], [ 85.3496796, 27.6789822 ], [ 85.3496796, 27.6789466 ] ] ] } },
{ "type": "Feature", "properties": { "id": "way/215507254", "name": "Kathmandu Ringroad", "name_en": null, "name_ne": "काठमाडाैँ चक्रपथ", "highway": "trunk", "surface": "paved", "smoothness": null, "width": "14", "lanes": "4", "oneway": "no", "bridge": null, "layer": null, "source": null, "adm0_pcode": "NPL", "adm0_name": "Nepal", "adm1_pcode": "NP03", "adm1_name": "Bagmati", "adm2_pcode": "NP0327", "adm2_name": "Kathmandu", "adm3_pcode": "NP0327101", "adm3_name": "Kathmandu", "adm4_pcode": null, "adm4_name": null, "name_latin": "Kathmandu Ringroad" }, "geometry": { "type": "MultiLineString", "coordinates": [ [ [ 85.3545268, 27.6942675 ], [ 85.3541998, 27.6936908 ], [ 85.3537024, 27.6928085 ], [ 85.3534939, 27.692438 ] ] ] } },
{ "type": "Feature", "properties": { "id": "way/585763546", "name": "Kathmandu Ringroad", "name_en": null, "name_ne": null, "highway": "trunk", "surface": "paved", "smoothness": null, "width": "7", "lanes": "2", "oneway": "yes", "bridge": null, "layer": null, "source": null, "adm0_pcode": "NPL", "adm0_name": "Nepal", "adm1_pcode": "NP03", "adm1_name": "Bagmati", "adm2_pcode": "NP0327", "adm2_name": "Kathmandu", "adm3_pcode": "NP0327101", "adm3_name": "Kathmandu", "adm4_pcode": null, "adm4_name": null, "name_latin": "Kathmandu Ringroad" }, "geometry": { "type": "MultiLineString", "coordinates": [ [ [ 85.355046, 27.6954887 ], [ 85.3550776, 27.6953537 ], [ 85.3550847, 27.6953146 ], [ 85.3550703, 27.6952512 ] ] ] } },
{ "type": "Feature", "properties": { "id": "way/193053264", "name": "Araniko Highway", "name_en": null, "name_ne": null, "highway": "trunk", "surface": "asphalt", "smoothness": null, "width": "8", "lanes": null, "oneway": "no", "bridge": "yes", "layer": "1", "source": null, "adm0_pcode": "NPL", "adm0_name": "Nepal", "adm1_pcode": "NP03", "adm1_name": "Bagmati", "adm2_pcode": "NP0326", "adm2_name": "Bhaktapur", "adm3_pcode": "NP0326304", "adm3_name": "Suryabinayak", "adm4_pcode": null, "adm4_name": null, "name_latin": "Araniko Highway" }, "geometry": { "type": "MultiLineString", "coordinates": [ [ [ 85.4417744, 27.6640537 ], [ 85.442058, 27.6638557 ] ] ] } },
{ "type": "Feature", "properties": { "id": "way/585763545", "name": "Kathmandu Ringroad", "name_en": null, "name_ne": "काठमाडाैँ चक्रपथ", "highway": "trunk", "surface": "paved", "smoothness": null, "width": "14", "lanes": "4", "oneway": "no", "bridge": null, "layer": null, "source": null, "adm0_pcode": "NPL", "adm0_name": "Nepal", "adm1_pcode": "NP03", "adm1_name": "Bagmati", "adm2_pcode": "NP0327", "adm2_name": "Kathmandu", "adm3_pcode": "NP0327101", "adm3_name": "Kathmandu", "adm4_pcode": null, "adm4_name": null, "name_latin": "Kathmandu Ringroad" }, "geometry": { "type": "MultiLineString", "coordinates": [ [ [ 85.3549272, 27.695031 ], [ 85.3548504, 27.6948693 ], [ 85.3547441, 27.6946455 ], [ 85.3545268, 27.6942675 ] ] ] } },
{ "type": "Feature", "properties": { "id": "way/585763544", "name": "Kathmandu Ringroad", "name_en": null, "name_ne": "काठमाडाैँ चक्रपथ", "highway": "trunk", "surface": "paved", "smoothness": null, "width": "7", "lanes": "2", "oneway": "yes", "bridge": null, "layer": null, "source": null, "adm0_pcode": "NPL", "adm0_name": "Nepal", "adm1_pcode": "NP03", "adm1_name": "Bagmati", "adm2_pcode": "NP0327", "adm2_name": "Kathmandu", "adm3_pcode": "NP0327101", "adm3_name": "Kathmandu", "adm4_pcode": null, "adm4_name": null, "name_latin": "Kathmandu Ringroad" }, "geometry": { "type": "MultiLineString", "coordinates": [ [ [ 85.3549272, 27.695031 ], [ 85.3549229, 27.6951467 ], [ 85.3549382, 27.6952328 ], [ 85.3549541, 27.6952828 ], [ 85.3549709, 27.6953359 ], [ 85.3549836, 27.6953758 ], [ 85.355046, 27.6954887 ] ] ] } },
{ "type": "Feature", "properties": { "id": "way/1420174915", "name": "त्रिभुवन राजपथ", "name_en": "Tribhuvan Rajpath", "name_ne": "त्रिभुवन राजपथ", "highway": "trunk", "surface": "paved", "smoothness": null, "width": null, "lanes": "2", "oneway": "yes", "bridge": null, "layer": null, "source": null, "adm0_pcode": "NPL", "adm0_name": "Nepal", "adm1_pcode": "NP03", "adm1_name": "Bagmati", "adm2_pcode": "NP0327", "adm2_name": "Kathmandu", "adm3_pcode": "NP0327308", "adm3_name": "Chandragiri", "adm4_pcode": null, "adm4_name": null, "name_latin": "Tribhuvan Rajpath" }, "geometry": { "type": "MultiLineString", "coordinates": [ [ [ 85.2052901, 27.7072927 ], [ 85.2054137, 27.7072116 ], [ 85.2054672, 27.707144 ], [ 85.2055675, 27.7069257 ], [ 85.2056655, 27.7065565 ] ] ] } },
{ "type": "Feature", "properties": { "id": "way/1091006179", "name": "मदन भण्डारी पथ", "name_en": "Madan Bhandari Path", "name_ne": "मदन भण्डारी पथ", "highway": "trunk", "surface": "asphalt", "smoothness": null, "width": "9", "lanes": null, "oneway": "yes", "bridge": null, "layer": null, "source": null, "adm0_pcode": "NPL", "adm0_name": "Nepal", "adm1_pcode": "NP03", "adm1_name": "Bagmati", "adm2_pcode": "NP0327", "adm2_name": "Kathmandu", "adm3_pcode": "NP0327101", "adm3_name": "Kathmandu", "adm4_pcode": null, "adm4_name": null, "name_latin": "Madan Bhandari Path" }, "geometry": { "type": "MultiLineString", "coordinates": [ [ [ 85.3472827, 27.6854006 ], [ 85.3469679, 27.6855788 ] ] ] } },
{ "type": "Feature", "properties": { "id": "way/215507256", "name": "Kathmandu Ringroad", "name_en": null, "name_ne": null, "highway": "trunk", "surface": "paved", "smoothness": null, "width": "7", "lanes": "2", "oneway": "yes", "bridge": null, "layer": null, "source": null, "adm0_pcode": "NPL", "adm0_name": "Nepal", "adm1_pcode": "NP03", "adm1_name": "Bagmati", "adm2_pcode": "NP0327", "adm2_name": "Kathmandu", "adm3_pcode": "NP0327101", "adm3_name": "Kathmandu", "adm4_pcode": null, "adm4_name": null, "name_latin": "Kathmandu Ringroad" }, "geometry": { "type": "MultiLineString", "coordinates": [ [ [ 85.3550703, 27.6952512 ], [ 85.3550619, 27.6952142 ], [ 85.3550138, 27.6951271 ], [ 85.3549272, 27.695031 ] ] ] } },
{ "type": "Feature", "properties": { "id": "way/169339097", "name": "बिजुलिबजार पुल", "name_en": "Bijulibazar bridge", "name_ne": "बिजुलिबजार पुल", "highway": "trunk", "surface": "asphalt", "smoothness": null, "width": "6", "lanes": "2", "oneway": "yes", "bridge": "yes", "layer": "2", "source": null, "adm0_pcode": "NPL", "adm0_name": "Nepal", "adm1_pcode": "NP03", "adm1_name": "Bagmati", "adm2_pcode": "NP0327", "adm2_name": "Kathmandu", "adm3_pcode": "NP0327101", "adm3_name": "Kathmandu", "adm4_pcode": null, "adm4_name": null, "name_latin": "Bijulibazar bridge" }, "geometry": { "type": "MultiLineString", "coordinates": [ [ [ 85.3281072, 27.6905215 ], [ 85.328605, 27.6902848 ] ] ] } },
{ "type": "Feature", "properties": { "id": "way/305847708", "name": "त्रिभुवन राजपथ", "name_en": "Tribhuvan Rajpath", "name_ne": "त्रिभुवन राजपथ", "highway": "trunk", "surface": null, "smoothness": null, "width": null, "lanes": null, "oneway": "yes", "bridge": null, "layer": null, "source": null, "adm0_pcode": "NPL", "adm0_name": "Nepal", "adm1_pcode": "NP03", "adm1_name": "Bagmati", "adm2_pcode": "NP0327", "adm2_name": "Kathmandu", "adm3_pcode": "NP0327308", "adm3_name": "Chandragiri", "adm4_pcode": null, "adm4_name": null, "name_latin": "Tribhuvan Rajpath" }, "geometry": { "type": "MultiLineString", "coordinates": [ [ [ 85.2062689, 27.7055758 ], [ 85.2058786, 27.7057553 ], [ 85.2056948, 27.705888 ], [ 85.2055929, 27.7060364 ], [ 85.2055539, 27.7061955 ], [ 85.2055513, 27.7063416 ], [ 85.2055267, 27.7065203 ], [ 85.2054949, 27.7066408 ], [ 85.2054628, 27.7068023 ], [ 85.2054216, 27.7069342 ], [ 85.2053672, 27.7071122 ], [ 85.2052901, 27.7072927 ] ] ] } },
{ "type": "Feature", "properties": { "id": "way/231404979", "name": "Kathmandu Ringroad", "name_en": null, "name_ne": "काठमाडाैँ चक्रपथ", "highway": "trunk", "surface": null, "smoothness": null, "width": "16", "lanes": "4", "oneway": null, "bridge": null, "layer": null, "source": null, "adm0_pcode": "NPL", "adm0_name": "Nepal", "adm1_pcode": "NP03", "adm1_name": "Bagmati", "adm2_pcode": "NP0327", "adm2_name": "Kathmandu", "adm3_pcode": "NP0327101", "adm3_name": "Kathmandu", "adm4_pcode": null, "adm4_name": null, "name_latin": "Kathmandu Ringroad" }, "geometry": { "type": "MultiLineString", "coordinates": [ [ [ 85.3074195, 27.735245 ], [ 85.3074646, 27.7352381 ], [ 85.3077631, 27.7351923 ], [ 85.3081016, 27.7351378 ] ] ] } },
{ "type": "Feature", "properties": { "id": "way/1292071069", "name": "त्रिभुवन राजपथ", "name_en": "Tribhuvan Rajpath", "name_ne": "त्रिभुवन राजपथ", "highway": "trunk", "surface": "paved", "smoothness": null, "width": null, "lanes": "2", "oneway": null, "bridge": null, "layer": null, "source": null, "adm0_pcode": "NPL", "adm0_name": "Nepal", "adm1_pcode": "NP03", "adm1_name": "Bagmati", "adm2_pcode": "NP0327", "adm2_name": "Kathmandu", "adm3_pcode": "NP0327308", "adm3_name": "Chandragiri", "adm4_pcode": null, "adm4_name": null, "name_latin": "Tribhuvan Rajpath" }, "geometry": { "type": "MultiLineString", "coordinates": [ [ [ 85.2062689, 27.7055758 ], [ 85.2066055, 27.7054024 ], [ 85.2067007, 27.7053324 ], [ 85.2067737, 27.7052587 ] ] ] } },
{ "type": "Feature", "properties": { "id": "way/1090820454", "name": "Kathmandu Ringroad", "name_en": null, "name_ne": "काठमाडाैँ चक्रपथ", "highway": "trunk", "surface": "paved", "smoothness": null, "width": "7", "lanes": "2", "oneway": "yes", "bridge": "yes", "layer": "1", "source": null, "adm0_pcode": "NPL", "adm0_name": "Nepal", "adm1_pcode": "NP03", "adm1_name": "Bagmati", "adm2_pcode": "NP0327", "adm2_name": "Kathmandu", "adm3_pcode": "NP0327101", "adm3_name": "Kathmandu", "adm4_pcode": null, "adm4_name": null, "name_latin": "Kathmandu Ringroad" }, "geometry": { "type": "MultiLineString", "coordinates": [ [ [ 85.2836085, 27.6901045 ], [ 85.2839756, 27.6895618 ] ] ] } },
{ "type": "Feature", "properties": { "id": "way/756183494", "name": "Kathmandu Ringroad", "name_en": null, "name_ne": "काठमाडाैँ चक्रपथ", "highway": "trunk", "surface": "paved", "smoothness": null, "width": "14", "lanes": "4", "oneway": "no", "bridge": null, "layer": null, "source": null, "adm0_pcode": "NPL", "adm0_name": "Nepal", "adm1_pcode": "NP03", "adm1_name": "Bagmati", "adm2_pcode": "NP0327", "adm2_name": "Kathmandu", "adm3_pcode": "NP0327305", "adm3_name": "Nagarjun", "adm4_pcode": null, "adm4_name": null, "name_latin": "Kathmandu Ringroad" }, "geometry": { "type": "MultiLineString", "coordinates": [ [ [ 85.2945753, 27.7233328 ], [ 85.2950713, 27.7235893 ] ] ] } },
{ "type": "Feature", "properties": { "id": "way/1420174916", "name": "त्रिभुवन राजपथ", "name_en": "Tribhuvan Rajpath", "name_ne": "त्रिभुवन राजपथ", "highway": "trunk", "surface": "paved", "smoothness": null, "width": null, "lanes": "2", "oneway": "yes", "bridge": null, "layer": null, "source": null, "adm0_pcode": "NPL", "adm0_name": "Nepal", "adm1_pcode": "NP03", "adm1_name": "Bagmati", "adm2_pcode": "NP0327", "adm2_name": "Kathmandu", "adm3_pcode": "NP0327308", "adm3_name": "Chandragiri", "adm4_pcode": null, "adm4_name": null, "name_latin": "Tribhuvan Rajpath" }, "geometry": { "type": "MultiLineString", "coordinates": [ [ [ 85.2056655, 27.7065565 ], [ 85.2057219, 27.7063361 ], [ 85.2057782, 27.7061041 ], [ 85.2058451, 27.7059296 ], [ 85.2059603, 27.7058032 ], [ 85.2062689, 27.7055758 ] ] ] } },
{ "type": "Feature", "properties": { "id": "way/225457470", "name": "Kathmandu Ringroad", "name_en": null, "name_ne": "काठमाडाैँ चक्रपथ", "highway": "trunk", "surface": "paved", "smoothness": null, "width": "7", "lanes": "2", "oneway": "yes", "bridge": "yes", "layer": "1", "source": null, "adm0_pcode": "NPL", "adm0_name": "Nepal", "adm1_pcode": "NP03", "adm1_name": "Bagmati", "adm2_pcode": "NP0327", "adm2_name": "Kathmandu", "adm3_pcode": "NP0327101", "adm3_name": "Kathmandu", "adm4_pcode": null, "adm4_name": null, "name_latin": "Kathmandu Ringroad" }, "geometry": { "type": "MultiLineString", "coordinates": [ [ [ 85.2839107, 27.6895252 ], [ 85.2835509, 27.6900667 ] ] ] } },
{ "type": "Feature", "properties": { "id": "way/189665508", "name": "Kathmandu Ringroad", "name_en": null, "name_ne": "काठमाडाैँ चक्रपथ", "highway": "trunk", "surface": null, "smoothness": null, "width": "9", "lanes": "2", "oneway": null, "bridge": "yes", "layer": "1", "source": null, "adm0_pcode": "NPL", "adm0_name": "Nepal", "adm1_pcode": "NP03", "adm1_name": "Bagmati", "adm2_pcode": "NP0327", "adm2_name": "Kathmandu", "adm3_pcode": "NP0327101", "adm3_name": "Kathmandu", "adm4_pcode": null, "adm4_name": null, "name_latin": "Kathmandu Ringroad" }, "geometry": { "type": "MultiLineString", "coordinates": [ [ [ 85.3069201, 27.7353215 ], [ 85.3074195, 27.735245 ] ] ] } },
{ "type": "Feature", "properties": { "id": "way/120032858", "name": "मदन भण्डारी पथ", "name_en": "Madan Bhandari Path", "name_ne": "मदन भण्डारी पथ", "highway": "trunk", "surface": "asphalt", "smoothness": null, "width": "9", "lanes": null, "oneway": "yes", "bridge": null, "layer": null, "source": null, "adm0_pcode": "NPL", "adm0_name": "Nepal", "adm1_pcode": "NP03", "adm1_name": "Bagmati", "adm2_pcode": "NP0327", "adm2_name": "Kathmandu", "adm3_pcode": "NP0327101", "adm3_name": "Kathmandu", "adm4_pcode": null, "adm4_name": null, "name_latin": "Madan Bhandari Path" }, "geometry": { "type": "MultiLineString", "coordinates": [ [ [ 85.3490582, 27.6835176 ], [ 85.3489812, 27.6836848 ], [ 85.348905, 27.6838331 ], [ 85.3487505, 27.6840847 ], [ 85.3485469, 27.6843401 ], [ 85.3483614, 27.6845471 ], [ 85.3481781, 27.6847296 ], [ 85.347972, 27.6849205 ], [ 85.3478111, 27.6850636 ], [ 85.3477165, 27.6851372 ], [ 85.3474985, 27.6852821 ], [ 85.3472827, 27.6854006 ] ] ] } },
{ "type": "Feature", "properties": { "id": "way/176147961", "name": "Kathmandu Ringroad", "name_en": null, "name_ne": "काठमाडाैँ चक्रपथ", "highway": "trunk", "surface": "paved", "smoothness": null, "width": "16", "lanes": "4", "oneway": "no", "bridge": null, "layer": null, "source": null, "adm0_pcode": "NPL", "adm0_name": "Nepal", "adm1_pcode": "NP03", "adm1_name": "Bagmati", "adm2_pcode": "NP0327", "adm2_name": "Kathmandu", "adm3_pcode": "NP0327101", "adm3_name": "Kathmandu", "adm4_pcode": null, "adm4_name": null, "name_latin": "Kathmandu Ringroad" }, "geometry": { "type": "MultiLineString", "coordinates": [ [ [ 85.3058928, 27.7352708 ], [ 85.3059505, 27.7353087 ], [ 85.3060175, 27.7353384 ], [ 85.3060859, 27.7353669 ], [ 85.3061423, 27.7353823 ], [ 85.3062147, 27.7353978 ], [ 85.3063112, 27.7354049 ], [ 85.3064531, 27.7354052 ], [ 85.3066458, 27.7353747 ], [ 85.3069201, 27.7353215 ] ] ] } },
{ "type": "Feature", "properties": { "id": "way/591355894", "name": "मदन भण्डारी पथ", "name_en": "Madan Bhandari Path", "name_ne": "मदन भण्डारी पथ", "highway": "trunk", "surface": "asphalt", "smoothness": null, "width": "9", "lanes": "2", "oneway": "yes", "bridge": null, "layer": null, "source": null, "adm0_pcode": "NPL", "adm0_name": "Nepal", "adm1_pcode": "NP03", "adm1_name": "Bagmati", "adm2_pcode": "NP0327", "adm2_name": "Kathmandu", "adm3_pcode": "NP0327101", "adm3_name": "Kathmandu", "adm4_pcode": null, "adm4_name": null, "name_latin": "Madan Bhandari Path" }, "geometry": { "type": "MultiLineString", "coordinates": [ [ [ 85.347147, 27.6856134 ], [ 85.3473483, 27.6854968 ], [ 85.3476253, 27.6853273 ], [ 85.3477184, 27.6852637 ], [ 85.3478238, 27.685177 ], [ 85.3483079, 27.6847513 ], [ 85.3484182, 27.6846475 ], [ 85.3485369, 27.6845218 ], [ 85.3487149, 27.684306 ], [ 85.3489987, 27.6839218 ], [ 85.3490501, 27.6838344 ], [ 85.349122, 27.6836967 ], [ 85.3491636, 27.6835946 ], [ 85.3493097, 27.6832217 ], [ 85.3493808, 27.6830044 ], [ 85.3494398, 27.6827629 ] ] ] } },
{ "type": "Feature", "properties": { "id": "way/224131948", "name": "Kathmandu Ringroad", "name_en": null, "name_ne": "काठमाडाैँ चक्रपथ", "highway": "trunk", "surface": "paved", "smoothness": null, "width": "9", "lanes": "2", "oneway": "no", "bridge": null, "layer": null, "source": null, "adm0_pcode": "NPL", "adm0_name": "Nepal", "adm1_pcode": "NP03", "adm1_name": "Bagmati", "adm2_pcode": "NP0327", "adm2_name": "Kathmandu", "adm3_pcode": "NP0327101", "adm3_name": "Kathmandu", "adm4_pcode": null, "adm4_name": null, "name_latin": "Kathmandu Ringroad" }, "geometry": { "type": "MultiLineString", "coordinates": [ [ [ 85.3505222, 27.6873064 ], [ 85.3500447, 27.6864899 ], [ 85.3499468, 27.6863099 ], [ 85.3498605, 27.6861433 ], [ 85.3497848, 27.6859894 ], [ 85.3497189, 27.6858472 ], [ 85.349662, 27.6857158 ], [ 85.3496132, 27.6855945 ], [ 85.3495715, 27.6854822 ], [ 85.3495362, 27.6853782 ], [ 85.3495064, 27.6852815 ], [ 85.3494812, 27.6851913 ], [ 85.3494598, 27.6851067 ], [ 85.3494412, 27.6850268 ], [ 85.3494109, 27.6848793 ], [ 85.3493889, 27.6847453 ], [ 85.3493732, 27.684621 ], [ 85.3493624, 27.6845024 ], [ 85.3493514, 27.6843267 ], [ 85.3493483, 27.6842668 ] ] ] } },
{ "type": "Feature", "properties": { "id": "way/229075024", "name": "Araniko Highway", "name_en": null, "name_ne": null, "highway": "trunk", "surface": "asphalt", "smoothness": null, "width": "9", "lanes": "2", "oneway": "yes", "bridge": null, "layer": null, "source": null, "adm0_pcode": "NPL", "adm0_name": "Nepal", "adm1_pcode": "NP03", "adm1_name": "Bagmati", "adm2_pcode": "NP0326", "adm2_name": "Bhaktapur", "adm3_pcode": "NP0326301", "adm3_name": "Madhyapur Thimi", "adm4_pcode": null, "adm4_name": null, "name_latin": "Araniko Highway" }, "geometry": { "type": "MultiLineString", "coordinates": [ [ [ 85.3642978, 27.6745787 ], [ 85.3645752, 27.6745584 ], [ 85.3648911, 27.6745352 ] ] ] } },
{ "type": "Feature", "properties": { "id": "way/224835842", "name": "Araniko Highway", "name_en": null, "name_ne": null, "highway": "trunk", "surface": "asphalt", "smoothness": null, "width": "8", "lanes": null, "oneway": "no", "bridge": null, "layer": null, "source": null, "adm0_pcode": "NPL", "adm0_name": "Nepal", "adm1_pcode": "NP03", "adm1_name": "Bagmati", "adm2_pcode": "NP0326", "adm2_name": "Bhaktapur", "adm3_pcode": "NP0326304", "adm3_name": "Suryabinayak", "adm4_pcode": null, "adm4_name": null, "name_latin": "Araniko Highway" }, "geometry": { "type": "MultiLineString", "coordinates": [ [ [ 85.4364784, 27.6664979 ], [ 85.4369646, 27.6664703 ], [ 85.437482, 27.6664663 ], [ 85.437595, 27.6664569 ], [ 85.4377551, 27.6664235 ], [ 85.4378749, 27.6663771 ], [ 85.4380411, 27.66631 ], [ 85.4384797, 27.6661284 ], [ 85.438668, 27.6660506 ], [ 85.4389755, 27.6659255 ], [ 85.4391877, 27.6658271 ], [ 85.4394058, 27.6657073 ], [ 85.4395627, 27.6656161 ], [ 85.439684, 27.6655357 ], [ 85.4399959, 27.6653211 ], [ 85.4401688, 27.6651986 ], [ 85.4403485, 27.6650713 ], [ 85.4404475, 27.6650012 ], [ 85.440631, 27.6648712 ], [ 85.4408157, 27.6647404 ], [ 85.4409651, 27.6646346 ], [ 85.4414249, 27.6643054 ], [ 85.4415365, 27.6642255 ], [ 85.4415384, 27.6642267 ], [ 85.441634, 27.6641566 ], [ 85.4417744, 27.6640537 ] ] ] } },
{ "type": "Feature", "properties": { "id": "way/1080177870", "name": "Araniko Highway", "name_en": null, "name_ne": null, "highway": "trunk", "surface": "paved", "smoothness": null, "width": "9", "lanes": "2", "oneway": "yes", "bridge": null, "layer": null, "source": null, "adm0_pcode": "NPL", "adm0_name": "Nepal", "adm1_pcode": "NP03", "adm1_name": "Bagmati", "adm2_pcode": "NP0326", "adm2_name": "Bhaktapur", "adm3_pcode": "NP0326301", "adm3_name": "Madhyapur Thimi", "adm4_pcode": null, "adm4_name": null, "name_latin": "Araniko Highway" }, "geometry": { "type": "MultiLineString", "coordinates": [ [ [ 85.3648854, 27.6744213 ], [ 85.36456, 27.6744352 ], [ 85.3642839, 27.674447 ] ] ] } },
{ "type": "Feature", "properties": { "id": "way/338949915", "name": "गणेशमान सिंह रोड", "name_en": "Ganeshman Singh Road", "name_ne": "गणेशमान सिंह रोड", "highway": "trunk", "surface": "paved", "smoothness": null, "width": "12", "lanes": "4", "oneway": null, "bridge": null, "layer": null, "source": null, "adm0_pcode": "NPL", "adm0_name": "Nepal", "adm1_pcode": "NP03", "adm1_name": "Bagmati", "adm2_pcode": "NP0327", "adm2_name": "Kathmandu", "adm3_pcode": "NP0327101", "adm3_name": "Kathmandu", "adm4_pcode": null, "adm4_name": null, "name_latin": "Ganeshman Singh Road" }, "geometry": { "type": "MultiLineString", "coordinates": [ [ [ 85.2940637, 27.696767 ], [ 85.2944202, 27.6969171 ], [ 85.2959394, 27.6973696 ], [ 85.296317, 27.6974983 ], [ 85.2966081, 27.6975766 ], [ 85.2971776, 27.6977538 ], [ 85.2973342, 27.697803 ], [ 85.2975467, 27.6978719 ], [ 85.2976411, 27.697901 ], [ 85.2978536, 27.697976 ], [ 85.2980636, 27.6980432 ], [ 85.2982506, 27.6981084 ], [ 85.2984528, 27.6981809 ], [ 85.299297, 27.698408 ], [ 85.2993969, 27.6984369 ], [ 85.29948, 27.6984567 ], [ 85.2996154, 27.6984868 ] ] ] } },
{ "type": "Feature", "properties": { "id": "way/215508154", "name": "मदन भण्डारी पथ", "name_en": "Madan Bhandari Path", "name_ne": "मदन भण्डारी पथ", "highway": "trunk", "surface": "asphalt", "smoothness": null, "width": "9", "lanes": "2", "oneway": "yes", "bridge": null, "layer": null, "source": null, "adm0_pcode": "NPL", "adm0_name": "Nepal", "adm1_pcode": "NP03", "adm1_name": "Bagmati", "adm2_pcode": "NP0327", "adm2_name": "Kathmandu", "adm3_pcode": "NP0327101", "adm3_name": "Kathmandu", "adm4_pcode": null, "adm4_name": null, "name_latin": "Madan Bhandari Path" }, "geometry": { "type": "MultiLineString", "coordinates": [ [ [ 85.3466389, 27.6858777 ], [ 85.3470287, 27.6856746 ], [ 85.347147, 27.6856134 ] ] ] } },
{ "type": "Feature", "properties": { "id": "way/1090820450", "name": "Kathmandu Ringroad", "name_en": null, "name_ne": "काठमाडाैँ चक्रपथ", "highway": "trunk", "surface": "paved", "smoothness": null, "width": "12", "lanes": "2", "oneway": "yes", "bridge": null, "layer": null, "source": null, "adm0_pcode": "NPL", "adm0_name": "Nepal", "adm1_pcode": "NP03", "adm1_name": "Bagmati", "adm2_pcode": "NP0327", "adm2_name": "Kathmandu", "adm3_pcode": "NP0327305", "adm3_name": "Nagarjun", "adm4_pcode": null, "adm4_name": null, "name_latin": "Kathmandu Ringroad" }, "geometry": { "type": "MultiLineString", "coordinates": [ [ [ 85.2814759, 27.6980213 ], [ 85.2815094, 27.6973005 ], [ 85.2815169, 27.6969248 ], [ 85.2815518, 27.6963212 ], [ 85.2815751, 27.6958649 ], [ 85.2815974, 27.6950862 ], [ 85.2816468, 27.69424 ] ] ] } },
{ "type": "Feature", "properties": { "id": "way/170533898", "name": "मदन भण्डारी पथ", "name_en": "Madan Bhandari Path", "name_ne": "मदन भण्डारी पथ", "highway": "trunk", "surface": "asphalt", "smoothness": null, "width": "9", "lanes": "2", "oneway": "yes", "bridge": null, "layer": null, "source": null, "adm0_pcode": "NPL", "adm0_name": "Nepal", "adm1_pcode": "NP03", "adm1_name": "Bagmati", "adm2_pcode": "NP0327", "adm2_name": "Kathmandu", "adm3_pcode": "NP0327101", "adm3_name": "Kathmandu", "adm4_pcode": null, "adm4_name": null, "name_latin": "Madan Bhandari Path" }, "geometry": { "type": "MultiLineString", "coordinates": [ [ [ 85.3469679, 27.6855788 ], [ 85.3466991, 27.6857119 ], [ 85.3465685, 27.685766 ], [ 85.3463975, 27.6858304 ], [ 85.3462715, 27.6858721 ], [ 85.3461763, 27.6858983 ], [ 85.3458726, 27.6859577 ], [ 85.3458056, 27.6859708 ], [ 85.3456401, 27.6860032 ] ] ] } },
{ "type": "Feature", "properties": { "id": "way/194607860", "name": "Araniko Highway", "name_en": null, "name_ne": null, "highway": "trunk", "surface": "asphalt", "smoothness": null, "width": "12", "lanes": "2", "oneway": "yes", "bridge": null, "layer": null, "source": null, "adm0_pcode": "NPL", "adm0_name": "Nepal", "adm1_pcode": "NP03", "adm1_name": "Bagmati", "adm2_pcode": "NP0326", "adm2_name": "Bhaktapur", "adm3_pcode": "NP0326303", "adm3_name": "Bhaktapur", "adm4_pcode": null, "adm4_name": null, "name_latin": "Araniko Highway" }, "geometry": { "type": "MultiLineString", "coordinates": [ [ [ 85.4078085, 27.672013 ], [ 85.4082011, 27.6718753 ], [ 85.4083832, 27.6718004 ], [ 85.4084534, 27.6717594 ], [ 85.4086038, 27.671671 ], [ 85.4087435, 27.6715742 ], [ 85.4089882, 27.6713911 ], [ 85.4092615, 27.67118 ], [ 85.4094131, 27.6710434 ], [ 85.4096588, 27.6708202 ], [ 85.4098457, 27.670651 ], [ 85.4099252, 27.6705795 ], [ 85.410197, 27.670389 ], [ 85.4104543, 27.6702302 ], [ 85.4105888, 27.6701538 ], [ 85.4106472, 27.6701206 ], [ 85.4108279, 27.6700277 ], [ 85.4110807, 27.6699105 ] ] ] } },
{ "type": "Feature", "properties": { "id": "way/232099513", "name": "Araniko Highway", "name_en": null, "name_ne": null, "highway": "trunk", "surface": "asphalt", "smoothness": null, "width": "9", "lanes": "2", "oneway": "yes", "bridge": null, "layer": null, "source": null, "adm0_pcode": "NPL", "adm0_name": "Nepal", "adm1_pcode": "NP03", "adm1_name": "Bagmati", "adm2_pcode": "NP0326", "adm2_name": "Bhaktapur", "adm3_pcode": "NP0326303", "adm3_name": "Bhaktapur", "adm4_pcode": null, "adm4_name": null, "name_latin": "Araniko Highway" }, "geometry": { "type": "MultiLineString", "coordinates": [ [ [ 85.4094228, 27.670897 ], [ 85.4091452, 27.6711362 ], [ 85.4089765, 27.6712858 ], [ 85.4088096, 27.6714211 ], [ 85.4086615, 27.6715218 ], [ 85.4085431, 27.671593 ], [ 85.4083933, 27.6716758 ] ] ] } },
{ "type": "Feature", "properties": { "id": "way/193289325", "name": "Kathmandu Ringroad", "name_en": null, "name_ne": "काठमाडाैँ चक्रपथ", "highway": "trunk", "surface": "paved", "smoothness": null, "width": "9", "lanes": "4", "oneway": "yes", "bridge": null, "layer": null, "source": null, "adm0_pcode": "NPL", "adm0_name": "Nepal", "adm1_pcode": "NP03", "adm1_name": "Bagmati", "adm2_pcode": "NP0327", "adm2_name": "Kathmandu", "adm3_pcode": "NP0327101", "adm3_name": "Kathmandu", "adm4_pcode": null, "adm4_name": null, "name_latin": "Kathmandu Ringroad" }, "geometry": { "type": "MultiLineString", "coordinates": [ [ [ 85.349122, 27.6836967 ], [ 85.3491883, 27.683801 ], [ 85.3492454, 27.6838748 ], [ 85.3492953, 27.6839762 ], [ 85.34932, 27.6840689 ], [ 85.3493483, 27.6842668 ] ] ] } },
{ "type": "Feature", "properties": { "id": "way/670315380", "name": "Kathmandu Ringroad", "name_en": null, "name_ne": "काठमाडाैँ चक्रपथ", "highway": "trunk", "surface": "paved", "smoothness": null, "width": "4", "lanes": "2", "oneway": "yes", "bridge": null, "layer": null, "source": null, "adm0_pcode": "NPL", "adm0_name": "Nepal", "adm1_pcode": "NP03", "adm1_name": "Bagmati", "adm2_pcode": "NP0327", "adm2_name": "Kathmandu", "adm3_pcode": "NP0327101", "adm3_name": "Kathmandu", "adm4_pcode": null, "adm4_name": null, "name_latin": "Kathmandu Ringroad" }, "geometry": { "type": "MultiLineString", "coordinates": [ [ [ 85.3493483, 27.6842668 ], [ 85.3494055, 27.6834619 ], [ 85.3494089, 27.6834077 ], [ 85.3494398, 27.6827629 ] ] ] } },
{ "type": "Feature", "properties": { "id": "way/175587327", "name": "Kathmandu Ringroad", "name_en": null, "name_ne": "काठमाडाैँ चक्रपथ", "highway": "trunk", "surface": "paved", "smoothness": null, "width": "7", "lanes": "2", "oneway": "yes", "bridge": null, "layer": null, "source": null, "adm0_pcode": "NPL", "adm0_name": "Nepal", "adm1_pcode": "NP03", "adm1_name": "Bagmati", "adm2_pcode": "NP0327", "adm2_name": "Kathmandu", "adm3_pcode": "NP0327101", "adm3_name": "Kathmandu", "adm4_pcode": null, "adm4_name": null, "name_latin": "Kathmandu Ringroad" }, "geometry": { "type": "MultiLineString", "coordinates": [ [ [ 85.2841203, 27.689237 ], [ 85.2840459, 27.6893267 ], [ 85.2840234, 27.689362 ], [ 85.2839107, 27.6895252 ] ] ] } },
{ "type": "Feature", "properties": { "id": "way/1090820457", "name": "Kathmandu Ringroad", "name_en": null, "name_ne": "काठमाडाैँ चक्रपथ", "highway": "trunk", "surface": "paved", "smoothness": null, "width": "7", "lanes": "4", "oneway": "yes", "bridge": null, "layer": null, "source": null, "adm0_pcode": "NPL", "adm0_name": "Nepal", "adm1_pcode": "NP03", "adm1_name": "Bagmati", "adm2_pcode": "NP0327", "adm2_name": "Kathmandu", "adm3_pcode": "NP0327101", "adm3_name": "Kathmandu", "adm4_pcode": null, "adm4_name": null, "name_latin": "Kathmandu Ringroad" }, "geometry": { "type": "MultiLineString", "coordinates": [ [ [ 85.2839756, 27.6895618 ], [ 85.2840793, 27.6894041 ] ] ] } },
{ "type": "Feature", "properties": { "id": "way/183827067", "name": null, "name_en": null, "name_ne": null, "highway": "trunk_link", "surface": null, "smoothness": null, "width": "6", "lanes": null, "oneway": "yes", "bridge": null, "layer": null, "source": null, "adm0_pcode": "NPL", "adm0_name": "Nepal", "adm1_pcode": "NP03", "adm1_name": "Bagmati", "adm2_pcode": "NP0326", "adm2_name": "Bhaktapur", "adm3_pcode": "NP0326303", "adm3_name": "Bhaktapur", "adm4_pcode": null, "adm4_name": null, "name_latin": null }, "geometry": { "type": "MultiLineString", "coordinates": [ [ [ 85.4088623, 27.6725275 ], [ 85.40886, 27.6723222 ], [ 85.4088579, 27.672175 ], [ 85.4088638, 27.6720207 ], [ 85.4088822, 27.6719052 ], [ 85.4089077, 27.6718101 ], [ 85.4089697, 27.6715951 ], [ 85.4089938, 27.6714945 ], [ 85.4090566, 27.6713868 ], [ 85.4091519, 27.6712917 ], [ 85.4092615, 27.67118 ] ] ] } },
{ "type": "Feature", "properties": { "id": "way/231786214", "name": "Kathmandu Ringroad", "name_en": null, "name_ne": "काठमाडाैँ चक्रपथ", "highway": "trunk", "surface": "paved", "smoothness": null, "width": "14", "lanes": "4", "oneway": "no", "bridge": null, "layer": null, "source": null, "adm0_pcode": "NPL", "adm0_name": "Nepal", "adm1_pcode": "NP03", "adm1_name": "Bagmati", "adm2_pcode": "NP0327", "adm2_name": "Kathmandu", "adm3_pcode": "NP0327101", "adm3_name": "Kathmandu", "adm4_pcode": null, "adm4_name": null, "name_latin": "Kathmandu Ringroad" }, "geometry": { "type": "MultiLineString", "coordinates": [ [ [ 85.3437482, 27.7076096 ], [ 85.3439455, 27.7074702 ], [ 85.3442788, 27.7071989 ], [ 85.3444733, 27.7070517 ], [ 85.3447029, 27.706897 ], [ 85.3448065, 27.7068196 ], [ 85.3450531, 27.7066254 ], [ 85.345181, 27.7065173 ], [ 85.3455696, 27.7061986 ], [ 85.3457409, 27.7060874 ], [ 85.3458659, 27.7060159 ], [ 85.3460034, 27.7059446 ], [ 85.346133, 27.7058865 ], [ 85.3462779, 27.7058358 ], [ 85.3463796, 27.7058161 ], [ 85.3465538, 27.70578 ], [ 85.346716, 27.7057645 ], [ 85.3468248, 27.7057615 ], [ 85.3469027, 27.7057594 ], [ 85.3470247, 27.7057542 ], [ 85.347173, 27.7057634 ], [ 85.3472993, 27.7057711 ], [ 85.3475555, 27.7058051 ], [ 85.3478595, 27.7058538 ], [ 85.3481248, 27.7058959 ], [ 85.348729, 27.7059846 ], [ 85.3488756, 27.7060097 ] ] ] } },
{ "type": "Feature", "properties": { "id": "way/4840304", "name": "Kathmandu Ringroad", "name_en": null, "name_ne": "काठमाडाैँ चक्रपथ", "highway": "trunk", "surface": "paved", "smoothness": null, "width": "16", "lanes": "4", "oneway": "no", "bridge": null, "layer": null, "source": null, "adm0_pcode": "NPL", "adm0_name": "Nepal", "adm1_pcode": "NP03", "adm1_name": "Bagmati", "adm2_pcode": "NP0327", "adm2_name": "Kathmandu", "adm3_pcode": "NP0327101", "adm3_name": "Kathmandu", "adm4_pcode": null, "adm4_name": null, "name_latin": "Kathmandu Ringroad" }, "geometry": { "type": "MultiLineString", "coordinates": [ [ [ 85.3081016, 27.7351378 ], [ 85.3082719, 27.7351093 ], [ 85.3092322, 27.7349403 ], [ 85.3094608, 27.734909 ], [ 85.3097038, 27.7348771 ], [ 85.3100033, 27.7348517 ], [ 85.3102393, 27.7348232 ], [ 85.3105508, 27.7347962 ], [ 85.3108771, 27.7347829 ], [ 85.3110888, 27.7347752 ], [ 85.3114199, 27.7347844 ], [ 85.3118396, 27.7347963 ], [ 85.3122648, 27.7348168 ], [ 85.3127311, 27.7348406 ], [ 85.3137884, 27.7348986 ], [ 85.3142055, 27.7349285 ], [ 85.3144905, 27.7349302 ] ] ] } },
{ "type": "Feature", "properties": { "id": "way/183110577", "name": "Madan Bhandari Path", "name_en": null, "name_ne": "मदन भण्डारी पथ", "highway": "trunk", "surface": "asphalt", "smoothness": null, "width": "6", "lanes": "2", "oneway": "yes", "bridge": null, "layer": null, "source": null, "adm0_pcode": "NPL", "adm0_name": "Nepal", "adm1_pcode": "NP03", "adm1_name": "Bagmati", "adm2_pcode": "NP0327", "adm2_name": "Kathmandu", "adm3_pcode": "NP0327101", "adm3_name": "Kathmandu", "adm4_pcode": null, "adm4_name": null, "name_latin": "Madan Bhandari Path" }, "geometry": { "type": "MultiLineString", "coordinates": [ [ [ 85.3313447, 27.6891678 ], [ 85.3310196, 27.6892385 ], [ 85.3307858, 27.689302 ], [ 85.3302782, 27.6894516 ], [ 85.3300178, 27.6895445 ], [ 85.32979, 27.6896421 ], [ 85.3293353, 27.689853 ], [ 85.3289881, 27.6900069 ], [ 85.3289071, 27.6900571 ], [ 85.328572, 27.6902202 ] ] ] } },
{ "type": "Feature", "properties": { "id": "way/169339098", "name": "मदन भण्डारी पथ", "name_en": "Madan Bhandari Path", "name_ne": "मदन भण्डारी पथ", "highway": "trunk", "surface": "asphalt", "smoothness": null, "width": "6", "lanes": "2", "oneway": "yes", "bridge": null, "layer": null, "source": null, "adm0_pcode": "NPL", "adm0_name": "Nepal", "adm1_pcode": "NP03", "adm1_name": "Bagmati", "adm2_pcode": "NP0327", "adm2_name": "Kathmandu", "adm3_pcode": "NP0327101", "adm3_name": "Kathmandu", "adm4_pcode": null, "adm4_name": null, "name_latin": "Madan Bhandari Path" }, "geometry": { "type": "MultiLineString", "coordinates": [ [ [ 85.328605, 27.6902848 ], [ 85.3289438, 27.6901147 ], [ 85.3290277, 27.6900687 ], [ 85.3293662, 27.6899092 ], [ 85.3298192, 27.6897013 ], [ 85.3300529, 27.6895992 ], [ 85.3302754, 27.6895205 ], [ 85.3305103, 27.6894482 ], [ 85.3308476, 27.6893548 ], [ 85.3310108, 27.6893128 ], [ 85.3313563, 27.6892256 ], [ 85.3320663, 27.689064 ] ] ] } }
]
}
